# Blender 5.1.2
# www.blender.org
mtllib Slime.mtl
o Cube
v 1.127352 0.391357 -0.952960
v 1.382057 -0.907116 -0.858881
v 1.127352 0.391357 1.047040
v 1.382057 -0.907116 1.141120
v -0.872648 0.391357 -0.952960
v -0.617943 -0.907116 -0.858881
v -0.872648 0.391357 1.047040
v -0.617943 -0.907116 1.141120
v -0.632149 -0.917685 -0.824636
v -0.646842 -0.928616 -0.786817
v -0.662409 -0.940197 -0.743629
v -0.679234 -0.952715 -0.693276
v -0.696693 -0.965704 -0.636642
v -0.713708 -0.978363 -0.576123
v -0.729985 -0.990473 -0.512191
v -0.745232 -1.001817 -0.445319
v -0.759184 -1.012197 -0.375956
v -0.771687 -1.021498 -0.304450
v -0.782613 -1.029627 -0.231127
v -0.791837 -1.036489 -0.156308
v -0.799231 -1.041991 -0.080320
v -0.804669 -1.046037 -0.003485
v -0.808025 -1.048533 0.073872
v -0.809171 -1.049387 0.151428
v -0.808025 -1.048533 0.228859
v -0.804669 -1.046037 0.305854
v -0.799231 -1.041991 0.382103
v -0.791837 -1.036490 0.457295
v -0.782613 -1.029628 0.531119
v -0.771687 -1.021498 0.603264
v -0.759184 -1.012197 0.673422
v -0.745232 -1.001817 0.741281
v -0.729985 -0.990473 0.806509
v -0.713708 -0.978363 0.868686
v -0.696693 -0.965705 0.927371
v -0.679234 -0.952715 0.982123
v -0.662409 -0.940197 1.030661
v -0.646843 -0.928616 1.072171
v -0.632149 -0.917685 1.108406
v 1.350652 -0.917685 -0.874394
v 1.315769 -0.928616 -0.890440
v 1.275691 -0.940197 -0.907439
v 1.228701 -0.952715 -0.925812
v 1.175556 -0.965704 -0.944878
v 1.118437 -0.978363 -0.963459
v 1.057758 -0.990473 -0.981234
v 0.993933 -1.001817 -0.997885
v 0.927359 -1.012197 -1.013121
v 0.858351 -1.021499 -1.026774
v 0.787211 -1.029627 -1.038706
v 0.714236 -1.036489 -1.048778
v 0.639725 -1.041991 -1.056853
v 0.563977 -1.046037 -1.062792
v 0.487291 -1.048533 -1.066456
v 0.409965 -1.049387 -1.067708
v 0.332304 -1.048533 -1.066456
v 0.254638 -1.046037 -1.062791
v 0.177302 -1.041991 -1.056853
v 0.100633 -1.036490 -1.048778
v 0.024966 -1.029628 -1.038706
v -0.049363 -1.021498 -1.026774
v -0.122020 -1.012197 -1.013121
v -0.192667 -1.001817 -0.997885
v -0.260941 -0.990473 -0.981234
v -0.326372 -0.978363 -0.963459
v -0.388457 -0.965704 -0.944878
v -0.446697 -0.952715 -0.925812
v -0.498599 -0.940197 -0.907439
v -0.543220 -0.928616 -0.890440
v -0.582391 -0.917685 -0.874394
v 1.147896 0.369621 -0.967665
v 1.169449 0.345582 -0.982761
v 1.192680 0.318087 -0.998606
v 1.218257 0.285985 -1.015561
v 1.245357 0.249828 -1.032948
v 1.272445 0.211132 -1.049642
v 1.299128 0.170194 -1.065329
v 1.325012 0.127313 -1.079695
v 1.349738 0.082768 -1.092455
v 1.373085 0.036781 -1.103450
v 1.394869 -0.010441 -1.112550
v 1.414904 -0.058693 -1.119623
v 1.433004 -0.107768 -1.124541
v 1.448984 -0.157462 -1.127172
v 1.462658 -0.207568 -1.127387
v 1.473841 -0.257879 -1.125056
v 1.482396 -0.308191 -1.120097
v 1.488379 -0.358296 -1.112621
v 1.491894 -0.407990 -1.102789
v 1.493048 -0.457066 -1.090760
v 1.491943 -0.505318 -1.076694
v 1.488685 -0.552540 -1.060752
v 1.483379 -0.598526 -1.043093
v 1.476128 -0.643071 -1.023877
v 1.467068 -0.685953 -1.003298
v 1.456445 -0.726891 -0.981679
v 1.444538 -0.765586 -0.959377
v 1.431623 -0.801744 -0.936751
v 1.418640 -0.833846 -0.915144
v 1.406195 -0.861341 -0.895314
v 1.394073 -0.885380 -0.876735
v -0.638486 -0.885380 1.155824
v -0.660039 -0.861341 1.170920
v -0.683270 -0.833846 1.186766
v -0.708848 -0.801744 1.203721
v -0.735947 -0.765586 1.221108
v -0.763036 -0.726891 1.237802
v -0.789719 -0.685953 1.253489
v -0.815603 -0.643071 1.267854
v -0.840329 -0.598526 1.280615
v -0.863676 -0.552540 1.291610
v -0.885460 -0.505318 1.300709
v -0.905495 -0.457066 1.307782
v -0.923594 -0.407990 1.312700
v -0.939574 -0.358296 1.315331
v -0.953248 -0.308191 1.315547
v -0.964431 -0.257879 1.313216
v -0.972986 -0.207568 1.308256
v -0.978969 -0.157462 1.300780
v -0.982485 -0.107768 1.290948
v -0.983638 -0.058693 1.278919
v -0.982534 -0.010441 1.264853
v -0.979276 0.036781 1.248911
v -0.973969 0.082768 1.231252
v -0.966719 0.127313 1.212036
v -0.957658 0.170194 1.191457
v -0.947035 0.211132 1.169838
v -0.935128 0.249828 1.147537
v -0.922214 0.285985 1.124910
v -0.909230 0.318087 1.103303
v -0.896786 0.345582 1.083473
v -0.884664 0.369621 1.064894
v 1.147896 0.369621 1.064894
v 1.169449 0.345582 1.083473
v 1.192680 0.318087 1.103303
v 1.218257 0.285985 1.124910
v 1.245357 0.249828 1.147537
v 1.272445 0.211132 1.169838
v 1.299128 0.170194 1.191457
v 1.325012 0.127313 1.212037
v 1.349738 0.082768 1.231252
v 1.373086 0.036781 1.248911
v 1.394869 -0.010441 1.264853
v 1.414904 -0.058693 1.278919
v 1.433004 -0.107768 1.290948
v 1.448984 -0.157462 1.300780
v 1.462658 -0.207568 1.308256
v 1.473841 -0.257879 1.313215
v 1.482396 -0.308191 1.315547
v 1.488379 -0.358296 1.315331
v 1.491894 -0.407990 1.312700
v 1.493048 -0.457066 1.307783
v 1.491943 -0.505318 1.300709
v 1.488685 -0.552540 1.291610
v 1.483379 -0.598526 1.280615
v 1.476128 -0.643071 1.267854
v 1.467067 -0.685953 1.253489
v 1.456445 -0.726891 1.237802
v 1.444538 -0.765586 1.221108
v 1.431623 -0.801744 1.203720
v 1.418640 -0.833846 1.186766
v 1.406195 -0.861341 1.170920
v 1.394073 -0.885380 1.155824
v -0.884664 0.369621 -0.967665
v -0.896786 0.345582 -0.982761
v -0.909230 0.318087 -0.998606
v -0.922214 0.285985 -1.015561
v -0.935128 0.249828 -1.032948
v -0.947035 0.211132 -1.049642
v -0.957658 0.170194 -1.065329
v -0.966719 0.127313 -1.079695
v -0.973969 0.082768 -1.092455
v -0.979276 0.036781 -1.103450
v -0.982534 -0.010441 -1.112550
v -0.983638 -0.058693 -1.119623
v -0.982485 -0.107768 -1.124541
v -0.978969 -0.157462 -1.127172
v -0.972986 -0.207568 -1.127388
v -0.964431 -0.257879 -1.125056
v -0.953248 -0.308191 -1.120097
v -0.939574 -0.358296 -1.112621
v -0.923594 -0.407990 -1.102789
v -0.905495 -0.457066 -1.090760
v -0.885460 -0.505318 -1.076694
v -0.863676 -0.552540 -1.060752
v -0.840329 -0.598526 -1.043093
v -0.815603 -0.643071 -1.023877
v -0.789719 -0.685953 -1.003298
v -0.763036 -0.726891 -0.981679
v -0.735947 -0.765586 -0.959377
v -0.708848 -0.801744 -0.936751
v -0.683270 -0.833846 -0.915144
v -0.660039 -0.861341 -0.895314
v -0.638486 -0.885380 -0.876735
v 1.091800 0.401926 1.062554
v 1.052629 0.412858 1.078599
v 1.008008 0.424439 1.095598
v 0.956107 0.436957 1.113972
v 0.897866 0.449946 1.133037
v 0.835781 0.462604 1.151618
v 0.770351 0.474714 1.169393
v 0.702076 0.486058 1.186044
v 0.631429 0.496438 1.201280
v 0.558773 0.505740 1.214933
v 0.484443 0.513869 1.226865
v 0.408776 0.520731 1.236938
v 0.332107 0.526232 1.245012
v 0.254772 0.530278 1.250951
v 0.177106 0.532775 1.254615
v 0.099445 0.533628 1.255868
v 0.022119 0.532775 1.254615
v -0.054568 0.530278 1.250951
v -0.130316 0.526232 1.245012
v -0.204827 0.520731 1.236937
v -0.277802 0.513869 1.226865
v -0.348942 0.505740 1.214933
v -0.417949 0.496438 1.201280
v -0.484524 0.486058 1.186044
v -0.548348 0.474715 1.169393
v -0.609028 0.462604 1.151618
v -0.666147 0.449946 1.133037
v -0.719292 0.436956 1.113971
v -0.766282 0.424439 1.095598
v -0.806359 0.412858 1.078599
v -0.841242 0.401926 1.062554
v 1.141559 0.401926 -0.920247
v 1.156252 0.412858 -0.884012
v 1.171818 0.424439 -0.842502
v 1.188643 0.436957 -0.793963
v 1.206102 0.449946 -0.739212
v 1.223117 0.462604 -0.680527
v 1.239394 0.474715 -0.618349
v 1.254642 0.486058 -0.553122
v 1.268594 0.496438 -0.485263
v 1.281096 0.505740 -0.415105
v 1.292022 0.513869 -0.342959
v 1.301246 0.520731 -0.269135
v 1.308640 0.526232 -0.193944
v 1.314078 0.530278 -0.117695
v 1.317434 0.532775 -0.040700
v 1.318581 0.533628 0.036732
v 1.317434 0.532775 0.114287
v 1.314078 0.530278 0.191644
v 1.308640 0.526232 0.268479
v 1.301246 0.520731 0.344468
v 1.292022 0.513869 0.419286
v 1.281096 0.505740 0.492610
v 1.268594 0.496438 0.564115
v 1.254642 0.486058 0.633478
v 1.239394 0.474715 0.700350
v 1.223117 0.462604 0.764282
v 1.206102 0.449946 0.824801
v 1.188643 0.436956 0.881435
v 1.171818 0.424439 0.931788
v 1.156252 0.412858 0.974976
v 1.141559 0.401926 1.012795
v -0.582391 -0.917685 1.158165
v -0.543220 -0.928616 1.175794
v -0.498599 -0.940197 1.194471
v -0.446697 -0.952715 1.214659
v -0.388457 -0.965704 1.235607
v -0.326372 -0.978363 1.256022
v -0.260941 -0.990473 1.275552
v -0.192667 -1.001817 1.293847
v -0.122020 -1.012197 1.310587
v -0.049363 -1.021498 1.325588
v 0.024966 -1.029628 1.338697
v 0.100633 -1.036489 1.349764
v 0.177302 -1.041991 1.358636
v 0.254638 -1.046037 1.365161
v 0.332304 -1.048533 1.369187
v 0.409965 -1.049387 1.370563
v 0.487291 -1.048533 1.369187
v 0.563977 -1.046037 1.365161
v 0.639725 -1.041991 1.358636
v 0.714236 -1.036490 1.349764
v 0.787211 -1.029628 1.338697
v 0.858352 -1.021498 1.325588
v 0.927359 -1.012197 1.310587
v 0.993933 -1.001817 1.293847
v 1.057758 -0.990473 1.275552
v 1.118437 -0.978363 1.256022
v 1.175556 -0.965704 1.235607
v 1.228701 -0.952715 1.214659
v 1.275691 -0.940197 1.194471
v 1.315769 -0.928616 1.175794
v 1.350652 -0.917685 1.158165
v -0.891001 0.401926 1.012795
v -0.909982 0.412858 0.974976
v -0.930092 0.424439 0.931788
v -0.951828 0.436956 0.881435
v -0.974383 0.449946 0.824801
v -0.996364 0.462604 0.764282
v -1.017392 0.474715 0.700350
v -1.037090 0.486058 0.633478
v -1.055114 0.496438 0.564115
v -1.071265 0.505740 0.492610
v -1.085381 0.513869 0.419286
v -1.097296 0.520731 0.344468
v -1.106849 0.526232 0.268479
v -1.113874 0.530278 0.191644
v -1.118210 0.532775 0.114287
v -1.119691 0.533628 0.036732
v -1.118210 0.532775 -0.040700
v -1.113874 0.530278 -0.117695
v -1.106849 0.526232 -0.193944
v -1.097296 0.520731 -0.269135
v -1.085381 0.513869 -0.342959
v -1.071265 0.505740 -0.415105
v -1.055114 0.496438 -0.485263
v -1.037090 0.486058 -0.553122
v -1.017392 0.474715 -0.618349
v -0.996364 0.462604 -0.680527
v -0.974383 0.449946 -0.739212
v -0.951828 0.436957 -0.793963
v -0.930092 0.424439 -0.842502
v -0.909982 0.412858 -0.884012
v -0.891001 0.401926 -0.920247
v -0.841242 0.401926 -0.970006
v -0.806359 0.412858 -0.987635
v -0.766282 0.424439 -1.006312
v -0.719291 0.436956 -1.026499
v -0.666147 0.449946 -1.047448
v -0.609028 0.462604 -1.067863
v -0.548348 0.474715 -1.087393
v -0.484524 0.486058 -1.105687
v -0.417949 0.496438 -1.122427
v -0.348942 0.505740 -1.137429
v -0.277802 0.513869 -1.150538
v -0.204827 0.520731 -1.161605
v -0.130316 0.526232 -1.170477
v -0.054568 0.530278 -1.177002
v 0.022119 0.532775 -1.181028
v 0.099445 0.533628 -1.182404
v 0.177106 0.532775 -1.181028
v 0.254772 0.530278 -1.177002
v 0.332107 0.526232 -1.170477
v 0.408776 0.520731 -1.161605
v 0.484443 0.513869 -1.150538
v 0.558773 0.505740 -1.137428
v 0.631429 0.496438 -1.122427
v 0.702076 0.486058 -1.105687
v 0.770351 0.474715 -1.087393
v 0.835781 0.462604 -1.067863
v 0.897866 0.449946 -1.047448
v 0.956107 0.436957 -1.026500
v 1.008008 0.424439 -1.006312
v 1.052629 0.412858 -0.987635
v 1.091800 0.401926 -0.970006
v 1.400410 -0.917685 1.108407
v 1.419392 -0.928616 1.072171
v 1.439501 -0.940197 1.030661
v 1.461237 -0.952715 0.982122
v 1.483792 -0.965704 0.927371
v 1.505773 -0.978363 0.868686
v 1.526801 -0.990473 0.806509
v 1.546499 -1.001817 0.741281
v 1.564523 -1.012197 0.673422
v 1.580675 -1.021498 0.603264
v 1.594790 -1.029628 0.531118
v 1.606706 -1.036489 0.457295
v 1.616258 -1.041991 0.382103
v 1.623284 -1.046037 0.305854
v 1.627619 -1.048533 0.228859
v 1.629101 -1.049387 0.151428
v 1.627619 -1.048533 0.073872
v 1.623284 -1.046037 -0.003485
v 1.616258 -1.041991 -0.080320
v 1.606706 -1.036490 -0.156308
v 1.594790 -1.029628 -0.231127
v 1.580675 -1.021498 -0.304450
v 1.564523 -1.012197 -0.375956
v 1.546499 -1.001817 -0.445319
v 1.526801 -0.990473 -0.512191
v 1.505773 -0.978363 -0.576123
v 1.483792 -0.965704 -0.636642
v 1.461237 -0.952715 -0.693276
v 1.439501 -0.940197 -0.743629
v 1.419392 -0.928616 -0.786817
v 1.400410 -0.917685 -0.824636
v 1.100827 0.418074 -0.933612
v 1.057147 0.433742 -0.947777
v 1.007979 0.449223 -0.963999
v 0.952695 0.464601 -0.982185
v 0.893726 0.479331 -1.000750
v 0.831070 0.493407 -1.019180
v 0.765190 0.506670 -1.037058
v 0.696549 0.518965 -1.053965
v 0.625588 0.530147 -1.069525
v 0.552660 0.540117 -1.083536
v 0.478097 0.548789 -1.095834
v 0.402232 0.556078 -1.106259
v 0.325395 0.561896 -1.114648
v 0.247918 0.566159 -1.120841
v 0.170134 0.568780 -1.124675
v 0.092374 0.569673 -1.125989
v 0.014965 0.568780 -1.124675
v -0.061791 0.566159 -1.120841
v -0.137595 0.561896 -1.114648
v -0.212149 0.556078 -1.106259
v -0.285155 0.548789 -1.095834
v -0.356316 0.540117 -1.083536
v -0.425332 0.530147 -1.069526
v -0.491907 0.518965 -1.053965
v -0.555725 0.506670 -1.037058
v -0.616401 0.493407 -1.019180
v -0.673535 0.479331 -1.000750
v -0.726725 0.464601 -0.982185
v -0.775976 0.449223 -0.964000
v -0.819070 0.433742 -0.947777
v -0.856604 0.418074 -0.933612
v 1.110784 0.433742 -0.894139
v 1.062773 0.453557 -0.905089
v 1.010277 0.472303 -0.918471
v 0.953219 0.489980 -0.934035
v 0.892888 0.506488 -0.950427
v 0.829170 0.521996 -0.966993
v 0.762455 0.536414 -0.983275
v 0.693132 0.549653 -0.998814
v 0.621578 0.561624 -1.013200
v 0.548130 0.572250 -1.026217
v 0.473109 0.581451 -1.037694
v 0.396840 0.589152 -1.047464
v 0.319647 0.595276 -1.055356
v 0.241853 0.599745 -1.061203
v 0.163781 0.602483 -1.064835
v 0.085756 0.603413 -1.066083
v 0.008095 0.602483 -1.064835
v -0.068902 0.599745 -1.061203
v -0.144943 0.595276 -1.055356
v -0.219734 0.589152 -1.047464
v -0.292981 0.581451 -1.037694
v -0.364392 0.572250 -1.026217
v -0.433672 0.561624 -1.013200
v -0.500529 0.549653 -0.998814
v -0.564658 0.536414 -0.983275
v -0.625717 0.521996 -0.966993
v -0.683351 0.506488 -0.950427
v -0.737205 0.489980 -0.934035
v -0.787329 0.472303 -0.918471
v -0.832470 0.453557 -0.905088
v -0.872707 0.433742 -0.894139
v 1.122849 0.449223 -0.849130
v 1.071120 0.472303 -0.857628
v 1.015775 0.493617 -0.868851
v 0.956844 0.513305 -0.882210
v 0.894755 0.531539 -0.896646
v 0.829639 0.548443 -0.911477
v 0.761802 0.563989 -0.926229
v 0.691545 0.578149 -0.940429
v 0.619175 0.590888 -0.953654
v 0.545003 0.602148 -0.965679
v 0.469339 0.611859 -0.976331
v 0.392497 0.619955 -0.985436
v 0.314789 0.626370 -0.992820
v 0.236527 0.631034 -0.998309
v 0.158023 0.633882 -1.001730
v 0.079590 0.634847 -1.002909
v 0.001535 0.633882 -1.001730
v -0.075851 0.631034 -0.998309
v -0.152283 0.626370 -0.992820
v -0.227475 0.619956 -0.985436
v -0.301141 0.611859 -0.976331
v -0.372994 0.602148 -0.965679
v -0.442750 0.590888 -0.953654
v -0.510122 0.578149 -0.940430
v -0.574823 0.563989 -0.926229
v -0.636562 0.548443 -0.911477
v -0.695045 0.531539 -0.896646
v -0.749981 0.513305 -0.882210
v -0.801188 0.493617 -0.868851
v -0.848172 0.472303 -0.857628
v -0.890845 0.449223 -0.849130
v 1.136903 0.464601 -0.797977
v 1.081936 0.489980 -0.805318
v 1.023846 0.513305 -0.815209
v 0.962735 0.534788 -0.826870
v 0.898728 0.554608 -0.839576
v 0.832036 0.572818 -0.852810
v 0.762887 0.589435 -0.866108
v 0.691512 0.604479 -0.879006
v 0.618154 0.617956 -0.891088
v 0.543100 0.629821 -0.902130
v 0.466648 0.640017 -0.911956
v 0.389097 0.648488 -0.920390
v 0.310745 0.655176 -0.927257
v 0.231893 0.660023 -0.932379
v 0.152837 0.662974 -0.935581
v 0.073877 0.663970 -0.936688
v -0.004692 0.662974 -0.935581
v -0.082590 0.660023 -0.932379
v -0.159541 0.655176 -0.927257
v -0.235268 0.648488 -0.920390
v -0.309496 0.640017 -0.911956
v -0.381948 0.629821 -0.902130
v -0.452347 0.617956 -0.891088
v -0.520418 0.604479 -0.879006
v -0.585891 0.589435 -0.866108
v -0.648521 0.572818 -0.852810
v -0.708070 0.554608 -0.839576
v -0.764300 0.534788 -0.826870
v -0.816983 0.513305 -0.815209
v -0.865923 0.489980 -0.805318
v -0.910933 0.464601 -0.797977
v 1.151511 0.479331 -0.742965
v 1.093894 0.506488 -0.749421
v 1.033384 0.531539 -0.758017
v 0.970117 0.554608 -0.768187
v 0.904237 0.575806 -0.779390
v 0.835924 0.595188 -0.791171
v 0.765367 0.612796 -0.803097
v 0.692753 0.628672 -0.814739
v 0.618289 0.642844 -0.825705
v 0.542241 0.655279 -0.835778
v 0.464895 0.665930 -0.844783
v 0.386533 0.674750 -0.852544
v 0.307440 0.681693 -0.858886
v 0.227901 0.686710 -0.863632
v 0.148199 0.689755 -0.866609
v 0.068618 0.690780 -0.867641
v -0.010560 0.689755 -0.866609
v -0.089068 0.686710 -0.863632
v -0.166639 0.681693 -0.858886
v -0.243007 0.674750 -0.852544
v -0.317909 0.665930 -0.844783
v -0.391077 0.655279 -0.835778
v -0.462246 0.642844 -0.825705
v -0.531151 0.628672 -0.814739
v -0.597535 0.612796 -0.803098
v -0.661185 0.595188 -0.791171
v -0.721894 0.575806 -0.779390
v -0.779458 0.554608 -0.768187
v -0.833674 0.531539 -0.758017
v -0.884356 0.506488 -0.749421
v -0.931320 0.479331 -0.742965
v 1.166161 0.493407 -0.684090
v 1.106294 0.521996 -0.689869
v 1.043674 0.548443 -0.697442
v 0.978460 0.572818 -0.706386
v 0.910812 0.595188 -0.716283
v 0.840901 0.615603 -0.726744
v 0.768903 0.634109 -0.737385
v 0.694991 0.650754 -0.747822
v 0.619355 0.665569 -0.757706
v 0.542248 0.678530 -0.766831
v 0.463940 0.689601 -0.775023
v 0.384701 0.698743 -0.782112
v 0.304799 0.705919 -0.787925
v 0.224504 0.711092 -0.792290
v 0.144086 0.714223 -0.795035
v 0.063814 0.715275 -0.795988
v -0.016046 0.714223 -0.795035
v -0.095236 0.711092 -0.792290
v -0.173502 0.705919 -0.787925
v -0.250588 0.698743 -0.782112
v -0.326241 0.689601 -0.775023
v -0.400205 0.678530 -0.766830
v -0.472227 0.665569 -0.757706
v -0.542051 0.650754 -0.747822
v -0.609434 0.634109 -0.737385
v -0.674171 0.615603 -0.726744
v -0.736073 0.595188 -0.716283
v -0.794945 0.572818 -0.706386
v -0.850596 0.548443 -0.697442
v -0.902841 0.521996 -0.689869
v -0.951492 0.493407 -0.684090
v 1.180476 0.506670 -0.621772
v 1.118703 0.536414 -0.627027
v 1.054251 0.563989 -0.633780
v 0.987294 0.589435 -0.641700
v 0.918009 0.612796 -0.650455
v 0.846571 0.634109 -0.659717
v 0.773158 0.653415 -0.669158
v 0.697946 0.670752 -0.678450
v 0.621127 0.686148 -0.687293
v 0.542941 0.699585 -0.695494
v 0.463645 0.711034 -0.702889
v 0.383495 0.720467 -0.709310
v 0.302746 0.727854 -0.714593
v 0.221654 0.733166 -0.718571
v 0.140475 0.736374 -0.721080
v 0.059464 0.737450 -0.721953
v -0.021125 0.736374 -0.721080
v -0.101046 0.733166 -0.718571
v -0.180054 0.727854 -0.714593
v -0.257905 0.720467 -0.709310
v -0.334354 0.711034 -0.702889
v -0.409158 0.699585 -0.695494
v -0.482073 0.686148 -0.687293
v -0.552852 0.670752 -0.678450
v -0.621262 0.653415 -0.669158
v -0.687101 0.634109 -0.659717
v -0.750178 0.612796 -0.650455
v -0.810298 0.589435 -0.641700
v -0.867272 0.563989 -0.633780
v -0.920906 0.536414 -0.627027
v -0.971010 0.506670 -0.621772
v 1.194080 0.518965 -0.556434
v 1.130686 0.549653 -0.561260
v 1.064647 0.578149 -0.567327
v 0.996151 0.604479 -0.574367
v 0.925385 0.628672 -0.582107
v 0.852537 0.650754 -0.590276
v 0.777793 0.670752 -0.598603
v 0.701342 0.688694 -0.606818
v 0.623379 0.704599 -0.614668
v 0.544141 0.718453 -0.621978
v 0.463869 0.730234 -0.628593
v 0.382810 0.739922 -0.634355
v 0.301206 0.747494 -0.639108
v 0.219302 0.752930 -0.642697
v 0.137342 0.756207 -0.644965
v 0.055569 0.757304 -0.645756
v -0.025773 0.756207 -0.644965
v -0.106447 0.752930 -0.642697
v -0.186219 0.747494 -0.639108
v -0.264852 0.739922 -0.634355
v -0.342111 0.730234 -0.628593
v -0.417760 0.718453 -0.621978
v -0.491564 0.704599 -0.614668
v -0.563287 0.688694 -0.606818
v -0.632699 0.670752 -0.598603
v -0.699597 0.650754 -0.590276
v -0.763783 0.628672 -0.582107
v -0.825058 0.604479 -0.574367
v -0.883224 0.578149 -0.567328
v -0.938083 0.549653 -0.561260
v -0.989438 0.518965 -0.556434
v 1.206637 0.530147 -0.488476
v 1.141857 0.561624 -0.492922
v 1.074450 0.590888 -0.498380
v 1.004614 0.617956 -0.504629
v 0.932545 0.642843 -0.511449
v 0.858442 0.665569 -0.518619
v 0.782501 0.686148 -0.525919
v 0.704920 0.704599 -0.533127
v 0.625902 0.720933 -0.540038
v 0.545676 0.735139 -0.546493
v 0.464478 0.747203 -0.552349
v 0.382543 0.757108 -0.557462
v 0.300105 0.764839 -0.561689
v 0.217400 0.770381 -0.564887
v 0.134664 0.773717 -0.566911
v 0.052131 0.774833 -0.567617
v -0.029964 0.773717 -0.566911
v -0.111392 0.770381 -0.564887
v -0.191923 0.764839 -0.561689
v -0.271327 0.757108 -0.557462
v -0.349377 0.747203 -0.552349
v -0.425842 0.735139 -0.546493
v -0.500495 0.720933 -0.540038
v -0.573104 0.704599 -0.533127
v -0.643447 0.686148 -0.525919
v -0.711314 0.665569 -0.518619
v -0.776502 0.642844 -0.511449
v -0.838807 0.617956 -0.504629
v -0.898024 0.590888 -0.498380
v -0.953950 0.561624 -0.492922
v -1.006382 0.530147 -0.488476
v 1.217970 0.540117 -0.418226
v 1.152019 0.572250 -0.422327
v 1.083451 0.602148 -0.427231
v 1.012468 0.629821 -0.432761
v 0.939278 0.655279 -0.438741
v 0.864085 0.678530 -0.444994
v 0.787093 0.699585 -0.451342
v 0.708509 0.718453 -0.457610
v 0.628541 0.735139 -0.463628
v 0.547414 0.749637 -0.469260
v 0.465358 0.761934 -0.474378
v 0.382601 0.772021 -0.478853
v 0.299373 0.779885 -0.482557
v 0.215902 0.785516 -0.485362
v 0.132418 0.788903 -0.487139
v 0.049149 0.790034 -0.487760
v -0.033676 0.788903 -0.487139
v -0.115832 0.785516 -0.485362
v -0.197093 0.779885 -0.482557
v -0.277236 0.772021 -0.478853
v -0.356036 0.761934 -0.474378
v -0.433268 0.749637 -0.469260
v -0.508707 0.735139 -0.463628
v -0.582129 0.718453 -0.457610
v -0.653311 0.699585 -0.451342
v -0.722042 0.678530 -0.444994
v -0.788114 0.655279 -0.438741
v -0.851317 0.629821 -0.432762
v -0.911442 0.602148 -0.427231
v -0.968281 0.572250 -0.422327
v -1.021625 0.540117 -0.418226
v 1.227939 0.548789 -0.345993
v 1.161025 0.581451 -0.349778
v 1.091494 0.611859 -0.354176
v 1.019556 0.640017 -0.359048
v 0.945422 0.665930 -0.364256
v 0.869304 0.689601 -0.369660
v 0.791412 0.711034 -0.375122
v 0.711959 0.730234 -0.380503
v 0.631157 0.747203 -0.385670
v 0.549229 0.761934 -0.390507
v 0.466401 0.774420 -0.394904
v 0.382897 0.784654 -0.398749
v 0.298942 0.792627 -0.401932
v 0.214761 0.798332 -0.404343
v 0.130581 0.801760 -0.405870
v 0.046624 0.802905 -0.406404
v -0.036883 0.801760 -0.405870
v -0.119719 0.798332 -0.404343
v -0.201661 0.792627 -0.401932
v -0.282488 0.784654 -0.398749
v -0.361977 0.774421 -0.394904
v -0.439907 0.761934 -0.390507
v -0.516055 0.747203 -0.385670
v -0.590200 0.730234 -0.380503
v -0.662121 0.711034 -0.375122
v -0.731604 0.689601 -0.369660
v -0.798436 0.665930 -0.364256
v -0.862404 0.640017 -0.359048
v -0.923295 0.611859 -0.354176
v -0.980897 0.581451 -0.349778
v -1.034996 0.548789 -0.345993
v 1.236405 0.556078 -0.272085
v 1.168726 0.589152 -0.275578
v 1.098424 0.619955 -0.279509
v 1.025714 0.648488 -0.283773
v 0.950814 0.674750 -0.288263
v 0.873937 0.698743 -0.292876
v 0.795300 0.720467 -0.297505
v 0.715118 0.739922 -0.302046
v 0.633610 0.757108 -0.306395
v 0.550995 0.772021 -0.310460
v 0.467497 0.784654 -0.314148
v 0.383339 0.795003 -0.317370
v 0.298743 0.803062 -0.320034
v 0.213932 0.808825 -0.322050
v 0.129129 0.812287 -0.323326
v 0.044557 0.813442 -0.323772
v -0.039561 0.812287 -0.323326
v -0.123006 0.808825 -0.322050
v -0.205556 0.803062 -0.320034
v -0.286990 0.795003 -0.317370
v -0.367088 0.784654 -0.314148
v -0.445630 0.772021 -0.310460
v -0.522394 0.757108 -0.306395
v -0.597161 0.739922 -0.302046
v -0.669710 0.720467 -0.297505
v -0.739824 0.698743 -0.292876
v -0.807288 0.674751 -0.288263
v -0.871886 0.648488 -0.283773
v -0.933402 0.619955 -0.279509
v -0.991619 0.589152 -0.275578
v -1.046323 0.556078 -0.272085
v 1.243232 0.561896 -0.196811
v 1.174974 0.595276 -0.200030
v 1.104085 0.626370 -0.203524
v 1.030784 0.655176 -0.207218
v 0.955290 0.681693 -0.211036
v 0.877822 0.705919 -0.214902
v 0.798598 0.727854 -0.218741
v 0.717838 0.747494 -0.222476
v 0.635760 0.764839 -0.226034
v 0.552586 0.779885 -0.229344
v 0.468538 0.792627 -0.232335
v 0.383838 0.803062 -0.234939
v 0.298707 0.811185 -0.237085
v 0.213367 0.816992 -0.238705
v 0.128041 0.820480 -0.239727
v 0.042949 0.821643 -0.240084
v -0.041687 0.820480 -0.239727
v -0.125645 0.816992 -0.238705
v -0.208707 0.811185 -0.237085
v -0.290651 0.803062 -0.234939
v -0.371258 0.792627 -0.232335
v -0.450307 0.779885 -0.229344
v -0.527578 0.764839 -0.226034
v -0.602851 0.747494 -0.222476
v -0.675906 0.727854 -0.218741
v -0.746525 0.705919 -0.214902
v -0.814488 0.681693 -0.211036
v -0.879579 0.655176 -0.207218
v -0.941579 0.626370 -0.203524
v -1.000269 0.595276 -0.200030
v -1.055432 0.561896 -0.196811
v 1.248279 0.566159 -0.120480
v 1.179620 0.599745 -0.123436
v 1.108321 0.631034 -0.126515
v 1.034604 0.660023 -0.129667
v 0.958690 0.686710 -0.132844
v 0.880798 0.711092 -0.135996
v 0.801150 0.733166 -0.139076
v 0.719967 0.752930 -0.142032
v 0.637469 0.770381 -0.144818
v 0.553878 0.785516 -0.147386
v 0.469417 0.798332 -0.149687
v 0.384306 0.808825 -0.151676
v 0.298766 0.816992 -0.153305
v 0.213021 0.822830 -0.154528
v 0.127292 0.826335 -0.155295
v 0.041799 0.827504 -0.155562
v -0.043235 0.826335 -0.155295
v -0.127590 0.822830 -0.154528
v -0.211044 0.816992 -0.153305
v -0.293379 0.808825 -0.151676
v -0.374374 0.798332 -0.149687
v -0.453808 0.785516 -0.147386
v -0.531461 0.770381 -0.144818
v -0.607112 0.752930 -0.142032
v -0.680542 0.733166 -0.139076
v -0.751530 0.711092 -0.135997
v -0.819856 0.686710 -0.132844
v -0.885301 0.660023 -0.129667
v -0.947645 0.631034 -0.126515
v -1.006669 0.599745 -0.123436
v -1.062152 0.566159 -0.120480
v 1.251409 0.568780 -0.043400
v 1.182516 0.602484 -0.046100
v 1.110978 0.633882 -0.048776
v 1.037014 0.662974 -0.051404
v 0.960848 0.689755 -0.053960
v 0.882702 0.714223 -0.056419
v 0.802797 0.736374 -0.058758
v 0.721354 0.756207 -0.060952
v 0.638597 0.773717 -0.062978
v 0.554746 0.788903 -0.064811
v 0.470023 0.801760 -0.066427
v 0.384652 0.812287 -0.067804
v 0.298852 0.820480 -0.068916
v 0.212848 0.826335 -0.069739
v 0.126859 0.829850 -0.070251
v 0.041109 0.831023 -0.070427
v -0.044182 0.829850 -0.070251
v -0.128791 0.826335 -0.069739
v -0.212499 0.820480 -0.068916
v -0.295084 0.812287 -0.067804
v -0.376326 0.801760 -0.066427
v -0.456004 0.788903 -0.064811
v -0.533897 0.773717 -0.062978
v -0.609785 0.756207 -0.060952
v -0.683447 0.736374 -0.058758
v -0.754662 0.714223 -0.056419
v -0.823210 0.689755 -0.053960
v -0.888869 0.662974 -0.051404
v -0.951419 0.633882 -0.048776
v -1.010640 0.602483 -0.046100
v -1.066310 0.568780 -0.043400
v 1.252483 0.569673 0.034120
v 1.183515 0.603413 0.031675
v 1.111897 0.634847 0.029398
v 1.037853 0.663970 0.027288
v 0.961604 0.690780 0.025345
v 0.883373 0.715275 0.023571
v 0.803381 0.737450 0.021964
v 0.721850 0.757304 0.020525
v 0.639004 0.774833 0.019255
v 0.555063 0.790034 0.018154
v 0.470250 0.802905 0.017221
v 0.384787 0.813442 0.016458
v 0.298896 0.821643 0.015864
v 0.212800 0.827504 0.015439
v 0.126720 0.831023 0.015184
v 0.040879 0.832197 0.015099
v -0.044502 0.831023 0.015184
v -0.129202 0.827504 0.015439
v -0.212999 0.821643 0.015864
v -0.295672 0.813442 0.016458
v -0.377001 0.802905 0.017221
v -0.456765 0.790034 0.018154
v -0.534742 0.774833 0.019255
v -0.610712 0.757304 0.020525
v -0.684453 0.737450 0.021964
v -0.755745 0.715275 0.023571
v -0.824368 0.690780 0.025345
v -0.890098 0.663970 0.027288
v -0.952717 0.634847 0.029398
v -1.012003 0.603413 0.031675
v -1.067734 0.569673 0.034120
v 1.251409 0.568780 0.111770
v 1.182516 0.602483 0.109586
v 1.110977 0.633882 0.107712
v 1.037014 0.662974 0.106124
v 0.960848 0.689755 0.104799
v 0.882702 0.714223 0.103713
v 0.802797 0.736374 0.102842
v 0.721354 0.756207 0.102162
v 0.638597 0.773717 0.101650
v 0.554746 0.788903 0.101283
v 0.470023 0.801760 0.101036
v 0.384652 0.812287 0.100887
v 0.298852 0.820480 0.100812
v 0.212848 0.826335 0.100787
v 0.126859 0.829851 0.100789
v 0.041109 0.831023 0.100795
v -0.044182 0.829851 0.100789
v -0.128791 0.826335 0.100787
v -0.212499 0.820480 0.100812
v -0.295084 0.812287 0.100887
v -0.376326 0.801760 0.101036
v -0.456004 0.788903 0.101283
v -0.533897 0.773717 0.101650
v -0.609785 0.756207 0.102162
v -0.683447 0.736374 0.102842
v -0.754662 0.714223 0.103713
v -0.823210 0.689755 0.104799
v -0.888869 0.662974 0.106124
v -0.951419 0.633882 0.107712
v -1.010640 0.602483 0.109586
v -1.066310 0.568780 0.111770
v 1.248279 0.566159 0.189229
v 1.179620 0.599745 0.187319
v 1.108321 0.631034 0.185863
v 1.034604 0.660023 0.184815
v 0.958690 0.686710 0.184125
v 0.880798 0.711092 0.183744
v 0.801150 0.733166 0.183624
v 0.719967 0.752930 0.183717
v 0.637469 0.770381 0.183974
v 0.553878 0.785516 0.184348
v 0.469417 0.798332 0.184793
v 0.384306 0.808825 0.185261
v 0.298766 0.816992 0.185707
v 0.213021 0.822830 0.186083
v 0.127292 0.826335 0.186343
v 0.041799 0.827504 0.186440
v -0.043235 0.826335 0.186343
v -0.127590 0.822830 0.186083
v -0.211044 0.816992 0.185707
v -0.293379 0.808825 0.185261
v -0.374374 0.798332 0.184793
v -0.453808 0.785516 0.184348
v -0.531461 0.770381 0.183974
v -0.607112 0.752930 0.183717
v -0.680542 0.733166 0.183624
v -0.751530 0.711092 0.183744
v -0.819856 0.686710 0.184125
v -0.885301 0.660023 0.184815
v -0.947645 0.631034 0.185863
v -1.006669 0.599745 0.187319
v -1.062152 0.566159 0.189229
v 1.243232 0.561896 0.266178
v 1.174974 0.595276 0.264560
v 1.104085 0.626370 0.263548
v 1.030784 0.655176 0.263068
v 0.955290 0.681693 0.263043
v 0.877822 0.705919 0.263399
v 0.798598 0.727854 0.264059
v 0.717838 0.747494 0.264949
v 0.635760 0.764839 0.265993
v 0.552586 0.779885 0.267123
v 0.468538 0.792627 0.268268
v 0.383838 0.803062 0.269359
v 0.298707 0.811185 0.270329
v 0.213367 0.816992 0.271106
v 0.128041 0.820480 0.271624
v 0.042949 0.821643 0.271811
v -0.041687 0.820480 0.271624
v -0.125645 0.816992 0.271106
v -0.208707 0.811185 0.270329
v -0.290651 0.803062 0.269359
v -0.371258 0.792627 0.268268
v -0.450307 0.779885 0.267123
v -0.527578 0.764839 0.265993
v -0.602851 0.747494 0.264949
v -0.675906 0.727854 0.264059
v -0.746525 0.705919 0.263399
v -0.814488 0.681693 0.263043
v -0.879579 0.655176 0.263068
v -0.941579 0.626370 0.263548
v -1.000269 0.595276 0.264560
v -1.055432 0.561896 0.266178
v 1.236405 0.556078 0.342295
v 1.168726 0.589152 0.340996
v 1.098424 0.619956 0.340463
v 1.025715 0.648488 0.340592
v 0.950814 0.674750 0.341277
v 0.873937 0.698743 0.342413
v 0.795300 0.720467 0.343894
v 0.715118 0.739922 0.345616
v 0.633610 0.757108 0.347475
v 0.550995 0.772021 0.349378
v 0.467497 0.784654 0.351236
v 0.383339 0.795003 0.352958
v 0.298743 0.803062 0.354455
v 0.213932 0.808825 0.355635
v 0.129129 0.812287 0.356409
v 0.044557 0.813442 0.356688
v -0.039561 0.812287 0.356409
v -0.123006 0.808825 0.355635
v -0.205556 0.803062 0.354455
v -0.286990 0.795003 0.352958
v -0.367088 0.784654 0.351236
v -0.445630 0.772021 0.349378
v -0.522394 0.757108 0.347475
v -0.597161 0.739922 0.345616
v -0.669710 0.720467 0.343894
v -0.739824 0.698743 0.342413
v -0.807288 0.674750 0.341277
v -0.871886 0.648488 0.340592
v -0.933402 0.619956 0.340463
v -0.991619 0.589152 0.340996
v -1.046323 0.556078 0.342295
v 1.227938 0.548789 0.417260
v 1.161025 0.581451 0.416312
v 1.091494 0.611859 0.416303
v 1.019556 0.640017 0.417095
v 0.945422 0.665930 0.418548
v 0.869304 0.689601 0.420521
v 0.791412 0.711034 0.422878
v 0.711959 0.730234 0.425477
v 0.631157 0.747203 0.428185
v 0.549229 0.761934 0.430887
v 0.466401 0.774420 0.433474
v 0.382896 0.784654 0.435836
v 0.298942 0.792627 0.437864
v 0.214761 0.798332 0.439448
v 0.130581 0.801760 0.440479
v 0.046624 0.802905 0.440847
v -0.036883 0.801760 0.440479
v -0.119719 0.798332 0.439448
v -0.201661 0.792627 0.437864
v -0.282488 0.784654 0.435836
v -0.361977 0.774421 0.433474
v -0.439907 0.761934 0.430887
v -0.516055 0.747203 0.428185
v -0.590200 0.730234 0.425477
v -0.662121 0.711034 0.422878
v -0.731604 0.689601 0.420521
v -0.798436 0.665930 0.418548
v -0.862404 0.640017 0.417095
v -0.923295 0.611859 0.416303
v -0.980897 0.581451 0.416312
v -1.034996 0.548789 0.417260
v 1.217969 0.540117 0.490749
v 1.152019 0.572249 0.490194
v 1.083451 0.602148 0.490766
v 1.012468 0.629821 0.492286
v 0.939278 0.655279 0.494577
v 0.864085 0.678530 0.497460
v 0.787093 0.699585 0.500757
v 0.708509 0.718453 0.504291
v 0.628541 0.735139 0.507891
v 0.547414 0.749637 0.511422
v 0.465358 0.761934 0.514758
v 0.382601 0.772021 0.517771
v 0.299373 0.779885 0.520336
v 0.215902 0.785516 0.522325
v 0.132418 0.788903 0.523611
v 0.049149 0.790034 0.524068
v -0.033676 0.788903 0.523611
v -0.115832 0.785516 0.522325
v -0.197093 0.779885 0.520336
v -0.277236 0.772021 0.517771
v -0.356036 0.761934 0.514758
v -0.433268 0.749637 0.511422
v -0.508707 0.735139 0.507891
v -0.582128 0.718453 0.504291
v -0.653311 0.699585 0.500757
v -0.722042 0.678530 0.497460
v -0.788114 0.655279 0.494577
v -0.851316 0.629821 0.492286
v -0.911442 0.602148 0.490766
v -0.968281 0.572249 0.490194
v -1.021625 0.540117 0.490749
v 1.206637 0.530147 0.562444
v 1.141857 0.561624 0.562328
v 1.074450 0.590889 0.563546
v 1.004614 0.617956 0.565872
v 0.932545 0.642844 0.569086
v 0.858442 0.665569 0.572963
v 0.782501 0.686148 0.577281
v 0.704920 0.704599 0.581816
v 0.625902 0.720933 0.586359
v 0.545676 0.735139 0.590755
v 0.464478 0.747203 0.594863
v 0.382543 0.757108 0.598542
v 0.300105 0.764839 0.601649
v 0.217400 0.770381 0.604043
v 0.134664 0.773717 0.605583
v 0.052131 0.774833 0.606128
v -0.029964 0.773717 0.605583
v -0.111392 0.770381 0.604043
v -0.191923 0.764839 0.601649
v -0.271327 0.757108 0.598541
v -0.349377 0.747203 0.594863
v -0.425842 0.735139 0.590755
v -0.500495 0.720933 0.586359
v -0.573104 0.704599 0.581816
v -0.643447 0.686148 0.577281
v -0.711314 0.665569 0.572963
v -0.776502 0.642844 0.569086
v -0.838807 0.617956 0.565872
v -0.898024 0.590889 0.563546
v -0.953950 0.561624 0.562328
v -1.006382 0.530147 0.562444
v 1.194080 0.518965 0.632022
v 1.130686 0.549653 0.632401
v 1.064647 0.578149 0.634340
v 0.996151 0.604479 0.637563
v 0.925385 0.628672 0.641797
v 0.852537 0.650754 0.646767
v 0.777793 0.670752 0.652196
v 0.701342 0.688694 0.657811
v 0.623379 0.704599 0.663356
v 0.544140 0.718453 0.668659
v 0.463869 0.730234 0.673566
v 0.382810 0.739922 0.677925
v 0.301206 0.747494 0.681581
v 0.219302 0.752930 0.684382
v 0.137342 0.756207 0.686175
v 0.055569 0.757304 0.686806
v -0.025773 0.756207 0.686175
v -0.106447 0.752930 0.684382
v -0.186219 0.747494 0.681581
v -0.264852 0.739922 0.677924
v -0.342111 0.730234 0.673566
v -0.417760 0.718453 0.668659
v -0.491564 0.704599 0.663356
v -0.563287 0.688694 0.657811
v -0.632699 0.670752 0.652196
v -0.699597 0.650754 0.646767
v -0.763783 0.628672 0.641797
v -0.825058 0.604479 0.637563
v -0.883224 0.578149 0.634340
v -0.938083 0.549653 0.632401
v -0.989438 0.518965 0.632022
v 1.180476 0.506670 0.699142
v 1.118703 0.536414 0.700087
v 1.054251 0.563989 0.702844
v 0.987294 0.589435 0.707077
v 0.918009 0.612796 0.712447
v 0.846571 0.634109 0.718620
v 0.773158 0.653415 0.725263
v 0.697947 0.670752 0.732043
v 0.621127 0.686148 0.738655
v 0.542941 0.699585 0.744909
v 0.463645 0.711034 0.750645
v 0.383495 0.720467 0.755699
v 0.302746 0.727854 0.759912
v 0.221654 0.733166 0.763120
v 0.140475 0.736374 0.765164
v 0.059464 0.737450 0.765881
v -0.021125 0.736374 0.765164
v -0.101046 0.733166 0.763120
v -0.180054 0.727854 0.759912
v -0.257905 0.720467 0.755699
v -0.334354 0.711034 0.750645
v -0.409158 0.699585 0.744909
v -0.482073 0.686148 0.738655
v -0.552852 0.670752 0.732043
v -0.621262 0.653415 0.725263
v -0.687102 0.634109 0.718620
v -0.750178 0.612796 0.712447
v -0.810298 0.589435 0.707077
v -0.867272 0.563989 0.702844
v -0.920906 0.536414 0.700086
v -0.971010 0.506670 0.699142
v 1.166161 0.493407 0.763381
v 1.106294 0.521996 0.765018
v 1.043674 0.548443 0.768759
v 0.978460 0.572818 0.774170
v 0.910812 0.595188 0.780826
v 0.840901 0.615603 0.788329
v 0.768903 0.634109 0.796288
v 0.694991 0.650754 0.804313
v 0.619355 0.665569 0.812050
v 0.542248 0.678530 0.819296
v 0.463940 0.689601 0.825885
v 0.384701 0.698743 0.831649
v 0.304799 0.705919 0.836422
v 0.224504 0.711092 0.840038
v 0.144086 0.714223 0.842329
v 0.063814 0.715275 0.843130
v -0.016046 0.714223 0.842329
v -0.095236 0.711092 0.840038
v -0.173502 0.705919 0.836422
v -0.250588 0.698743 0.831649
v -0.326241 0.689601 0.825885
v -0.400205 0.678530 0.819296
v -0.472227 0.665569 0.812050
v -0.542051 0.650754 0.804313
v -0.609434 0.634109 0.796288
v -0.674172 0.615603 0.788329
v -0.736073 0.595188 0.780826
v -0.794945 0.572818 0.774170
v -0.850596 0.548443 0.768759
v -0.902841 0.521996 0.765018
v -0.951492 0.493407 0.763381
v 1.151511 0.479331 0.824296
v 1.093894 0.506488 0.826817
v 1.033384 0.531539 0.831783
v 0.970117 0.554609 0.838611
v 0.904237 0.575806 0.846741
v 0.835924 0.595188 0.855713
v 0.765367 0.612796 0.865089
v 0.692753 0.628672 0.874430
v 0.618289 0.642844 0.883342
v 0.542241 0.655279 0.891614
v 0.464895 0.665930 0.899075
v 0.386533 0.674751 0.905558
v 0.307440 0.681693 0.910893
v 0.227901 0.686710 0.914913
v 0.148199 0.689755 0.917449
v 0.068618 0.690780 0.918331
v -0.010560 0.689755 0.917449
v -0.089068 0.686710 0.914913
v -0.166639 0.681693 0.910893
v -0.243007 0.674751 0.905558
v -0.317909 0.665930 0.899075
v -0.391077 0.655279 0.891613
v -0.462246 0.642844 0.883342
v -0.531151 0.628672 0.874429
v -0.597535 0.612796 0.865089
v -0.661185 0.595188 0.855713
v -0.721894 0.575806 0.846741
v -0.779458 0.554609 0.838611
v -0.833674 0.531539 0.831783
v -0.884356 0.506488 0.826818
v -0.931320 0.479331 0.824296
v 1.136903 0.464601 0.881443
v 1.081936 0.489980 0.885106
v 1.023846 0.513305 0.891617
v 0.962735 0.534788 0.900165
v 0.898728 0.554608 0.909999
v 0.832036 0.572818 0.920594
v 0.762887 0.589435 0.931484
v 0.691512 0.604479 0.942203
v 0.618154 0.617956 0.952332
v 0.543100 0.629821 0.961655
v 0.466648 0.640017 0.970003
v 0.389097 0.648488 0.977210
v 0.310745 0.655176 0.983107
v 0.231893 0.660023 0.987527
v 0.152837 0.662974 0.990302
v 0.073877 0.663970 0.991264
v -0.004692 0.662974 0.990302
v -0.082590 0.660023 0.987527
v -0.159541 0.655176 0.983107
v -0.235268 0.648488 0.977210
v -0.309496 0.640017 0.970003
v -0.381948 0.629821 0.961655
v -0.452347 0.617956 0.952332
v -0.520418 0.604479 0.942203
v -0.585891 0.589435 0.931484
v -0.648521 0.572818 0.920594
v -0.708070 0.554608 0.909999
v -0.764300 0.534788 0.900165
v -0.816983 0.513305 0.891617
v -0.865923 0.489980 0.885106
v -0.910933 0.464601 0.881443
v 1.122848 0.449223 0.934825
v 1.071120 0.472303 0.939978
v 1.015775 0.493617 0.948112
v 0.956844 0.513305 0.958618
v 0.894755 0.531539 0.970412
v 0.829640 0.548443 0.982793
v 0.761802 0.563989 0.995293
v 0.691545 0.578149 1.007442
v 0.619175 0.590888 1.018820
v 0.545003 0.602148 1.029213
v 0.469339 0.611859 1.038458
v 0.392497 0.619955 1.046390
v 0.314789 0.626370 1.052844
v 0.236527 0.631034 1.057658
v 0.158023 0.633882 1.060666
v 0.079590 0.634847 1.061705
v 0.001535 0.633882 1.060666
v -0.075851 0.631034 1.057658
v -0.152283 0.626370 1.052844
v -0.227475 0.619955 1.046390
v -0.301141 0.611859 1.038458
v -0.372994 0.602148 1.029214
v -0.442750 0.590889 1.018820
v -0.510122 0.578149 1.007441
v -0.574823 0.563989 0.995293
v -0.636562 0.548443 0.982793
v -0.695045 0.531539 0.970412
v -0.749981 0.513305 0.958618
v -0.801188 0.493617 0.948112
v -0.848172 0.472303 0.939978
v -0.890845 0.449223 0.934825
v 1.110784 0.433742 0.982077
v 1.062773 0.453557 0.990155
v 1.010277 0.472303 1.000821
v 0.953219 0.489980 1.013824
v 0.892888 0.506488 1.027823
v 0.829170 0.521996 1.042142
v 0.762455 0.536414 1.056334
v 0.693132 0.549653 1.069955
v 0.621578 0.561625 1.082607
v 0.548130 0.572250 1.094084
v 0.473109 0.581451 1.104228
v 0.396840 0.589152 1.112881
v 0.319647 0.595276 1.119887
v 0.241853 0.599745 1.125086
v 0.163781 0.602484 1.128321
v 0.085756 0.603413 1.129434
v 0.008095 0.602483 1.128321
v -0.068902 0.599745 1.125086
v -0.144943 0.595276 1.119887
v -0.219734 0.589152 1.112881
v -0.292981 0.581451 1.104228
v -0.364392 0.572250 1.094084
v -0.433672 0.561625 1.082607
v -0.500529 0.549653 1.069955
v -0.564658 0.536414 1.056334
v -0.625717 0.521996 1.042142
v -0.683351 0.506488 1.027823
v -0.737205 0.489980 1.013824
v -0.787329 0.472303 1.000821
v -0.832470 0.453557 0.990155
v -0.872707 0.433742 0.982077
v 1.100827 0.418074 1.023820
v 1.057146 0.433742 1.035714
v 1.007979 0.449223 1.049694
v 0.952695 0.464601 1.065651
v 0.893726 0.479331 1.082082
v 0.831070 0.493407 1.098472
v 0.765190 0.506670 1.114428
v 0.696549 0.518965 1.129553
v 0.625588 0.530147 1.143493
v 0.552660 0.540117 1.156059
v 0.478097 0.548789 1.167101
v 0.402232 0.556078 1.176469
v 0.325395 0.561896 1.184015
v 0.247918 0.566159 1.189590
v 0.170134 0.568780 1.193045
v 0.092374 0.569673 1.194229
v 0.014965 0.568780 1.193045
v -0.061791 0.566159 1.189590
v -0.137595 0.561896 1.184015
v -0.212149 0.556078 1.176469
v -0.285155 0.548789 1.167101
v -0.356316 0.540117 1.156059
v -0.425332 0.530147 1.143493
v -0.491907 0.518965 1.129553
v -0.555725 0.506670 1.114428
v -0.616401 0.493407 1.098472
v -0.673535 0.479331 1.082081
v -0.726725 0.464601 1.065651
v -0.775976 0.449222 1.049694
v -0.819070 0.433742 1.035715
v -0.856604 0.418074 1.023820
v 1.358062 -0.893297 1.181270
v 1.365920 -0.866933 1.203493
v 1.375147 -0.836983 1.225167
v 1.385562 -0.803049 1.246395
v 1.395918 -0.766641 1.266446
v 1.405700 -0.727755 1.285308
v 1.414558 -0.686672 1.302761
v 1.422140 -0.643674 1.318583
v 1.428133 -0.599027 1.332571
v 1.432382 -0.552949 1.344589
v 1.434773 -0.505645 1.354519
v 1.435190 -0.457319 1.362244
v 1.433518 -0.408174 1.367646
v 1.429641 -0.358417 1.370607
v 1.423445 -0.308250 1.371009
v 1.414814 -0.257879 1.368734
v 1.403684 -0.207508 1.363709
v 1.390199 -0.157342 1.356038
v 1.374555 -0.107584 1.345867
v 1.356947 -0.058440 1.333344
v 1.337571 -0.010114 1.318616
v 1.316622 0.037191 1.301831
v 1.294295 0.083268 1.283136
v 1.270787 0.127915 1.262679
v 1.246337 0.170914 1.240625
v 1.221362 0.211996 1.217219
v 1.196324 0.250882 1.192722
v 1.171684 0.287291 1.167395
v 1.147956 0.321225 1.141250
v 1.126980 0.351175 1.115236
v 1.108779 0.377539 1.089193
v 1.319114 -0.901757 1.206016
v 1.323008 -0.873110 1.234461
v 1.328815 -0.841415 1.261038
v 1.336274 -0.806622 1.285744
v 1.344198 -0.769555 1.308485
v 1.351914 -0.730162 1.329518
v 1.359015 -0.688684 1.348721
v 1.365097 -0.645363 1.365973
v 1.369803 -0.600433 1.381157
v 1.372961 -0.554100 1.394165
v 1.374448 -0.506566 1.404894
v 1.374138 -0.458030 1.413240
v 1.371910 -0.408694 1.419097
v 1.367637 -0.358756 1.422363
v 1.361196 -0.308418 1.422933
v 1.352463 -0.257879 1.420704
v 1.341369 -0.207341 1.415610
v 1.328061 -0.157003 1.407745
v 1.312743 -0.107065 1.397243
v 1.295616 -0.057728 1.384236
v 1.276884 -0.009193 1.368858
v 1.256749 0.038342 1.351241
v 1.235414 0.084674 1.331518
v 1.213081 0.129605 1.309824
v 1.190004 0.172926 1.286294
v 1.166630 0.214404 1.261080
v 1.143461 0.253796 1.234339
v 1.120994 0.290863 1.206227
v 1.099886 0.325656 1.176479
v 1.081644 0.357351 1.145309
v 1.066512 0.385998 1.112713
v 1.274907 -0.911561 1.230570
v 1.275721 -0.880916 1.263901
v 1.278883 -0.847698 1.294322
v 1.283803 -0.811946 1.322057
v 1.289466 -0.773957 1.347390
v 1.295202 -0.733835 1.370519
v 1.300577 -0.691772 1.391416
v 1.305158 -0.647962 1.410053
v 1.308561 -0.602600 1.426389
v 1.310606 -0.555878 1.440346
v 1.311161 -0.507991 1.451834
v 1.310095 -0.459134 1.460765
v 1.307278 -0.409500 1.467048
v 1.302579 -0.359283 1.470595
v 1.295867 -0.308678 1.471315
v 1.287012 -0.257879 1.469120
v 1.275938 -0.207080 1.463954
v 1.262797 -0.156476 1.455900
v 1.247795 -0.106259 1.445077
v 1.231140 -0.056625 1.431602
v 1.213038 -0.007768 1.415591
v 1.193696 0.040119 1.397163
v 1.173322 0.086841 1.376436
v 1.152123 0.132204 1.353526
v 1.130355 0.176013 1.328542
v 1.108478 0.218076 1.301550
v 1.087001 0.258199 1.272606
v 1.066435 0.296187 1.241768
v 1.047489 0.331940 1.208853
v 1.031294 0.365158 1.173617
v 1.018458 0.395802 1.135846
v 1.224813 -0.922644 1.255060
v 1.223949 -0.890190 1.291799
v 1.225334 -0.855446 1.325208
v 1.228193 -0.818506 1.355621
v 1.231807 -0.779475 1.383323
v 1.235683 -0.738495 1.408401
v 1.239386 -0.695717 1.430897
v 1.242480 -0.651294 1.450850
v 1.244580 -0.605384 1.468282
v 1.245501 -0.558166 1.483136
v 1.245107 -0.509829 1.495339
v 1.243262 -0.460559 1.504816
v 1.239833 -0.410543 1.511493
v 1.234683 -0.359966 1.515295
v 1.227677 -0.309016 1.516148
v 1.218681 -0.257879 1.513978
v 1.207615 -0.206743 1.508738
v 1.194632 -0.155793 1.500502
v 1.179940 -0.105216 1.489371
v 1.163748 -0.055199 1.475446
v 1.146263 -0.005929 1.458829
v 1.127694 0.042408 1.439622
v 1.108249 0.089625 1.417925
v 1.088138 0.135535 1.393841
v 1.067616 0.179958 1.367451
v 1.047131 0.222736 1.338756
v 1.027177 0.263717 1.307739
v 1.008251 0.302748 1.274382
v 0.990901 0.339687 1.238616
v 0.975885 0.374431 1.200172
v 0.964016 0.406886 1.158730
v 1.170962 -0.934004 1.278572
v 1.168791 -0.900055 1.317940
v 1.168492 -0.863960 1.353911
v 1.169510 -0.825823 1.386681
v 1.171316 -0.785751 1.416427
v 1.173477 -0.743868 1.443246
v 1.175582 -0.700302 1.467211
v 1.177222 -0.655181 1.488395
v 1.178033 -0.608640 1.506851
v 1.177831 -0.560851 1.522542
v 1.176480 -0.511991 1.535408
v 1.173842 -0.462240 1.545389
v 1.169782 -0.411774 1.552426
v 1.164161 -0.360773 1.556458
v 1.156843 -0.309415 1.557427
v 1.147691 -0.257879 1.555273
v 1.136624 -0.206343 1.549959
v 1.123794 -0.154985 1.541548
v 1.109407 -0.103985 1.530125
v 1.093669 -0.053519 1.515776
v 1.076788 -0.003767 1.498585
v 1.058970 0.045093 1.478639
v 1.040424 0.092882 1.456023
v 1.021355 0.139422 1.430822
v 1.002014 0.184543 1.403100
v 0.982817 0.228110 1.372822
v 0.964225 0.269992 1.339935
v 0.946697 0.310064 1.304381
v 0.930718 0.348202 1.266085
v 0.916857 0.384296 1.224884
v 0.905708 0.418246 1.180596
v 1.113284 -0.945308 1.301071
v 1.110082 -0.910081 1.342553
v 1.108425 -0.872794 1.380587
v 1.107906 -0.833559 1.415289
v 1.108127 -0.792488 1.446769
v 1.108715 -0.749699 1.475113
v 1.109308 -0.705312 1.500402
v 1.109542 -0.659446 1.522716
v 1.109091 -0.612227 1.542114
v 1.107780 -0.563817 1.558571
v 1.105474 -0.514386 1.572041
v 1.102038 -0.464106 1.582480
v 1.097335 -0.413144 1.589840
v 1.091228 -0.361673 1.594078
v 1.083583 -0.309861 1.595147
v 1.074264 -0.257879 1.593001
v 1.063190 -0.205897 1.587614
v 1.050509 -0.154086 1.579038
v 1.036422 -0.102614 1.567341
v 1.021132 -0.051653 1.552596
v 1.004843 -0.001372 1.534871
v 0.987756 0.048058 1.514238
v 0.970075 0.096468 1.490766
v 0.952002 0.143687 1.464526
v 0.933774 0.189554 1.435565
v 0.915767 0.233941 1.403844
v 0.898392 0.276729 1.369300
v 0.882059 0.317800 1.331868
v 0.867185 0.357035 1.291481
v 0.854214 0.394322 1.248044
v 0.843596 0.429549 1.201457
v 1.052161 -0.956291 1.322296
v 1.048136 -0.919973 1.365478
v 1.045372 -0.881640 1.405173
v 1.043557 -0.841410 1.441453
v 1.042379 -0.799403 1.474391
v 1.041531 -0.755737 1.504056
v 1.040706 -0.710533 1.530517
v 1.039597 -0.663911 1.553843
v 1.037926 -0.615998 1.574085
v 1.035533 -0.566948 1.591228
v 1.032285 -0.516925 1.605238
v 1.028051 -0.466089 1.616084
v 1.022700 -0.414605 1.623731
v 1.016099 -0.362634 1.628148
v 1.008117 -0.310338 1.629301
v 0.998622 -0.257879 1.627157
v 0.987537 -0.205421 1.621699
v 0.975002 -0.153125 1.612968
v 0.961214 -0.101154 1.601020
v 0.946368 -0.049669 1.585912
v 0.930658 0.001166 1.567700
v 0.914281 0.051189 1.546441
v 0.897431 0.100239 1.522191
v 0.880305 0.148153 1.495005
v 0.863124 0.194775 1.464924
v 0.846215 0.239979 1.431912
v 0.829932 0.283644 1.395919
v 0.814629 0.325652 1.356894
v 0.800662 0.365882 1.314785
v 0.788387 0.404215 1.269536
v 0.778164 0.440532 1.221091
v 0.987971 -0.966689 1.341987
v 0.983266 -0.929439 1.386556
v 0.979571 -0.890194 1.427603
v 0.976638 -0.849077 1.465180
v 0.974217 -0.806214 1.499338
v 0.972060 -0.761730 1.530127
v 0.969919 -0.715751 1.557598
v 0.967546 -0.668401 1.581804
v 0.964712 -0.619810 1.602780
v 0.961274 -0.570130 1.620519
v 0.957106 -0.519515 1.634999
v 0.952085 -0.468122 1.646197
v 0.946087 -0.416106 1.654092
v 0.938987 -0.363623 1.658661
v 0.930661 -0.310829 1.659884
v 0.920986 -0.257879 1.657737
v 0.909888 -0.204929 1.652211
v 0.897502 -0.152135 1.643338
v 0.884012 -0.099652 1.631163
v 0.869604 -0.047636 1.615731
v 0.854462 0.003757 1.597086
v 0.838773 0.054371 1.575272
v 0.822721 0.104052 1.550334
v 0.806492 0.152642 1.522316
v 0.790289 0.199992 1.491249
v 0.774392 0.245972 1.457115
v 0.759097 0.290455 1.419880
v 0.744702 0.333318 1.379511
v 0.731505 0.374435 1.335976
v 0.719804 0.413681 1.289241
v 0.709895 0.450930 1.239275
v 0.921081 -0.976265 1.359904
v 0.915783 -0.938216 1.405631
v 0.911267 -0.898180 1.447805
v 0.907337 -0.856287 1.486460
v 0.903798 -0.812667 1.521634
v 0.900452 -0.767451 1.553361
v 0.897103 -0.720768 1.581676
v 0.893556 -0.672749 1.606616
v 0.889628 -0.623528 1.628208
v 0.885191 -0.573252 1.646447
v 0.880134 -0.522071 1.661320
v 0.874343 -0.470137 1.672814
v 0.867704 -0.417600 1.680916
v 0.860106 -0.364611 1.685613
v 0.851435 -0.311321 1.686890
v 0.841577 -0.257879 1.684737
v 0.830469 -0.204438 1.679146
v 0.818233 -0.151147 1.670146
v 0.805043 -0.098158 1.657771
v 0.791071 -0.045621 1.642056
v 0.776487 0.006313 1.623037
v 0.761466 0.057493 1.600747
v 0.746178 0.107770 1.575223
v 0.730797 0.156991 1.546498
v 0.715505 0.205009 1.514600
v 0.700540 0.251692 1.479519
v 0.686146 0.296908 1.441240
v 0.672573 0.340528 1.399746
v 0.660068 0.382422 1.355020
v 0.648877 0.422458 1.307045
v 0.639248 0.460507 1.255803
v 0.851801 -0.984893 1.375885
v 0.845978 -0.946167 1.422573
v 0.840730 -0.905458 1.465674
v 0.835907 -0.862898 1.505215
v 0.831357 -0.818622 1.541218
v 0.826930 -0.772765 1.573710
v 0.822474 -0.725461 1.602713
v 0.817838 -0.676844 1.628251
v 0.812880 -0.627051 1.650345
v 0.807492 -0.576227 1.668993
v 0.801576 -0.524519 1.684188
v 0.795033 -0.472075 1.695924
v 0.787764 -0.419041 1.704195
v 0.779672 -0.365566 1.708994
v 0.770656 -0.311796 1.710315
v 0.760619 -0.257879 1.708151
v 0.749503 -0.203962 1.702502
v 0.737424 -0.150192 1.693389
v 0.724538 -0.096717 1.680841
v 0.711001 -0.043684 1.664886
v 0.696969 0.008760 1.645550
v 0.682600 0.060468 1.622862
v 0.668049 0.111292 1.596849
v 0.653472 0.161085 1.567540
v 0.639035 0.209702 1.534956
v 0.624933 0.257006 1.499099
v 0.611370 0.302863 1.459962
v 0.598550 0.347139 1.417543
v 0.586676 0.389699 1.371835
v 0.575953 0.430409 1.322834
v 0.566584 0.469134 1.270535
v 0.780426 -0.992469 1.389792
v 0.774139 -0.953186 1.437253
v 0.768239 -0.911917 1.481100
v 0.762612 -0.868798 1.521348
v 0.757149 -0.823967 1.558012
v 0.751735 -0.777563 1.591109
v 0.746260 -0.729723 1.620656
v 0.740611 -0.680584 1.646669
v 0.734682 -0.630285 1.669161
v 0.728386 -0.578971 1.688133
v 0.721641 -0.526786 1.703585
v 0.714366 -0.473875 1.715514
v 0.706479 -0.420384 1.723919
v 0.697899 -0.366458 1.728798
v 0.688543 -0.312241 1.730151
v 0.678330 -0.257879 1.727975
v 0.667216 -0.203518 1.722273
v 0.655302 -0.149301 1.713064
v 0.642726 -0.095375 1.700370
v 0.629628 -0.041883 1.684214
v 0.616146 0.011027 1.664618
v 0.602418 0.063212 1.641605
v 0.588582 0.114527 1.615196
v 0.574778 0.164825 1.585416
v 0.561149 0.213964 1.552282
v 0.547856 0.261804 1.515803
v 0.535064 0.308209 1.475981
v 0.522940 0.353039 1.432821
v 0.511651 0.396158 1.386325
v 0.501360 0.437428 1.336498
v 0.492236 0.476710 1.283344
v 0.707251 -0.998894 1.401483
v 0.700554 -0.959167 1.449549
v 0.694070 -0.917447 1.493972
v 0.687719 -0.873875 1.534763
v 0.681424 -0.828591 1.571933
v 0.675107 -0.781735 1.605493
v 0.668691 -0.733448 1.635455
v 0.662097 -0.683869 1.661829
v 0.655250 -0.633139 1.684624
v 0.648085 -0.581402 1.703845
v 0.640540 -0.528801 1.719493
v 0.632553 -0.475480 1.731570
v 0.624061 -0.421584 1.740078
v 0.615002 -0.367255 1.745018
v 0.605314 -0.312639 1.746394
v 0.594934 -0.257879 1.744205
v 0.583831 -0.203119 1.738458
v 0.572092 -0.148503 1.729169
v 0.559838 -0.094175 1.716356
v 0.547185 -0.040279 1.700038
v 0.534254 0.013042 1.680234
v 0.521162 0.065643 1.656964
v 0.508030 0.117381 1.630246
v 0.494975 0.168110 1.600100
v 0.482118 0.217689 1.566541
v 0.469591 0.265977 1.529582
v 0.457526 0.312832 1.489232
v 0.446055 0.358116 1.445500
v 0.435312 0.401688 1.398395
v 0.425429 0.443408 1.347927
v 0.416540 0.483136 1.294104
v 0.632570 -1.004067 1.410821
v 0.625511 -0.964003 1.459331
v 0.618501 -0.921939 1.504176
v 0.611492 -0.878018 1.545364
v 0.604437 -0.832382 1.582900
v 0.597287 -0.785172 1.616795
v 0.589995 -0.736530 1.647056
v 0.582514 -0.686599 1.673690
v 0.574795 -0.635520 1.696705
v 0.566798 -0.583437 1.716106
v 0.558481 -0.530492 1.731897
v 0.549803 -0.476831 1.744081
v 0.540722 -0.422595 1.752663
v 0.531197 -0.367929 1.757647
v 0.521188 -0.312976 1.759037
v 0.510652 -0.257879 1.756837
v 0.499573 -0.202783 1.751053
v 0.488023 -0.147830 1.741699
v 0.476101 -0.093164 1.728794
v 0.463905 -0.038928 1.712353
v 0.451531 0.014734 1.692393
v 0.439077 0.067678 1.668930
v 0.426642 0.119761 1.641982
v 0.414321 0.170840 1.611565
v 0.402214 0.220772 1.577695
v 0.390423 0.269413 1.540386
v 0.379052 0.316623 1.499651
v 0.368203 0.362259 1.455500
v 0.357981 0.406180 1.407949
v 0.348489 0.448244 1.357008
v 0.339829 0.488309 1.302692
v 0.556679 -1.007887 1.417663
v 0.549297 -0.967588 1.466475
v 0.541810 -0.925283 1.511604
v 0.534198 -0.881116 1.553054
v 0.526440 -0.835227 1.590834
v 0.518515 -0.787762 1.624950
v 0.510403 -0.738863 1.655407
v 0.502083 -0.688673 1.682213
v 0.493534 -0.637335 1.705372
v 0.484737 -0.584993 1.724892
v 0.475674 -0.531789 1.740777
v 0.466326 -0.477868 1.753032
v 0.456674 -0.423373 1.761664
v 0.446699 -0.368448 1.766676
v 0.436382 -0.313235 1.768074
v 0.425706 -0.257879 1.765864
v 0.414665 -0.202523 1.760053
v 0.403321 -0.147311 1.750654
v 0.391748 -0.092385 1.737682
v 0.380021 -0.037890 1.721154
v 0.368215 0.016031 1.701085
v 0.356406 0.069234 1.677491
v 0.344668 0.121577 1.650386
v 0.333076 0.172915 1.619787
v 0.321706 0.223105 1.585709
v 0.310635 0.272004 1.548166
v 0.299938 0.319469 1.507172
v 0.289694 0.365357 1.462743
v 0.279978 0.409525 1.414892
v 0.270868 0.451830 1.363633
v 0.262440 0.492129 1.308981
v 0.479873 -1.010253 1.421872
v 0.472199 -0.969818 1.470854
v 0.464274 -0.927371 1.516142
v 0.456102 -0.883056 1.557740
v 0.447686 -0.837017 1.595654
v 0.439032 -0.789397 1.629891
v 0.430143 -0.740341 1.660456
v 0.421024 -0.689991 1.687356
v 0.411679 -0.638492 1.710595
v 0.402112 -0.585987 1.730181
v 0.392329 -0.532620 1.746118
v 0.382333 -0.478534 1.758413
v 0.372129 -0.423873 1.767072
v 0.361722 -0.368781 1.772099
v 0.351116 -0.313402 1.773501
v 0.340316 -0.257879 1.771284
v 0.329334 -0.202356 1.765456
v 0.318214 -0.146977 1.756028
v 0.307008 -0.091885 1.743018
v 0.295767 -0.037225 1.726439
v 0.284544 0.016861 1.706306
v 0.273391 0.070228 1.682635
v 0.262359 0.122734 1.655441
v 0.251500 0.174233 1.624739
v 0.240866 0.224582 1.590544
v 0.230510 0.273639 1.552870
v 0.220482 0.321258 1.511732
v 0.210836 0.367297 1.467147
v 0.201623 0.411612 1.419127
v 0.192896 0.454059 1.367689
v 0.184706 0.494494 1.312847
v 0.402447 -1.011064 1.423306
v 0.394507 -0.970584 1.472342
v 0.386171 -0.928091 1.517679
v 0.377469 -0.883727 1.559323
v 0.368429 -0.837638 1.597278
v 0.359077 -0.789967 1.631553
v 0.349444 -0.740857 1.662151
v 0.339557 -0.690453 1.689079
v 0.329444 -0.638898 1.712343
v 0.319134 -0.586337 1.731949
v 0.308654 -0.532912 1.747902
v 0.298034 -0.478769 1.760210
v 0.287300 -0.424050 1.768876
v 0.276482 -0.368899 1.773908
v 0.265608 -0.313461 1.775312
v 0.254705 -0.257879 1.773092
v 0.243802 -0.202297 1.767257
v 0.232927 -0.146859 1.757820
v 0.222109 -0.091709 1.744797
v 0.211376 -0.036990 1.728201
v 0.200755 0.017154 1.708048
v 0.190275 0.070578 1.684353
v 0.179965 0.123140 1.657130
v 0.169852 0.174694 1.626396
v 0.159965 0.225099 1.592163
v 0.150332 0.274208 1.554449
v 0.140981 0.321880 1.513267
v 0.131940 0.367969 1.468632
v 0.123238 0.412332 1.420560
v 0.114903 0.454826 1.369065
v 0.106962 0.495306 1.314163
v 0.324703 -1.010253 1.421872
v 0.316513 -0.969818 1.470854
v 0.307786 -0.927371 1.516142
v 0.298573 -0.883056 1.557740
v 0.288927 -0.837017 1.595654
v 0.278900 -0.789397 1.629891
v 0.268543 -0.740341 1.660456
v 0.257909 -0.689991 1.687356
v 0.247050 -0.638492 1.710595
v 0.236018 -0.585987 1.730181
v 0.224865 -0.532620 1.746118
v 0.213642 -0.478534 1.758413
v 0.202402 -0.423873 1.767071
v 0.191196 -0.368781 1.772099
v 0.180076 -0.313402 1.773501
v 0.169094 -0.257879 1.771284
v 0.158293 -0.202356 1.765455
v 0.147687 -0.146977 1.756028
v 0.137280 -0.091885 1.743018
v 0.127076 -0.037225 1.726439
v 0.117081 0.016861 1.706306
v 0.107297 0.070228 1.682635
v 0.097731 0.122734 1.655441
v 0.088386 0.174233 1.624739
v 0.079266 0.224582 1.590544
v 0.070378 0.273639 1.552870
v 0.061723 0.321258 1.511732
v 0.053308 0.367297 1.467147
v 0.045135 0.411612 1.419127
v 0.037210 0.454059 1.367689
v 0.029536 0.494494 1.312847
v 0.246969 -1.007887 1.417663
v 0.238542 -0.967588 1.466475
v 0.229432 -0.925283 1.511604
v 0.219716 -0.881116 1.553055
v 0.209471 -0.835227 1.590834
v 0.198775 -0.787762 1.624950
v 0.187703 -0.738863 1.655407
v 0.176333 -0.688673 1.682212
v 0.164742 -0.637335 1.705372
v 0.153003 -0.584993 1.724892
v 0.141194 -0.531789 1.740777
v 0.129388 -0.477868 1.753032
v 0.117661 -0.423373 1.761664
v 0.106088 -0.368448 1.766676
v 0.094744 -0.313235 1.768074
v 0.083704 -0.257879 1.765864
v 0.073027 -0.202523 1.760053
v 0.062711 -0.147311 1.750654
v 0.052736 -0.092385 1.737682
v 0.043083 -0.037890 1.721155
v 0.033735 0.016031 1.701085
v 0.024672 0.069234 1.677491
v 0.015876 0.121577 1.650386
v 0.007327 0.172915 1.619787
v -0.000994 0.223105 1.585709
v -0.009106 0.272004 1.548166
v -0.017031 0.319469 1.507172
v -0.024789 0.365357 1.462743
v -0.032401 0.409525 1.414891
v -0.039887 0.451830 1.363633
v -0.047269 0.492129 1.308981
v 0.169580 -1.004067 1.410821
v 0.160921 -0.964003 1.459331
v 0.151428 -0.921939 1.504177
v 0.141206 -0.878018 1.545363
v 0.130358 -0.832382 1.582900
v 0.118986 -0.785172 1.616795
v 0.107196 -0.736530 1.647056
v 0.095089 -0.686599 1.673690
v 0.082768 -0.635520 1.696705
v 0.070332 -0.583437 1.716106
v 0.057878 -0.530492 1.731897
v 0.045504 -0.476831 1.744081
v 0.033308 -0.422595 1.752663
v 0.021386 -0.367929 1.757647
v 0.009837 -0.312976 1.759037
v -0.001243 -0.257879 1.756836
v -0.011778 -0.202783 1.751053
v -0.021788 -0.147830 1.741699
v -0.031312 -0.093164 1.728794
v -0.040393 -0.038928 1.712353
v -0.049072 0.014734 1.692393
v -0.057389 0.067678 1.668930
v -0.065386 0.119761 1.641982
v -0.073104 0.170840 1.611565
v -0.080586 0.220772 1.577696
v -0.087878 0.269413 1.540386
v -0.095028 0.316623 1.499651
v -0.102083 0.362259 1.455501
v -0.109092 0.406180 1.407949
v -0.116101 0.448244 1.357009
v -0.123160 0.488309 1.302692
v 0.092870 -0.998894 1.401483
v 0.083980 -0.959167 1.449549
v 0.074097 -0.917447 1.493972
v 0.063354 -0.873875 1.534763
v 0.051884 -0.828591 1.571933
v 0.039818 -0.781735 1.605493
v 0.027291 -0.733448 1.635455
v 0.014435 -0.683869 1.661829
v 0.001380 -0.633139 1.684624
v -0.011753 -0.581402 1.703845
v -0.024844 -0.528801 1.719493
v -0.037776 -0.475480 1.731570
v -0.050428 -0.421584 1.740078
v -0.062683 -0.367255 1.745018
v -0.074421 -0.312639 1.746393
v -0.085525 -0.257879 1.744205
v -0.095905 -0.203119 1.738458
v -0.105593 -0.148503 1.729169
v -0.114652 -0.094175 1.716356
v -0.123143 -0.040279 1.700038
v -0.131131 0.013042 1.680235
v -0.138675 0.065643 1.656964
v -0.145840 0.117381 1.630247
v -0.152687 0.168110 1.600099
v -0.159281 0.217689 1.566541
v -0.165698 0.265977 1.529582
v -0.172015 0.312832 1.489232
v -0.178310 0.358116 1.445500
v -0.184660 0.401688 1.398395
v -0.191145 0.443408 1.347927
v -0.197841 0.483136 1.294104
v 0.017173 -0.992469 1.389791
v 0.008049 -0.953186 1.437254
v -0.002241 -0.911916 1.481100
v -0.013531 -0.868798 1.521348
v -0.025655 -0.823967 1.558012
v -0.038446 -0.777563 1.591109
v -0.051740 -0.729723 1.620656
v -0.065369 -0.680584 1.646669
v -0.079173 -0.630285 1.669161
v -0.093008 -0.578971 1.688133
v -0.106736 -0.526786 1.703585
v -0.120219 -0.473875 1.715514
v -0.133317 -0.420384 1.723919
v -0.145892 -0.366458 1.728798
v -0.157806 -0.312241 1.730151
v -0.168921 -0.257879 1.727975
v -0.179133 -0.203518 1.722273
v -0.188489 -0.149301 1.713064
v -0.197070 -0.095375 1.700370
v -0.204957 -0.041883 1.684214
v -0.212232 0.011027 1.664618
v -0.218977 0.063212 1.641605
v -0.225273 0.114527 1.615196
v -0.231202 0.164825 1.585416
v -0.236851 0.213964 1.552282
v -0.242326 0.261804 1.515803
v -0.247739 0.308209 1.475981
v -0.253203 0.353039 1.432821
v -0.258829 0.396158 1.386325
v -0.264730 0.437427 1.336498
v -0.271017 0.476710 1.283343
v -0.057174 -0.984892 1.375885
v -0.066543 -0.946167 1.422572
v -0.077267 -0.905458 1.465674
v -0.089140 -0.862898 1.505215
v -0.101961 -0.818622 1.541219
v -0.115524 -0.772765 1.573710
v -0.129626 -0.725461 1.602713
v -0.144063 -0.676844 1.628251
v -0.158639 -0.627051 1.650345
v -0.173190 -0.576226 1.668993
v -0.187560 -0.524519 1.684188
v -0.201592 -0.472075 1.695924
v -0.215129 -0.419041 1.704195
v -0.228015 -0.365566 1.708994
v -0.240094 -0.311796 1.710315
v -0.251209 -0.257879 1.708151
v -0.261246 -0.203962 1.702502
v -0.270262 -0.150192 1.693389
v -0.278355 -0.096717 1.680841
v -0.285624 -0.043684 1.664886
v -0.292166 0.008760 1.645550
v -0.298083 0.060468 1.622862
v -0.303470 0.111292 1.596849
v -0.308428 0.161085 1.567540
v -0.313064 0.209702 1.534956
v -0.317520 0.257006 1.499099
v -0.321948 0.302863 1.459963
v -0.326498 0.347139 1.417543
v -0.331321 0.389699 1.371835
v -0.336569 0.430409 1.322834
v -0.342392 0.469134 1.270535
v -0.129839 -0.976265 1.359903
v -0.139467 -0.938216 1.405631
v -0.150658 -0.898180 1.447805
v -0.163164 -0.856287 1.486460
v -0.176737 -0.812667 1.521634
v -0.191130 -0.767451 1.553360
v -0.206096 -0.720768 1.581676
v -0.221387 -0.672749 1.606616
v -0.236769 -0.623528 1.628208
v -0.252057 -0.573252 1.646447
v -0.267078 -0.522071 1.661320
v -0.281661 -0.470137 1.672814
v -0.295634 -0.417600 1.680916
v -0.308824 -0.364611 1.685613
v -0.321059 -0.311321 1.686890
v -0.332168 -0.257879 1.684736
v -0.342025 -0.204438 1.679146
v -0.350696 -0.151147 1.670146
v -0.358295 -0.098158 1.657771
v -0.364933 -0.045621 1.642056
v -0.370724 0.006313 1.623037
v -0.375782 0.057493 1.600747
v -0.380218 0.107770 1.575223
v -0.384147 0.156991 1.546498
v -0.387694 0.205009 1.514600
v -0.391042 0.251692 1.479519
v -0.394388 0.296908 1.441240
v -0.397928 0.340528 1.399746
v -0.401857 0.382422 1.355020
v -0.406373 0.422458 1.307044
v -0.411672 0.460507 1.255804
v -0.200485 -0.966689 1.341987
v -0.210394 -0.929439 1.386556
v -0.222096 -0.890194 1.427603
v -0.235293 -0.849077 1.465180
v -0.249687 -0.806214 1.499338
v -0.264982 -0.761730 1.530127
v -0.280880 -0.715751 1.557598
v -0.297083 -0.668401 1.581803
v -0.313312 -0.619810 1.602780
v -0.329364 -0.570130 1.620520
v -0.345053 -0.519515 1.634999
v -0.360194 -0.468122 1.646197
v -0.374602 -0.416106 1.654092
v -0.388092 -0.363623 1.658661
v -0.400479 -0.310829 1.659884
v -0.411576 -0.257879 1.657737
v -0.421252 -0.204929 1.652211
v -0.429577 -0.152135 1.643338
v -0.436677 -0.099652 1.631163
v -0.442675 -0.047636 1.615731
v -0.447696 0.003757 1.597086
v -0.451864 0.054371 1.575272
v -0.455303 0.104052 1.550333
v -0.458136 0.152642 1.522316
v -0.460510 0.199992 1.491249
v -0.462650 0.245972 1.457115
v -0.464807 0.290455 1.419880
v -0.467228 0.333318 1.379511
v -0.470162 0.374435 1.335975
v -0.473857 0.413681 1.289241
v -0.478561 0.450930 1.239275
v -0.268754 -0.956290 1.322296
v -0.278978 -0.919973 1.365479
v -0.291252 -0.881640 1.405173
v -0.305220 -0.841410 1.441453
v -0.320523 -0.799403 1.474391
v -0.336805 -0.755737 1.504056
v -0.353714 -0.710533 1.530517
v -0.370895 -0.663911 1.553843
v -0.388022 -0.615998 1.574085
v -0.404871 -0.566948 1.591228
v -0.421248 -0.516924 1.605238
v -0.436958 -0.466089 1.616084
v -0.451805 -0.414605 1.623731
v -0.465593 -0.362634 1.628147
v -0.478127 -0.310338 1.629301
v -0.489212 -0.257879 1.627157
v -0.498707 -0.205421 1.621699
v -0.506689 -0.153125 1.612968
v -0.513290 -0.101154 1.601020
v -0.518642 -0.049669 1.585912
v -0.522876 0.001166 1.567700
v -0.526123 0.051189 1.546441
v -0.528517 0.100239 1.522191
v -0.530188 0.148153 1.495005
v -0.531297 0.194775 1.464923
v -0.532122 0.239979 1.431912
v -0.532970 0.283644 1.395920
v -0.534148 0.325652 1.356895
v -0.535963 0.365882 1.314785
v -0.538726 0.404215 1.269536
v -0.542751 0.440532 1.221090
v -0.334187 -0.945308 1.301071
v -0.344805 -0.910081 1.342554
v -0.357776 -0.872794 1.380587
v -0.372650 -0.833558 1.415289
v -0.388983 -0.792488 1.446769
v -0.406358 -0.749699 1.475113
v -0.424364 -0.705312 1.500402
v -0.442592 -0.659446 1.522716
v -0.460666 -0.612227 1.542114
v -0.478347 -0.563817 1.558571
v -0.495433 -0.514386 1.572041
v -0.511723 -0.464106 1.582479
v -0.527012 -0.413144 1.589840
v -0.541099 -0.361673 1.594078
v -0.553781 -0.309861 1.595147
v -0.564854 -0.257879 1.593001
v -0.574174 -0.205897 1.587614
v -0.581819 -0.154086 1.579038
v -0.587925 -0.102614 1.567341
v -0.592628 -0.051653 1.552596
v -0.596065 -0.001372 1.534871
v -0.598370 0.048058 1.514238
v -0.599681 0.096468 1.490766
v -0.600133 0.143687 1.464526
v -0.599899 0.189554 1.435566
v -0.599306 0.233941 1.403844
v -0.598717 0.276729 1.369300
v -0.598497 0.317800 1.331869
v -0.599016 0.357035 1.291481
v -0.600673 0.394322 1.248044
v -0.603875 0.429549 1.201457
v -0.396299 -0.934004 1.278572
v -0.407447 -0.900055 1.317940
v -0.421308 -0.863960 1.353911
v -0.437288 -0.825823 1.386681
v -0.454815 -0.785751 1.416428
v -0.473407 -0.743868 1.443246
v -0.492604 -0.700302 1.467211
v -0.511946 -0.655181 1.488395
v -0.531015 -0.608640 1.506851
v -0.549561 -0.560851 1.522542
v -0.567378 -0.511991 1.535408
v -0.584259 -0.462240 1.545389
v -0.599997 -0.411774 1.552426
v -0.614385 -0.360773 1.556458
v -0.627215 -0.309415 1.557427
v -0.638281 -0.257879 1.555273
v -0.647433 -0.206343 1.549959
v -0.654751 -0.154985 1.541548
v -0.660372 -0.103985 1.530125
v -0.664433 -0.053519 1.515776
v -0.667070 -0.003767 1.498585
v -0.668421 0.045093 1.478639
v -0.668623 0.092882 1.456023
v -0.667813 0.139422 1.430822
v -0.666173 0.184543 1.403100
v -0.664068 0.228110 1.372823
v -0.661907 0.269993 1.339935
v -0.660101 0.310064 1.304381
v -0.659083 0.348202 1.266085
v -0.659382 0.384296 1.224884
v -0.661552 0.418246 1.180596
v -0.454607 -0.922644 1.255060
v -0.466475 -0.890190 1.291799
v -0.481491 -0.855446 1.325208
v -0.498842 -0.818506 1.355621
v -0.517768 -0.779475 1.383323
v -0.537721 -0.738495 1.408401
v -0.558207 -0.695717 1.430897
v -0.578729 -0.651294 1.450850
v -0.598840 -0.605383 1.468281
v -0.618284 -0.558166 1.483136
v -0.636853 -0.509829 1.495339
v -0.654338 -0.460559 1.504816
v -0.670531 -0.410543 1.511493
v -0.685223 -0.359966 1.515295
v -0.698206 -0.309016 1.516148
v -0.709271 -0.257879 1.513978
v -0.718268 -0.206743 1.508738
v -0.725273 -0.155793 1.500502
v -0.730423 -0.105216 1.489371
v -0.733853 -0.055199 1.475446
v -0.735697 -0.005929 1.458829
v -0.736091 0.042408 1.439622
v -0.735171 0.089625 1.417925
v -0.733071 0.135535 1.393841
v -0.729977 0.179958 1.367450
v -0.726274 0.222736 1.338756
v -0.722398 0.263717 1.307739
v -0.718784 0.302748 1.274382
v -0.715925 0.339687 1.238616
v -0.714540 0.374431 1.200172
v -0.715403 0.406886 1.158730
v -0.509048 -0.911561 1.230570
v -0.521885 -0.880916 1.263901
v -0.538080 -0.847699 1.294322
v -0.557025 -0.811946 1.322056
v -0.577592 -0.773957 1.347390
v -0.599068 -0.733835 1.370519
v -0.620945 -0.691772 1.391416
v -0.642713 -0.647962 1.410052
v -0.663913 -0.602600 1.426389
v -0.684287 -0.555878 1.440346
v -0.703629 -0.507991 1.451834
v -0.721731 -0.459133 1.460765
v -0.738386 -0.409499 1.467048
v -0.753388 -0.359283 1.470595
v -0.766529 -0.308678 1.471315
v -0.777603 -0.257879 1.469120
v -0.786458 -0.207080 1.463954
v -0.793170 -0.156476 1.455901
v -0.797869 -0.106259 1.445077
v -0.800685 -0.056625 1.431602
v -0.801751 -0.007768 1.415591
v -0.801196 0.040119 1.397163
v -0.799152 0.086841 1.376436
v -0.795748 0.132204 1.353526
v -0.791168 0.176013 1.328542
v -0.785793 0.218076 1.301550
v -0.780057 0.258199 1.272606
v -0.774394 0.296187 1.241768
v -0.769474 0.331940 1.208852
v -0.766311 0.365158 1.173617
v -0.765497 0.395802 1.135846
v -0.557102 -0.901757 1.206016
v -0.572235 -0.873110 1.234461
v -0.590477 -0.841415 1.261038
v -0.611585 -0.806622 1.285744
v -0.634051 -0.769555 1.308485
v -0.657221 -0.730162 1.329518
v -0.680594 -0.688684 1.348721
v -0.703672 -0.645363 1.365973
v -0.726005 -0.600433 1.381157
v -0.747340 -0.554100 1.394166
v -0.767475 -0.506566 1.404894
v -0.786207 -0.458030 1.413239
v -0.803334 -0.408694 1.419097
v -0.818652 -0.358756 1.422363
v -0.831960 -0.308418 1.422933
v -0.843054 -0.257879 1.420704
v -0.851787 -0.207341 1.415610
v -0.858227 -0.157003 1.407745
v -0.862500 -0.107065 1.397243
v -0.864729 -0.057728 1.384236
v -0.865038 -0.009192 1.368858
v -0.863551 0.038342 1.351241
v -0.860393 0.084674 1.331518
v -0.855687 0.129605 1.309824
v -0.849605 0.172926 1.286294
v -0.842504 0.214404 1.261080
v -0.834789 0.253796 1.234339
v -0.826864 0.290863 1.206227
v -0.819406 0.325656 1.176479
v -0.813599 0.357351 1.145309
v -0.809705 0.385998 1.112713
v -0.599369 -0.893297 1.181270
v -0.617571 -0.866933 1.203493
v -0.638547 -0.836984 1.225167
v -0.662274 -0.803049 1.246395
v -0.686914 -0.766641 1.266446
v -0.711952 -0.727755 1.285308
v -0.736927 -0.686672 1.302761
v -0.761378 -0.643674 1.318583
v -0.784886 -0.599027 1.332571
v -0.807213 -0.552949 1.344589
v -0.828162 -0.505645 1.354519
v -0.847538 -0.457318 1.362244
v -0.865146 -0.408174 1.367646
v -0.880790 -0.358417 1.370607
v -0.894274 -0.308250 1.371009
v -0.905404 -0.257879 1.368734
v -0.914036 -0.207508 1.363710
v -0.920232 -0.157342 1.356038
v -0.924109 -0.107584 1.345867
v -0.925781 -0.058440 1.333344
v -0.925364 -0.010114 1.318616
v -0.922973 0.037191 1.301831
v -0.918723 0.083268 1.283136
v -0.912730 0.127915 1.262679
v -0.905149 0.170914 1.240625
v -0.896291 0.211996 1.217219
v -0.886508 0.250882 1.192722
v -0.876152 0.287291 1.167395
v -0.865737 0.321225 1.141250
v -0.856511 0.351175 1.115236
v -0.848653 0.377538 1.089193
v -0.661805 -0.893297 1.118834
v -0.691110 -0.866933 1.129954
v -0.720828 -0.836983 1.142885
v -0.751172 -0.803049 1.157498
v -0.781002 -0.766641 1.172357
v -0.810310 -0.727755 1.186950
v -0.838798 -0.686672 1.200890
v -0.866170 -0.643674 1.213791
v -0.892151 -0.599027 1.225307
v -0.916545 -0.552949 1.235256
v -0.939182 -0.505645 1.243499
v -0.959888 -0.457318 1.249894
v -0.978491 -0.408174 1.254301
v -0.994817 -0.358417 1.256579
v -1.008694 -0.308250 1.256589
v -1.019950 -0.257879 1.254189
v -1.028455 -0.207508 1.249290
v -1.034259 -0.157342 1.242011
v -1.037453 -0.107584 1.232522
v -1.038131 -0.058440 1.220993
v -1.036384 -0.010114 1.207595
v -1.032306 0.037191 1.192498
v -1.025988 0.083268 1.175872
v -1.017523 0.127915 1.157886
v -1.007020 0.170914 1.138754
v -0.994649 0.211996 1.118862
v -0.980596 0.250882 1.098634
v -0.965050 0.287291 1.078498
v -0.948019 0.321225 1.058968
v -0.930050 0.351175 1.041697
v -0.911089 0.377539 1.026757
v -0.684279 -0.901757 1.078839
v -0.720419 -0.873110 1.086277
v -0.755510 -0.841415 1.096005
v -0.789561 -0.806622 1.107768
v -0.822259 -0.769555 1.120278
v -0.853873 -0.730162 1.132866
v -0.884217 -0.688684 1.145097
v -0.913106 -0.645363 1.156539
v -0.940359 -0.600433 1.166803
v -0.965813 -0.554100 1.175692
v -0.989310 -0.506566 1.183059
v -1.010692 -0.458030 1.188754
v -1.029802 -0.408694 1.192628
v -1.046482 -0.358756 1.194533
v -1.060574 -0.308418 1.194319
v -1.071919 -0.257879 1.191839
v -1.080401 -0.207341 1.186996
v -1.086058 -0.157003 1.179915
v -1.088969 -0.107065 1.170774
v -1.089214 -0.057728 1.159750
v -1.086873 -0.009192 1.147022
v -1.082024 0.038342 1.132768
v -1.074748 0.084674 1.117164
v -1.065122 0.129605 1.100389
v -1.053228 0.172926 1.082670
v -1.039156 0.214404 1.064428
v -1.022997 0.253796 1.046131
v -1.004841 0.290863 1.028250
v -0.984439 0.325656 1.011446
v -0.961783 0.357351 0.997125
v -0.936881 0.385998 0.985536
v -0.706200 -0.911561 1.033419
v -0.747761 -0.880916 1.038024
v -0.787106 -0.847699 1.045296
v -0.824444 -0.811946 1.054638
v -0.859981 -0.773957 1.065001
v -0.893888 -0.733835 1.075700
v -0.926084 -0.691772 1.086278
v -0.956487 -0.647962 1.096278
v -0.985008 -0.602600 1.105293
v -1.011516 -0.555878 1.113117
v -1.035867 -0.507991 1.119596
v -1.057921 -0.459134 1.124574
v -1.077537 -0.409499 1.127897
v -1.094572 -0.359283 1.129410
v -1.108886 -0.308678 1.128959
v -1.120335 -0.257879 1.126387
v -1.128815 -0.207080 1.121597
v -1.134354 -0.156476 1.114716
v -1.137020 -0.106259 1.105926
v -1.136876 -0.056625 1.095411
v -1.133989 -0.007768 1.083353
v -1.128425 0.040119 1.069935
v -1.120247 0.086841 1.055340
v -1.109522 0.132204 1.039752
v -1.096306 0.176013 1.023404
v -1.080612 0.218076 1.006730
v -1.062446 0.258199 0.990216
v -1.041812 0.296187 0.974349
v -1.018500 0.331940 0.959826
v -0.992188 0.365158 0.947741
v -0.962648 0.395802 0.938695
v -0.727712 -0.922644 0.981954
v -0.773169 -0.890190 0.985105
v -0.815911 -0.855446 0.990789
v -0.856247 -0.818506 0.998217
v -0.894432 -0.779475 1.006659
v -0.930518 -0.738495 1.015604
v -0.964504 -0.695717 1.024599
v -0.996390 -0.651294 1.033188
v -1.026153 -0.605384 1.040968
v -1.053691 -0.558166 1.047729
v -1.078878 -0.509829 1.053314
v -1.101590 -0.460559 1.057565
v -1.121702 -0.410543 1.060322
v -1.139089 -0.359966 1.061429
v -1.153628 -0.309016 1.060726
v -1.165193 -0.257879 1.058055
v -1.173690 -0.206743 1.053316
v -1.179139 -0.155793 1.046636
v -1.181594 -0.105216 1.038200
v -1.181104 -0.055199 1.028195
v -1.177722 -0.005929 1.016805
v -1.171498 0.042408 1.004215
v -1.162484 0.089625 0.990612
v -1.150732 0.135535 0.976180
v -1.136274 0.179958 0.961153
v -1.119071 0.222736 0.945959
v -1.099061 0.263717 0.931075
v -1.076188 0.302748 0.916977
v -1.050345 0.339687 0.904196
v -1.021233 0.374431 0.893478
v -0.988509 0.406886 0.885624
v -0.748173 -0.934004 0.926698
v -0.796661 -0.900055 0.928727
v -0.842326 -0.863960 0.932893
v -0.885340 -0.825823 0.938628
v -0.925851 -0.785751 0.945392
v -0.963920 -0.743868 0.952734
v -0.999586 -0.700302 0.960228
v -1.032891 -0.655181 0.967450
v -1.063848 -0.608640 0.974017
v -1.092376 -0.560851 0.979727
v -1.118366 -0.511991 0.984420
v -1.141711 -0.462240 0.987937
v -1.162304 -0.411774 0.990119
v -1.180035 -0.360773 0.990807
v -1.194800 -0.309415 0.989843
v -1.206488 -0.257879 0.987066
v -1.215018 -0.206343 0.982375
v -1.220402 -0.154985 0.975897
v -1.222679 -0.103985 0.967819
v -1.221885 -0.053519 0.958324
v -1.218058 -0.003767 0.947597
v -1.211236 0.045093 0.935824
v -1.201457 0.092882 0.923189
v -1.188758 0.139422 0.909877
v -1.173155 0.184543 0.896117
v -1.154580 0.228110 0.882310
v -1.132943 0.269992 0.868899
v -1.108153 0.310064 0.856329
v -1.080101 0.348202 0.845067
v -1.048595 0.384296 0.835671
v -1.013426 0.418246 0.828722
v -0.767635 -0.945308 0.867622
v -0.818581 -0.910081 0.868778
v -0.866630 -0.872794 0.871733
v -0.911871 -0.833559 0.876068
v -0.954383 -0.792488 0.881369
v -0.994221 -0.749699 0.887250
v -1.031432 -0.705312 0.893334
v -1.066066 -0.659446 0.899242
v -1.098148 -0.612227 0.904631
v -1.127608 -0.563817 0.909309
v -1.154356 -0.514386 0.913118
v -1.178300 -0.464106 0.915902
v -1.199350 -0.413144 0.917502
v -1.217414 -0.361673 0.917764
v -1.232399 -0.309861 0.916528
v -1.244216 -0.257879 0.913639
v -1.252792 -0.205897 0.908995
v -1.258133 -0.154086 0.902723
v -1.260263 -0.102614 0.895003
v -1.259206 -0.051653 0.886018
v -1.254987 -0.001372 0.875949
v -1.247632 0.048058 0.864977
v -1.237163 0.096468 0.853284
v -1.223607 0.143687 0.841052
v -1.206967 0.189554 0.828498
v -1.187168 0.233941 0.815982
v -1.164117 0.276729 0.803900
v -1.137718 0.317800 0.792647
v -1.107870 0.357035 0.782627
v -1.074449 0.394322 0.774269
v -1.037323 0.429549 0.768008
v -0.785911 -0.956291 0.805140
v -0.838848 -0.919973 0.805608
v -0.888840 -0.881640 0.807586
v -0.935926 -0.841410 0.810747
v -0.980147 -0.799403 0.814766
v -1.021541 -0.755737 0.819320
v -1.060145 -0.710533 0.824086
v -1.095993 -0.663911 0.828745
v -1.129106 -0.615998 0.833001
v -1.159424 -0.566948 0.836675
v -1.186871 -0.516925 0.839615
v -1.211372 -0.466089 0.841670
v -1.232849 -0.414605 0.842687
v -1.251225 -0.362634 0.842515
v -1.266426 -0.310338 0.841002
v -1.278373 -0.257879 0.837997
v -1.287006 -0.205421 0.833401
v -1.292322 -0.153125 0.827336
v -1.294334 -0.101154 0.819976
v -1.293055 -0.049669 0.811499
v -1.288499 0.001166 0.802077
v -1.280676 0.051189 0.791888
v -1.269601 0.100239 0.781106
v -1.255286 0.148153 0.769907
v -1.237727 0.194775 0.758493
v -1.216858 0.239979 0.747176
v -1.192595 0.283644 0.736295
v -1.164853 0.325652 0.726189
v -1.133550 0.365882 0.717198
v -1.098597 0.404215 0.709665
v -1.059907 0.440532 0.703934
v -0.802809 -0.966689 0.739664
v -0.857383 -0.929439 0.739567
v -0.908972 -0.890194 0.740727
v -0.957594 -0.849077 0.742880
v -1.003265 -0.806214 0.745761
v -1.046003 -0.761730 0.749107
v -1.085825 -0.715751 0.752654
v -1.122748 -0.668401 0.756138
v -1.156777 -0.619810 0.759315
v -1.187861 -0.570130 0.762022
v -1.215936 -0.519515 0.764116
v -1.240939 -0.468122 0.765452
v -1.262806 -0.416106 0.765888
v -1.281473 -0.363623 0.765281
v -1.296876 -0.310829 0.763486
v -1.308953 -0.257879 0.760361
v -1.317649 -0.204929 0.755813
v -1.322958 -0.152135 0.749957
v -1.324881 -0.099652 0.742960
v -1.323421 -0.047636 0.734986
v -1.318580 0.003757 0.726203
v -1.310361 0.054371 0.716775
v -1.298768 0.104052 0.706868
v -1.283802 0.152642 0.696650
v -1.265454 0.199992 0.686304
v -1.243670 0.245972 0.676095
v -1.218384 0.290455 0.666302
v -1.189529 0.333318 0.657210
v -1.157038 0.374435 0.649100
v -1.120845 0.413681 0.642253
v -1.080885 0.450930 0.636952
v -0.818153 -0.976265 0.671590
v -0.874100 -0.938216 0.670998
v -0.927028 -0.898180 0.671435
v -0.976937 -0.856287 0.672687
v -1.023827 -0.812667 0.674543
v -1.067699 -0.767451 0.676791
v -1.108554 -0.720768 0.679217
v -1.146393 -0.672749 0.681610
v -1.181206 -0.623528 0.683771
v -1.212950 -0.573252 0.685554
v -1.241571 -0.522071 0.686827
v -1.267015 -0.470137 0.687460
v -1.289229 -0.417600 0.687321
v -1.308159 -0.364611 0.686278
v -1.323751 -0.311321 0.684199
v -1.335952 -0.257879 0.680952
v -1.344717 -0.204438 0.676454
v -1.350031 -0.151147 0.670811
v -1.351889 -0.098158 0.664176
v -1.350287 -0.045621 0.656703
v -1.345218 0.006313 0.648544
v -1.336675 0.057493 0.639853
v -1.324656 0.107770 0.630785
v -1.309152 0.156991 0.621492
v -1.290152 0.205009 0.612141
v -1.267612 0.251692 0.602950
v -1.241478 0.296908 0.594150
v -1.211701 0.340528 0.585973
v -1.178227 0.382422 0.578650
v -1.141006 0.422458 0.572412
v -1.099986 0.460507 0.567490
v -0.831817 -0.984893 0.601242
v -0.888906 -0.946167 0.600209
v -0.942943 -0.905458 0.599998
v -0.993916 -0.862898 0.600439
v -1.041812 -0.818622 0.601367
v -1.086621 -0.772765 0.602612
v -1.128330 -0.725461 0.604007
v -1.166928 -0.676844 0.605386
v -1.202397 -0.627051 0.606587
v -1.234697 -0.576227 0.607486
v -1.263781 -0.524519 0.607967
v -1.289604 -0.472075 0.607911
v -1.312121 -0.419041 0.607203
v -1.331284 -0.365566 0.605725
v -1.347048 -0.311796 0.603361
v -1.359366 -0.257879 0.599993
v -1.368200 -0.203962 0.595548
v -1.373531 -0.150192 0.590121
v -1.375347 -0.096717 0.583849
v -1.373636 -0.043684 0.576873
v -1.368388 0.008760 0.569329
v -1.359589 0.060468 0.561355
v -1.347228 0.111292 0.553091
v -1.331294 0.161085 0.544674
v -1.311769 0.209702 0.536251
v -1.288618 0.257006 0.528001
v -1.261800 0.302863 0.520110
v -1.231273 0.347139 0.512767
v -1.196997 0.389699 0.506158
v -1.158931 0.430409 0.500471
v -1.117034 0.469134 0.495892
v -0.843688 -0.992469 0.528930
v -0.901702 -0.953186 0.527502
v -0.956634 -0.911917 0.526707
v -1.008464 -0.868798 0.526415
v -1.057170 -0.823967 0.526497
v -1.102732 -0.777563 0.526823
v -1.145130 -0.729723 0.527266
v -1.184342 -0.680584 0.527696
v -1.220344 -0.630285 0.527990
v -1.253100 -0.578971 0.528041
v -1.282569 -0.526786 0.527752
v -1.308710 -0.473875 0.527022
v -1.331484 -0.420384 0.525752
v -1.350849 -0.366458 0.523842
v -1.366764 -0.312241 0.521193
v -1.379191 -0.257879 0.517705
v -1.388091 -0.203518 0.513316
v -1.393445 -0.149301 0.508108
v -1.395237 -0.095375 0.502204
v -1.393449 -0.041883 0.495722
v -1.388065 0.011027 0.488785
v -1.379069 0.063212 0.481512
v -1.366444 0.114527 0.474025
v -1.350175 0.164825 0.466443
v -1.330240 0.213964 0.458892
v -1.306612 0.261804 0.451517
v -1.279254 0.308209 0.444466
v -1.248136 0.353039 0.437888
v -1.213222 0.396158 0.431932
v -1.174481 0.437428 0.426747
v -1.131878 0.476710 0.422482
v -0.853654 -0.998894 0.454960
v -0.912391 -0.959167 0.453178
v -0.968020 -0.917447 0.451854
v -1.020515 -0.873875 0.450893
v -1.069849 -0.828591 0.450200
v -1.115995 -0.781735 0.449680
v -1.158928 -0.733448 0.449236
v -1.198619 -0.683869 0.448775
v -1.235041 -0.633139 0.448204
v -1.268159 -0.581402 0.447439
v -1.297936 -0.528801 0.446401
v -1.324336 -0.475480 0.445010
v -1.347321 -0.421584 0.443185
v -1.366854 -0.367255 0.440847
v -1.382900 -0.312639 0.437915
v -1.395421 -0.257879 0.434309
v -1.404383 -0.203119 0.429980
v -1.409764 -0.148503 0.424997
v -1.411544 -0.094175 0.419463
v -1.409704 -0.040279 0.413478
v -1.404223 0.013042 0.407142
v -1.395082 0.065643 0.400558
v -1.382261 0.117381 0.393826
v -1.365741 0.168110 0.387046
v -1.345500 0.217689 0.380323
v -1.321511 0.265977 0.373769
v -1.293747 0.312832 0.367499
v -1.262179 0.358116 0.361631
v -1.226778 0.401688 0.356277
v -1.187516 0.443408 0.351556
v -1.144365 0.483136 0.347580
v -0.861602 -1.004067 0.379639
v -0.920875 -0.964003 0.377536
v -0.977018 -0.921939 0.375730
v -1.030003 -0.878018 0.374154
v -1.079799 -0.832382 0.372744
v -1.126374 -0.785172 0.371434
v -1.169701 -0.736530 0.370160
v -1.209747 -0.686599 0.368855
v -1.246482 -0.635520 0.367455
v -1.279873 -0.583437 0.365901
v -1.309885 -0.530492 0.364133
v -1.336483 -0.476831 0.362093
v -1.359634 -0.422595 0.359721
v -1.379302 -0.367929 0.356959
v -1.395453 -0.312976 0.353747
v -1.408052 -0.257879 0.350027
v -1.417068 -0.202783 0.345763
v -1.422476 -0.147830 0.341012
v -1.424254 -0.093164 0.335852
v -1.422381 -0.038928 0.330365
v -1.416835 0.014734 0.324629
v -1.407594 0.067678 0.318725
v -1.394636 0.119761 0.312732
v -1.377940 0.170840 0.306730
v -1.357482 0.220772 0.300799
v -1.333239 0.269413 0.295026
v -1.305184 0.316623 0.289494
v -1.273292 0.362259 0.284291
v -1.237538 0.406180 0.279502
v -1.197897 0.448244 0.275213
v -1.154342 0.488309 0.271510
v -0.867419 -1.007887 0.303275
v -0.927055 -0.967588 0.300878
v -0.983547 -0.925283 0.298625
v -1.036862 -0.881115 0.296477
v -1.086968 -0.835227 0.294395
v -1.133833 -0.787762 0.292342
v -1.177425 -0.738863 0.290279
v -1.217712 -0.688673 0.288167
v -1.254662 -0.637335 0.285969
v -1.288242 -0.584993 0.283647
v -1.318418 -0.531789 0.281166
v -1.345157 -0.477868 0.278488
v -1.368426 -0.423373 0.275577
v -1.388192 -0.368448 0.272396
v -1.404421 -0.313235 0.268910
v -1.417080 -0.257879 0.265081
v -1.426138 -0.202523 0.260888
v -1.431569 -0.147311 0.256374
v -1.433352 -0.092385 0.251595
v -1.431462 -0.037890 0.246610
v -1.425876 0.016031 0.241474
v -1.416573 0.069234 0.236246
v -1.403528 0.121577 0.230983
v -1.386719 0.172915 0.225742
v -1.366122 0.223105 0.220580
v -1.341714 0.272004 0.215558
v -1.313470 0.319469 0.210733
v -1.281367 0.365357 0.206165
v -1.245379 0.409525 0.201913
v -1.205484 0.451830 0.198036
v -1.161657 0.492129 0.194593
v -0.870991 -1.010253 0.226177
v -0.930835 -0.969818 0.223505
v -0.987525 -0.927371 0.220831
v -1.041026 -0.883056 0.218140
v -1.091307 -0.837017 0.215420
v -1.138335 -0.789397 0.212656
v -1.182077 -0.740341 0.209836
v -1.222501 -0.689991 0.206945
v -1.259574 -0.638492 0.203971
v -1.293263 -0.585987 0.200899
v -1.323535 -0.532620 0.197717
v -1.350359 -0.478534 0.194412
v -1.373699 -0.423873 0.190970
v -1.393525 -0.368781 0.187378
v -1.409803 -0.313402 0.183623
v -1.422500 -0.257879 0.179691
v -1.431585 -0.202356 0.175577
v -1.437034 -0.146977 0.171308
v -1.438821 -0.091885 0.166916
v -1.436924 -0.037225 0.162438
v -1.431320 0.016861 0.157905
v -1.421984 0.070228 0.153354
v -1.408894 0.122734 0.148817
v -1.392025 0.174233 0.144329
v -1.371354 0.224582 0.139923
v -1.346857 0.273639 0.135635
v -1.318511 0.321258 0.131498
v -1.286292 0.367297 0.127547
v -1.250176 0.411612 0.123816
v -1.210139 0.454059 0.120340
v -1.166158 0.494494 0.117152
v -0.872207 -1.011064 0.148651
v -0.932117 -0.970584 0.145718
v -0.988869 -0.928091 0.142639
v -1.042429 -0.883727 0.139425
v -1.092765 -0.837638 0.136085
v -1.139844 -0.789967 0.132631
v -1.183633 -0.740857 0.129073
v -1.224100 -0.690453 0.125421
v -1.261212 -0.638898 0.121686
v -1.294937 -0.586337 0.117878
v -1.325241 -0.532912 0.114007
v -1.352092 -0.478769 0.110084
v -1.375457 -0.424050 0.106119
v -1.395303 -0.368899 0.102123
v -1.411597 -0.313461 0.098107
v -1.424308 -0.257879 0.094080
v -1.433403 -0.202297 0.090053
v -1.438857 -0.146859 0.086036
v -1.440648 -0.091709 0.082040
v -1.438750 -0.036990 0.078075
v -1.433141 0.017154 0.074152
v -1.423796 0.070578 0.070282
v -1.410692 0.123140 0.066473
v -1.393805 0.174694 0.062738
v -1.373112 0.225099 0.059086
v -1.348589 0.274208 0.055528
v -1.320212 0.321880 0.052074
v -1.287958 0.367969 0.048734
v -1.251802 0.412332 0.045520
v -1.211722 0.454826 0.042441
v -1.167693 0.495306 0.039508
v -0.870991 -1.010253 0.071007
v -0.930835 -0.969818 0.067819
v -0.987525 -0.927371 0.064343
v -1.041026 -0.883056 0.060612
v -1.091307 -0.837017 0.056661
v -1.138335 -0.789397 0.052524
v -1.182077 -0.740341 0.048236
v -1.222501 -0.689991 0.043831
v -1.259574 -0.638492 0.039342
v -1.293263 -0.585987 0.034805
v -1.323536 -0.532620 0.030254
v -1.350359 -0.478534 0.025722
v -1.373699 -0.423873 0.021243
v -1.393525 -0.368781 0.016852
v -1.409803 -0.313402 0.012582
v -1.422500 -0.257879 0.008468
v -1.431585 -0.202356 0.004537
v -1.437033 -0.146977 0.000781
v -1.438821 -0.091885 -0.002811
v -1.436924 -0.037225 -0.006253
v -1.431320 0.016861 -0.009558
v -1.421985 0.070228 -0.012740
v -1.408894 0.122734 -0.015811
v -1.392025 0.174233 -0.018786
v -1.371354 0.224582 -0.021677
v -1.346857 0.273639 -0.024497
v -1.318511 0.321258 -0.027261
v -1.286292 0.367297 -0.029981
v -1.250176 0.411612 -0.032672
v -1.210139 0.454059 -0.035346
v -1.166158 0.494494 -0.038018
v -0.867419 -1.007887 -0.006434
v -0.927055 -0.967588 -0.009877
v -0.983547 -0.925283 -0.013754
v -1.036862 -0.881115 -0.018006
v -1.086968 -0.835227 -0.022574
v -1.133833 -0.787762 -0.027398
v -1.177425 -0.738863 -0.032421
v -1.217712 -0.688673 -0.037582
v -1.254662 -0.637335 -0.042823
v -1.288242 -0.584993 -0.048087
v -1.318418 -0.531789 -0.053315
v -1.345157 -0.477868 -0.058450
v -1.368426 -0.423373 -0.063436
v -1.388192 -0.368448 -0.068215
v -1.404421 -0.313235 -0.072729
v -1.417080 -0.257879 -0.076921
v -1.426138 -0.202523 -0.080750
v -1.431569 -0.147311 -0.084237
v -1.433352 -0.092385 -0.087417
v -1.431462 -0.037890 -0.090328
v -1.425876 0.016031 -0.093006
v -1.416573 0.069234 -0.095488
v -1.403528 0.121577 -0.097810
v -1.386719 0.172915 -0.100008
v -1.366122 0.223105 -0.102120
v -1.341714 0.272004 -0.104183
v -1.313470 0.319469 -0.106236
v -1.281367 0.365357 -0.108317
v -1.245379 0.409525 -0.110466
v -1.205484 0.451830 -0.112719
v -1.161657 0.492129 -0.115116
v -0.861602 -1.004067 -0.083351
v -0.920875 -0.964002 -0.087054
v -0.977018 -0.921939 -0.091343
v -1.030003 -0.878018 -0.096132
v -1.079798 -0.832382 -0.101335
v -1.126374 -0.785172 -0.106866
v -1.169701 -0.736530 -0.112640
v -1.209747 -0.686599 -0.118570
v -1.246482 -0.635520 -0.124573
v -1.279873 -0.583437 -0.130566
v -1.309885 -0.530492 -0.136470
v -1.336484 -0.476831 -0.142206
v -1.359634 -0.422595 -0.147693
v -1.379302 -0.367929 -0.152852
v -1.395453 -0.312976 -0.157604
v -1.408052 -0.257879 -0.161868
v -1.417068 -0.202783 -0.165588
v -1.422476 -0.147830 -0.168799
v -1.424254 -0.093164 -0.171562
v -1.422381 -0.038928 -0.173933
v -1.416835 0.014734 -0.175974
v -1.407594 0.067678 -0.177741
v -1.394636 0.119761 -0.179296
v -1.377940 0.170840 -0.180695
v -1.357482 0.220772 -0.182000
v -1.333239 0.269413 -0.183275
v -1.305184 0.316623 -0.184585
v -1.273292 0.362259 -0.185995
v -1.237538 0.406180 -0.187570
v -1.197897 0.448244 -0.189377
v -1.154342 0.488309 -0.191480
v -0.853654 -0.998894 -0.159421
v -0.912391 -0.959167 -0.163396
v -0.968020 -0.917447 -0.168118
v -1.020515 -0.873875 -0.173471
v -1.069849 -0.828591 -0.179340
v -1.115995 -0.781735 -0.185609
v -1.158927 -0.733448 -0.192163
v -1.198619 -0.683869 -0.198887
v -1.235041 -0.633139 -0.205666
v -1.268159 -0.581402 -0.212399
v -1.297936 -0.528801 -0.218983
v -1.324336 -0.475480 -0.225318
v -1.347321 -0.421584 -0.231304
v -1.366854 -0.367255 -0.236838
v -1.382900 -0.312639 -0.241821
v -1.395421 -0.257879 -0.246150
v -1.404383 -0.203119 -0.249756
v -1.409764 -0.148503 -0.252688
v -1.411544 -0.094175 -0.255026
v -1.409704 -0.040279 -0.256851
v -1.404223 0.013042 -0.258242
v -1.395082 0.065643 -0.259280
v -1.382261 0.117381 -0.260044
v -1.365741 0.168110 -0.260616
v -1.345500 0.217689 -0.261077
v -1.321511 0.265977 -0.261520
v -1.293747 0.312832 -0.262041
v -1.262179 0.358116 -0.262734
v -1.226778 0.401688 -0.263695
v -1.187516 0.443408 -0.265019
v -1.144365 0.483136 -0.266800
v -0.843688 -0.992469 -0.234323
v -0.901702 -0.953186 -0.238588
v -0.956634 -0.911916 -0.243773
v -1.008464 -0.868798 -0.249729
v -1.057170 -0.823967 -0.256307
v -1.102732 -0.777563 -0.263358
v -1.145130 -0.729723 -0.270733
v -1.184342 -0.680584 -0.278284
v -1.220344 -0.630285 -0.285866
v -1.253100 -0.578971 -0.293353
v -1.282569 -0.526786 -0.300626
v -1.308710 -0.473875 -0.307563
v -1.331484 -0.420384 -0.314044
v -1.350849 -0.366458 -0.319949
v -1.366764 -0.312241 -0.325156
v -1.379191 -0.257879 -0.329546
v -1.388091 -0.203518 -0.333034
v -1.393445 -0.149301 -0.335683
v -1.395237 -0.095375 -0.337593
v -1.393449 -0.041883 -0.338863
v -1.388065 0.011027 -0.339593
v -1.379069 0.063212 -0.339882
v -1.366444 0.114527 -0.339830
v -1.350175 0.164825 -0.339537
v -1.330240 0.213964 -0.339107
v -1.306612 0.261804 -0.338664
v -1.279254 0.308209 -0.338337
v -1.248136 0.353039 -0.338256
v -1.213222 0.396158 -0.338548
v -1.174481 0.437427 -0.339343
v -1.131878 0.476710 -0.340771
v -0.831817 -0.984892 -0.307733
v -0.888906 -0.946167 -0.312312
v -0.942943 -0.905458 -0.317999
v -0.993916 -0.862898 -0.324608
v -1.041813 -0.818622 -0.331951
v -1.086621 -0.772765 -0.339842
v -1.128331 -0.725461 -0.348092
v -1.166929 -0.676844 -0.356515
v -1.202397 -0.627051 -0.364932
v -1.234697 -0.576226 -0.373196
v -1.263781 -0.524519 -0.381169
v -1.289605 -0.472075 -0.388713
v -1.312121 -0.419041 -0.395690
v -1.331284 -0.365566 -0.401961
v -1.347048 -0.311796 -0.407389
v -1.359366 -0.257879 -0.411834
v -1.368200 -0.203962 -0.415202
v -1.373531 -0.150192 -0.417566
v -1.375347 -0.096717 -0.419044
v -1.373637 -0.043684 -0.419752
v -1.368388 0.008760 -0.419807
v -1.359589 0.060468 -0.419327
v -1.347228 0.111292 -0.418428
v -1.331294 0.161085 -0.417226
v -1.311769 0.209702 -0.415848
v -1.288618 0.257006 -0.414453
v -1.261800 0.302863 -0.413207
v -1.231273 0.347139 -0.412280
v -1.196997 0.389699 -0.411838
v -1.158931 0.430409 -0.412050
v -1.117034 0.469134 -0.413083
v -0.818153 -0.976265 -0.379330
v -0.874100 -0.938216 -0.384252
v -0.927028 -0.898180 -0.390491
v -0.976937 -0.856287 -0.397814
v -1.023827 -0.812667 -0.405991
v -1.067699 -0.767451 -0.414791
v -1.108555 -0.720768 -0.423982
v -1.146393 -0.672749 -0.433333
v -1.181206 -0.623528 -0.442626
v -1.212950 -0.573252 -0.451694
v -1.241571 -0.522071 -0.460385
v -1.267015 -0.470137 -0.468543
v -1.289229 -0.417600 -0.476017
v -1.308159 -0.364611 -0.482652
v -1.323751 -0.311321 -0.488295
v -1.335952 -0.257879 -0.492793
v -1.344717 -0.204438 -0.496039
v -1.350031 -0.151147 -0.498118
v -1.351890 -0.098158 -0.499162
v -1.350287 -0.045621 -0.499301
v -1.345217 0.006313 -0.498668
v -1.336676 0.057493 -0.497394
v -1.324655 0.107770 -0.495611
v -1.309152 0.156991 -0.493451
v -1.290152 0.205009 -0.491058
v -1.267611 0.251692 -0.488632
v -1.241478 0.296908 -0.486384
v -1.211701 0.340528 -0.484528
v -1.178228 0.382422 -0.483275
v -1.141006 0.422458 -0.482839
v -1.099986 0.460507 -0.483430
v -0.802809 -0.966689 -0.448792
v -0.857383 -0.929439 -0.454093
v -0.908972 -0.890194 -0.460940
v -0.957594 -0.849077 -0.469051
v -1.003265 -0.806214 -0.478143
v -1.046003 -0.761730 -0.487935
v -1.085825 -0.715751 -0.498145
v -1.122749 -0.668401 -0.508491
v -1.156777 -0.619810 -0.518709
v -1.187861 -0.570130 -0.528615
v -1.215936 -0.519515 -0.538043
v -1.240939 -0.468122 -0.546827
v -1.262806 -0.416106 -0.554801
v -1.281473 -0.363623 -0.561798
v -1.296877 -0.310829 -0.567654
v -1.308953 -0.257879 -0.572201
v -1.317649 -0.204929 -0.575327
v -1.322958 -0.152135 -0.577121
v -1.324881 -0.099652 -0.577729
v -1.323420 -0.047636 -0.577293
v -1.318580 0.003757 -0.575956
v -1.310362 0.054371 -0.573863
v -1.298768 0.104052 -0.571156
v -1.283802 0.152642 -0.567979
v -1.265455 0.199992 -0.564494
v -1.243671 0.245972 -0.560948
v -1.218384 0.290455 -0.557601
v -1.189529 0.333318 -0.554720
v -1.157038 0.374435 -0.552568
v -1.120845 0.413681 -0.551408
v -1.080885 0.450930 -0.551504
v -0.785910 -0.956291 -0.515775
v -0.838848 -0.919973 -0.521506
v -0.888839 -0.881640 -0.529039
v -0.935925 -0.841410 -0.538030
v -0.980147 -0.799403 -0.548136
v -1.021541 -0.755737 -0.559017
v -1.060144 -0.710533 -0.570334
v -1.095994 -0.663911 -0.581748
v -1.129106 -0.615998 -0.592947
v -1.159424 -0.566948 -0.603729
v -1.186872 -0.516924 -0.613918
v -1.211372 -0.466089 -0.623339
v -1.232848 -0.414605 -0.631817
v -1.251225 -0.362634 -0.639176
v -1.266426 -0.310338 -0.645241
v -1.278373 -0.257879 -0.649837
v -1.287006 -0.205421 -0.652843
v -1.292322 -0.153125 -0.654356
v -1.294334 -0.101154 -0.654528
v -1.293056 -0.049669 -0.653511
v -1.288499 0.001166 -0.651456
v -1.280676 0.051189 -0.648516
v -1.269601 0.100239 -0.644841
v -1.255286 0.148153 -0.640585
v -1.237727 0.194775 -0.635927
v -1.216858 0.239979 -0.631161
v -1.192595 0.283644 -0.626607
v -1.164853 0.325652 -0.622588
v -1.133550 0.365882 -0.619427
v -1.098597 0.404215 -0.617449
v -1.059907 0.440532 -0.616980
v -0.767635 -0.945308 -0.579849
v -0.818581 -0.910081 -0.586109
v -0.866630 -0.872794 -0.594468
v -0.911871 -0.833558 -0.604488
v -0.954383 -0.792488 -0.615740
v -0.994220 -0.749699 -0.627822
v -1.031432 -0.705312 -0.640338
v -1.066067 -0.659446 -0.652892
v -1.098148 -0.612227 -0.665124
v -1.127608 -0.563817 -0.676817
v -1.154356 -0.514386 -0.687789
v -1.178301 -0.464106 -0.697859
v -1.199350 -0.413144 -0.706844
v -1.217414 -0.361673 -0.714564
v -1.232399 -0.309861 -0.720836
v -1.244216 -0.257879 -0.725479
v -1.252793 -0.205897 -0.728369
v -1.258133 -0.154086 -0.729604
v -1.260263 -0.102614 -0.729343
v -1.259206 -0.051653 -0.727743
v -1.254987 -0.001372 -0.724959
v -1.247632 0.048058 -0.721150
v -1.237163 0.096468 -0.716472
v -1.223607 0.143687 -0.711083
v -1.206967 0.189554 -0.705175
v -1.187169 0.233941 -0.699091
v -1.164117 0.276729 -0.693210
v -1.137718 0.317800 -0.687909
v -1.107870 0.357035 -0.683574
v -1.074449 0.394322 -0.680619
v -1.037323 0.429549 -0.679463
v -0.748173 -0.934004 -0.640563
v -0.796660 -0.900055 -0.647512
v -0.842326 -0.863960 -0.656907
v -0.885340 -0.825823 -0.668170
v -0.925851 -0.785751 -0.680740
v -0.963920 -0.743868 -0.694151
v -0.999586 -0.700302 -0.707958
v -1.032891 -0.655181 -0.721718
v -1.063848 -0.608640 -0.735030
v -1.092376 -0.560851 -0.747665
v -1.118366 -0.511991 -0.759438
v -1.141711 -0.462240 -0.770164
v -1.162304 -0.411774 -0.779659
v -1.180036 -0.360773 -0.787738
v -1.194800 -0.309415 -0.794215
v -1.206488 -0.257879 -0.798906
v -1.215018 -0.206343 -0.801683
v -1.220402 -0.154985 -0.802648
v -1.222679 -0.103985 -0.801960
v -1.221885 -0.053519 -0.799778
v -1.218058 -0.003767 -0.796261
v -1.211236 0.045093 -0.791568
v -1.201457 0.092882 -0.785858
v -1.188758 0.139422 -0.779291
v -1.173155 0.184543 -0.772069
v -1.154580 0.228110 -0.764574
v -1.132943 0.269993 -0.757233
v -1.108153 0.310064 -0.750469
v -1.080101 0.348202 -0.744734
v -1.048595 0.384296 -0.740568
v -1.013426 0.418246 -0.738539
v -0.727712 -0.922644 -0.697465
v -0.773169 -0.890190 -0.705319
v -0.815911 -0.855446 -0.716037
v -0.856246 -0.818506 -0.728818
v -0.894432 -0.779475 -0.742916
v -0.930518 -0.738495 -0.757800
v -0.964504 -0.695717 -0.772994
v -0.996390 -0.651294 -0.788020
v -1.026154 -0.605383 -0.802452
v -1.053691 -0.558166 -0.816056
v -1.078878 -0.509829 -0.828645
v -1.101590 -0.460559 -0.840035
v -1.121702 -0.410543 -0.850041
v -1.139089 -0.359966 -0.858476
v -1.153628 -0.309016 -0.865157
v -1.165193 -0.257879 -0.869896
v -1.173690 -0.206743 -0.872567
v -1.179139 -0.155793 -0.873270
v -1.181594 -0.105216 -0.872163
v -1.181104 -0.055199 -0.869406
v -1.177722 -0.005929 -0.865155
v -1.171498 0.042408 -0.859570
v -1.162485 0.089625 -0.852808
v -1.150732 0.135535 -0.845029
v -1.136274 0.179958 -0.836440
v -1.119071 0.222736 -0.827445
v -1.099061 0.263717 -0.818500
v -1.076188 0.302748 -0.810058
v -1.050344 0.339687 -0.802629
v -1.021233 0.374431 -0.796946
v -0.988509 0.406886 -0.793795
v -0.706200 -0.911561 -0.750536
v -0.747761 -0.880916 -0.759582
v -0.787105 -0.847699 -0.771667
v -0.824444 -0.811946 -0.786190
v -0.859981 -0.773957 -0.802057
v -0.893888 -0.733835 -0.818571
v -0.926084 -0.691772 -0.835244
v -0.956487 -0.647962 -0.851593
v -0.985009 -0.602600 -0.867181
v -1.011516 -0.555878 -0.881775
v -1.035867 -0.507991 -0.895193
v -1.057921 -0.459133 -0.907251
v -1.077537 -0.409499 -0.917767
v -1.094572 -0.359283 -0.926557
v -1.108885 -0.308678 -0.933438
v -1.120335 -0.257879 -0.938228
v -1.128815 -0.207080 -0.940799
v -1.134354 -0.156476 -0.941251
v -1.137020 -0.106259 -0.939738
v -1.136876 -0.056625 -0.936415
v -1.133989 -0.007768 -0.931436
v -1.128425 0.040119 -0.924958
v -1.120247 0.086841 -0.917134
v -1.109522 0.132204 -0.908119
v -1.096306 0.176013 -0.898119
v -1.080612 0.218076 -0.887540
v -1.062446 0.258199 -0.876841
v -1.041812 0.296187 -0.866479
v -1.018500 0.331940 -0.857137
v -0.992188 0.365158 -0.849865
v -0.962648 0.395802 -0.845260
v -0.684279 -0.901757 -0.797377
v -0.720419 -0.873110 -0.808966
v -0.755510 -0.841415 -0.823287
v -0.789561 -0.806622 -0.840091
v -0.822259 -0.769555 -0.857972
v -0.853873 -0.730162 -0.876269
v -0.884217 -0.688684 -0.894511
v -0.913106 -0.645363 -0.912230
v -0.940359 -0.600433 -0.929005
v -0.965813 -0.554100 -0.944608
v -0.989310 -0.506566 -0.958863
v -1.010692 -0.458030 -0.971591
v -1.029802 -0.408694 -0.982615
v -1.046482 -0.358756 -0.991756
v -1.060574 -0.308418 -0.998837
v -1.071919 -0.257879 -1.003679
v -1.080401 -0.207341 -1.006160
v -1.086057 -0.157003 -1.006374
v -1.088969 -0.107065 -1.004469
v -1.089214 -0.057728 -1.000595
v -1.086873 -0.009192 -0.994900
v -1.082025 0.038342 -0.987533
v -1.074747 0.084674 -0.978643
v -1.065122 0.129605 -0.968380
v -1.053228 0.172926 -0.956938
v -1.039156 0.214404 -0.944706
v -1.022997 0.253796 -0.932118
v -1.004841 0.290863 -0.919608
v -0.984439 0.325656 -0.907846
v -0.961783 0.357351 -0.898118
v -0.936881 0.385998 -0.890680
v -0.661806 -0.893297 -0.838597
v -0.691110 -0.866933 -0.853538
v -0.720828 -0.836984 -0.870809
v -0.751172 -0.803049 -0.890339
v -0.781002 -0.766641 -0.910474
v -0.810310 -0.727755 -0.930702
v -0.838798 -0.686672 -0.950595
v -0.866170 -0.643674 -0.969727
v -0.892151 -0.599027 -0.987712
v -0.916545 -0.552949 -1.004339
v -0.939182 -0.505645 -1.019436
v -0.959888 -0.457318 -1.032834
v -0.978491 -0.408174 -1.044363
v -0.994817 -0.358417 -1.053852
v -1.008694 -0.308250 -1.061130
v -1.019950 -0.257879 -1.066029
v -1.028455 -0.207508 -1.068430
v -1.034259 -0.157342 -1.068420
v -1.037454 -0.107584 -1.066142
v -1.038131 -0.058440 -1.061735
v -1.036384 -0.010114 -1.055339
v -1.032305 0.037191 -1.047097
v -1.025988 0.083268 -1.037147
v -1.017523 0.127915 -1.025632
v -1.007020 0.170914 -1.012731
v -0.994649 0.211996 -0.998791
v -0.980597 0.250882 -0.984198
v -0.965050 0.287291 -0.969338
v -0.948019 0.321225 -0.954726
v -0.930050 0.351175 -0.941795
v -0.911089 0.377538 -0.930675
v -0.591418 -0.933833 -0.835660
v -0.547737 -0.949501 -0.847555
v -0.498570 -0.964981 -0.861535
v -0.443285 -0.980359 -0.877492
v -0.384317 -0.995090 -0.893922
v -0.321661 -1.009165 -0.910313
v -0.255781 -1.022429 -0.926268
v -0.187140 -1.034724 -0.941394
v -0.116178 -1.045905 -0.955334
v -0.043251 -1.055875 -0.967900
v 0.031312 -1.064547 -0.978941
v 0.107178 -1.071836 -0.988310
v 0.184015 -1.077655 -0.995856
v 0.261491 -1.081918 -1.001431
v 0.339275 -1.084538 -1.004885
v 0.417035 -1.085431 -1.006070
v 0.494445 -1.084538 -1.004885
v 0.571200 -1.081918 -1.001431
v 0.647004 -1.077655 -0.995856
v 0.721559 -1.071836 -0.988310
v 0.794565 -1.064547 -0.978941
v 0.865725 -1.055875 -0.967900
v 0.934742 -1.045905 -0.955334
v 1.001316 -1.034724 -0.941394
v 1.065134 -1.022429 -0.926269
v 1.125810 -1.009165 -0.910313
v 1.182944 -0.995090 -0.893922
v 1.236134 -0.980359 -0.877492
v 1.285385 -0.964981 -0.861535
v 1.328480 -0.949501 -0.847555
v 1.366014 -0.933833 -0.835661
v -0.601374 -0.949501 -0.793918
v -0.553364 -0.969316 -0.801996
v -0.500868 -0.988062 -0.812662
v -0.443810 -1.005738 -0.825664
v -0.383479 -1.022246 -0.839664
v -0.319761 -1.037755 -0.853982
v -0.253046 -1.052173 -0.868175
v -0.183722 -1.065412 -0.881796
v -0.112169 -1.077383 -0.894448
v -0.038720 -1.088008 -0.905924
v 0.036300 -1.097210 -0.916068
v 0.112569 -1.104911 -0.924722
v 0.189762 -1.111034 -0.931727
v 0.267556 -1.115504 -0.936926
v 0.345628 -1.118242 -0.940162
v 0.423653 -1.119172 -0.941275
v 0.501314 -1.118242 -0.940162
v 0.578311 -1.115504 -0.936926
v 0.654352 -1.111034 -0.931727
v 0.729143 -1.104911 -0.924722
v 0.802390 -1.097210 -0.916068
v 0.873801 -1.088008 -0.905924
v 0.943081 -1.077383 -0.894448
v 1.009938 -1.065412 -0.881796
v 1.074068 -1.052173 -0.868175
v 1.135127 -1.037755 -0.853983
v 1.192760 -1.022246 -0.839664
v 1.246615 -1.005738 -0.825664
v 1.296738 -0.988062 -0.812662
v 1.341880 -0.969316 -0.801995
v 1.382117 -0.949501 -0.793918
v -0.613439 -0.964981 -0.746665
v -0.561711 -0.988062 -0.751819
v -0.506366 -1.009375 -0.759953
v -0.447435 -1.029063 -0.770459
v -0.385345 -1.047298 -0.782253
v -0.320230 -1.064201 -0.794634
v -0.252392 -1.079747 -0.807134
v -0.182136 -1.093907 -0.819282
v -0.109766 -1.106647 -0.830661
v -0.035593 -1.117906 -0.841054
v 0.040070 -1.127618 -0.850299
v 0.116912 -1.135714 -0.858231
v 0.194620 -1.142128 -0.864685
v 0.272882 -1.146793 -0.869498
v 0.351386 -1.149641 -0.872507
v 0.429819 -1.150605 -0.873546
v 0.507874 -1.149641 -0.872507
v 0.585261 -1.146793 -0.869498
v 0.661693 -1.142128 -0.864685
v 0.736884 -1.135714 -0.858230
v 0.810550 -1.127618 -0.850299
v 0.882403 -1.117906 -0.841054
v 0.952159 -1.106647 -0.830661
v 1.019531 -1.093907 -0.819282
v 1.084232 -1.079747 -0.807134
v 1.145971 -1.064202 -0.794634
v 1.204455 -1.047298 -0.782253
v 1.259391 -1.029063 -0.770459
v 1.310598 -1.009375 -0.759953
v 1.357581 -0.988062 -0.751819
v 1.400255 -0.964981 -0.746665
v -0.627494 -0.980360 -0.693283
v -0.572527 -1.005738 -0.696947
v -0.514436 -1.029063 -0.703458
v -0.453326 -1.050546 -0.712006
v -0.389319 -1.070367 -0.721840
v -0.322626 -1.088577 -0.732435
v -0.253477 -1.105194 -0.743325
v -0.182103 -1.120238 -0.754043
v -0.108745 -1.133714 -0.764173
v -0.033690 -1.145580 -0.773495
v 0.042762 -1.155776 -0.781844
v 0.120313 -1.164247 -0.789050
v 0.198664 -1.170934 -0.794948
v 0.277517 -1.175782 -0.799367
v 0.356572 -1.178732 -0.802142
v 0.435532 -1.179729 -0.803104
v 0.514101 -1.178732 -0.802142
v 0.591999 -1.175782 -0.799367
v 0.668950 -1.170934 -0.794948
v 0.744677 -1.164246 -0.789050
v 0.818905 -1.155776 -0.781844
v 0.891357 -1.145579 -0.773495
v 0.961757 -1.133714 -0.764173
v 1.029828 -1.120238 -0.754044
v 1.095300 -1.105194 -0.743325
v 1.157930 -1.088577 -0.732435
v 1.217479 -1.070367 -0.721840
v 1.273710 -1.050546 -0.712006
v 1.326392 -1.029063 -0.703458
v 1.375332 -1.005738 -0.696947
v 1.420342 -0.980359 -0.693283
v -0.642102 -0.995090 -0.636137
v -0.584484 -1.022246 -0.638658
v -0.523974 -1.047298 -0.643624
v -0.460707 -1.070367 -0.650451
v -0.394828 -1.091565 -0.658582
v -0.326515 -1.110946 -0.667554
v -0.255957 -1.128554 -0.676930
v -0.183344 -1.144430 -0.686270
v -0.108879 -1.158602 -0.695183
v -0.032832 -1.171037 -0.703454
v 0.044515 -1.181689 -0.710916
v 0.122876 -1.190509 -0.717398
v 0.201969 -1.197451 -0.722734
v 0.281508 -1.202469 -0.726754
v 0.361210 -1.205513 -0.729289
v 0.440791 -1.206539 -0.730172
v 0.519969 -1.205513 -0.729289
v 0.598477 -1.202469 -0.726754
v 0.676048 -1.197451 -0.722734
v 0.752417 -1.190509 -0.717398
v 0.827318 -1.181689 -0.710916
v 0.900486 -1.171037 -0.703454
v 0.971655 -1.158602 -0.695183
v 1.040560 -1.144430 -0.686270
v 1.106945 -1.128554 -0.676930
v 1.170595 -1.110946 -0.667554
v 1.231304 -1.091565 -0.658582
v 1.288867 -1.070367 -0.650451
v 1.343084 -1.047298 -0.643624
v 1.393766 -1.022246 -0.638658
v 1.440729 -0.995090 -0.636137
v -0.656751 -1.009165 -0.575222
v -0.596884 -1.037754 -0.576859
v -0.534265 -1.064201 -0.580600
v -0.469050 -1.088576 -0.586011
v -0.401402 -1.110946 -0.592667
v -0.331492 -1.131361 -0.600170
v -0.259494 -1.149868 -0.608128
v -0.185582 -1.166512 -0.616153
v -0.109945 -1.181327 -0.623891
v -0.032839 -1.194289 -0.631137
v 0.045469 -1.205360 -0.637725
v 0.124709 -1.214502 -0.643489
v 0.204610 -1.221678 -0.648263
v 0.284905 -1.226850 -0.651878
v 0.365323 -1.229981 -0.654170
v 0.445596 -1.231033 -0.654970
v 0.525456 -1.229981 -0.654170
v 0.604646 -1.226850 -0.651878
v 0.682911 -1.221678 -0.648263
v 0.759997 -1.214502 -0.643489
v 0.835650 -1.205359 -0.637725
v 0.909615 -1.194289 -0.631137
v 0.981637 -1.181327 -0.623891
v 1.051461 -1.166512 -0.616153
v 1.118843 -1.149868 -0.608128
v 1.183581 -1.131361 -0.600170
v 1.245482 -1.110946 -0.592667
v 1.304354 -1.088576 -0.586011
v 1.360006 -1.064201 -0.580600
v 1.412250 -1.037754 -0.576859
v 1.460901 -1.009165 -0.575222
v -0.671066 -1.022429 -0.510983
v -0.609293 -1.052173 -0.511927
v -0.544841 -1.079747 -0.514685
v -0.477885 -1.105194 -0.518918
v -0.408599 -1.128554 -0.524288
v -0.337162 -1.149868 -0.530461
v -0.263749 -1.169174 -0.537103
v -0.188537 -1.186511 -0.543884
v -0.111717 -1.201907 -0.550496
v -0.033532 -1.215344 -0.556750
v 0.045764 -1.226793 -0.562485
v 0.125914 -1.236225 -0.567540
v 0.206663 -1.243612 -0.571752
v 0.287755 -1.248924 -0.574961
v 0.368935 -1.252133 -0.577004
v 0.449946 -1.253209 -0.577722
v 0.530535 -1.252133 -0.577004
v 0.610455 -1.248924 -0.574961
v 0.689463 -1.243612 -0.571752
v 0.767314 -1.236225 -0.567540
v 0.843764 -1.226793 -0.562485
v 0.918568 -1.215344 -0.556750
v 0.991482 -1.201906 -0.550496
v 1.062262 -1.186511 -0.543884
v 1.130672 -1.169174 -0.537104
v 1.196511 -1.149868 -0.530461
v 1.259587 -1.128554 -0.524287
v 1.319708 -1.105194 -0.518918
v 1.376681 -1.079747 -0.514685
v 1.430315 -1.052173 -0.511927
v 1.480419 -1.022429 -0.510983
v -0.684671 -1.034724 -0.443863
v -0.621277 -1.065412 -0.444242
v -0.555238 -1.093907 -0.446180
v -0.486742 -1.120238 -0.449404
v -0.415976 -1.144430 -0.453638
v -0.343128 -1.166512 -0.458607
v -0.268384 -1.186511 -0.464037
v -0.191932 -1.204453 -0.469652
v -0.113970 -1.220358 -0.475197
v -0.034731 -1.234211 -0.480500
v 0.045540 -1.245993 -0.485407
v 0.126600 -1.255681 -0.489765
v 0.208203 -1.263253 -0.493421
v 0.290107 -1.268688 -0.496223
v 0.372068 -1.271965 -0.498016
v 0.453840 -1.273062 -0.498647
v 0.535182 -1.271965 -0.498015
v 0.615857 -1.268688 -0.496222
v 0.695629 -1.263253 -0.493421
v 0.774261 -1.255681 -0.489765
v 0.851520 -1.245993 -0.485407
v 0.927169 -1.234211 -0.480500
v 1.000973 -1.220357 -0.475197
v 1.072696 -1.204453 -0.469651
v 1.142109 -1.186511 -0.464037
v 1.209007 -1.166512 -0.458607
v 1.273192 -1.144430 -0.453638
v 1.334467 -1.120238 -0.449404
v 1.392633 -1.093907 -0.446180
v 1.447492 -1.065412 -0.444242
v 1.498847 -1.034724 -0.443863
v -0.697228 -1.045905 -0.374285
v -0.632447 -1.077383 -0.374169
v -0.565040 -1.106647 -0.375386
v -0.495204 -1.133714 -0.377713
v -0.423136 -1.158602 -0.380927
v -0.349032 -1.181327 -0.384804
v -0.273092 -1.201907 -0.389121
v -0.195511 -1.220357 -0.393656
v -0.116493 -1.236691 -0.398200
v -0.036267 -1.250898 -0.402596
v 0.044931 -1.262961 -0.406704
v 0.126867 -1.272867 -0.410382
v 0.209304 -1.280598 -0.413489
v 0.292009 -1.286139 -0.415884
v 0.374746 -1.289476 -0.417424
v 0.457279 -1.290591 -0.417969
v 0.539374 -1.289476 -0.417424
v 0.620801 -1.286139 -0.415884
v 0.701332 -1.280598 -0.413489
v 0.780737 -1.272866 -0.410382
v 0.858786 -1.262961 -0.406704
v 0.935252 -1.250898 -0.402596
v 1.009904 -1.236691 -0.398200
v 1.082514 -1.220357 -0.393656
v 1.152856 -1.201907 -0.389121
v 1.220724 -1.181327 -0.384804
v 1.285912 -1.158602 -0.380927
v 1.348216 -1.133714 -0.377713
v 1.407434 -1.106647 -0.375386
v 1.463360 -1.077383 -0.374169
v 1.515791 -1.045905 -0.374285
v -0.708560 -1.055875 -0.302590
v -0.642610 -1.088008 -0.302035
v -0.574041 -1.117906 -0.302606
v -0.503059 -1.145580 -0.304127
v -0.429869 -1.171037 -0.306417
v -0.354675 -1.194289 -0.309300
v -0.277684 -1.215344 -0.312598
v -0.199100 -1.234211 -0.316131
v -0.119132 -1.250897 -0.319732
v -0.038005 -1.265395 -0.323263
v 0.044051 -1.277693 -0.326599
v 0.126808 -1.287779 -0.329612
v 0.210036 -1.295644 -0.332177
v 0.293507 -1.301275 -0.334165
v 0.376992 -1.304661 -0.335452
v 0.460260 -1.305793 -0.335908
v 0.543085 -1.304661 -0.335452
v 0.625241 -1.301275 -0.334165
v 0.706503 -1.295644 -0.332177
v 0.786646 -1.287779 -0.329612
v 0.865446 -1.277693 -0.326599
v 0.942677 -1.265395 -0.323263
v 1.018116 -1.250898 -0.319732
v 1.091538 -1.234211 -0.316131
v 1.162720 -1.215344 -0.312598
v 1.231451 -1.194289 -0.309300
v 1.297523 -1.171037 -0.306417
v 1.360726 -1.145580 -0.304126
v 1.420851 -1.117906 -0.302606
v 1.477691 -1.088008 -0.302035
v 1.531035 -1.055875 -0.302590
v -0.718529 -1.064548 -0.229100
v -0.651616 -1.097210 -0.228153
v -0.582084 -1.127618 -0.228144
v -0.510146 -1.155776 -0.228936
v -0.436012 -1.181689 -0.230388
v -0.359894 -1.205360 -0.232362
v -0.282003 -1.226793 -0.234718
v -0.202549 -1.245993 -0.237318
v -0.121747 -1.262961 -0.240026
v -0.039820 -1.277693 -0.242728
v 0.043009 -1.290179 -0.245315
v 0.126513 -1.300413 -0.247677
v 0.210468 -1.308386 -0.249705
v 0.294648 -1.314090 -0.251289
v 0.378829 -1.317519 -0.252320
v 0.462785 -1.318664 -0.252688
v 0.546292 -1.317519 -0.252320
v 0.629128 -1.314090 -0.251289
v 0.711070 -1.308386 -0.249705
v 0.791897 -1.300413 -0.247677
v 0.871386 -1.290179 -0.245315
v 0.949316 -1.277693 -0.242728
v 1.025465 -1.262961 -0.240026
v 1.099610 -1.245993 -0.237318
v 1.171531 -1.226793 -0.234718
v 1.241014 -1.205360 -0.232362
v 1.307845 -1.181689 -0.230388
v 1.371814 -1.155776 -0.228936
v 1.432705 -1.127618 -0.228144
v 1.490306 -1.097210 -0.228153
v 1.544406 -1.064548 -0.229100
v -0.726996 -1.071836 -0.154136
v -0.659317 -1.104911 -0.152837
v -0.589015 -1.135714 -0.152304
v -0.516305 -1.164247 -0.152433
v -0.441404 -1.190509 -0.153118
v -0.364527 -1.214502 -0.154254
v -0.285890 -1.236225 -0.155735
v -0.205709 -1.255681 -0.157457
v -0.124200 -1.272867 -0.159315
v -0.041585 -1.287779 -0.161219
v 0.041913 -1.300413 -0.163077
v 0.126071 -1.310762 -0.164799
v 0.210667 -1.318821 -0.166295
v 0.295477 -1.324584 -0.167476
v 0.380280 -1.328046 -0.168250
v 0.464852 -1.329201 -0.168528
v 0.548971 -1.328045 -0.168250
v 0.632415 -1.324584 -0.167476
v 0.714965 -1.318820 -0.166295
v 0.796399 -1.310762 -0.164799
v 0.876498 -1.300413 -0.163077
v 0.955039 -1.287779 -0.161219
v 1.031804 -1.272867 -0.159315
v 1.106570 -1.255681 -0.157457
v 1.179119 -1.236225 -0.155735
v 1.249233 -1.214502 -0.154254
v 1.316697 -1.190509 -0.153118
v 1.381295 -1.164247 -0.152433
v 1.442811 -1.135714 -0.152304
v 1.501029 -1.104911 -0.152837
v 1.555732 -1.071836 -0.154136
v -0.733822 -1.077655 -0.078019
v -0.665564 -1.111035 -0.076401
v -0.594676 -1.142128 -0.075389
v -0.521375 -1.170934 -0.074909
v -0.445881 -1.197451 -0.074884
v -0.368413 -1.221678 -0.075240
v -0.289189 -1.243612 -0.075900
v -0.208429 -1.263253 -0.076790
v -0.126351 -1.280598 -0.077834
v -0.043177 -1.295644 -0.078963
v 0.040871 -1.308386 -0.080108
v 0.125571 -1.318820 -0.081200
v 0.210702 -1.326944 -0.082169
v 0.296042 -1.332751 -0.082947
v 0.381369 -1.336238 -0.083464
v 0.466461 -1.337401 -0.083652
v 0.551096 -1.336238 -0.083464
v 0.635055 -1.332751 -0.082947
v 0.718116 -1.326944 -0.082169
v 0.800060 -1.318820 -0.081200
v 0.880667 -1.308386 -0.080108
v 0.959716 -1.295644 -0.078963
v 1.036987 -1.280598 -0.077834
v 1.112260 -1.263253 -0.076789
v 1.185315 -1.243612 -0.075900
v 1.255934 -1.221678 -0.075240
v 1.323898 -1.197451 -0.074884
v 1.388989 -1.170934 -0.074909
v 1.450988 -1.142128 -0.075389
v 1.509679 -1.111034 -0.076401
v 1.564841 -1.077655 -0.078019
v -0.738870 -1.081918 -0.001070
v -0.670211 -1.115504 0.000840
v -0.598912 -1.146793 0.002296
v -0.525195 -1.175782 0.003344
v -0.449280 -1.202469 0.004035
v -0.371388 -1.226850 0.004415
v -0.291741 -1.248924 0.004535
v -0.210557 -1.268688 0.004442
v -0.128060 -1.286139 0.004185
v -0.044469 -1.301275 0.003811
v 0.039993 -1.314090 0.003366
v 0.125104 -1.324584 0.002898
v 0.210643 -1.332751 0.002452
v 0.296388 -1.338588 0.002076
v 0.382118 -1.342094 0.001816
v 0.467610 -1.343262 0.001719
v 0.552644 -1.342094 0.001816
v 0.636999 -1.338588 0.002076
v 0.720454 -1.332751 0.002452
v 0.802789 -1.324584 0.002898
v 0.883784 -1.314090 0.003366
v 0.963217 -1.301275 0.003811
v 1.040870 -1.286139 0.004185
v 1.116521 -1.268689 0.004442
v 1.189951 -1.248924 0.004535
v 1.260939 -1.226850 0.004415
v 1.329265 -1.202469 0.004035
v 1.394711 -1.175782 0.003344
v 1.457055 -1.146793 0.002296
v 1.516078 -1.115504 0.000840
v 1.571561 -1.081918 -0.001070
v -0.742000 -1.084538 0.076390
v -0.673107 -1.118242 0.078573
v -0.601568 -1.149641 0.080447
v -0.527605 -1.178732 0.082035
v -0.451439 -1.205513 0.083360
v -0.373293 -1.229981 0.084446
v -0.293387 -1.252133 0.085317
v -0.211945 -1.271966 0.085997
v -0.129187 -1.289476 0.086509
v -0.045336 -1.304661 0.086876
v 0.039386 -1.317519 0.087123
v 0.124758 -1.328046 0.087272
v 0.210557 -1.336238 0.087347
v 0.296562 -1.342094 0.087372
v 0.382550 -1.345609 0.087370
v 0.468301 -1.346782 0.087364
v 0.553591 -1.345609 0.087370
v 0.638200 -1.342094 0.087372
v 0.721908 -1.336238 0.087347
v 0.804493 -1.328046 0.087272
v 0.885735 -1.317519 0.087123
v 0.965413 -1.304661 0.086876
v 1.043307 -1.289476 0.086509
v 1.119195 -1.271965 0.085997
v 1.192856 -1.252133 0.085317
v 1.264071 -1.229981 0.084446
v 1.332619 -1.205513 0.083360
v 1.398278 -1.178732 0.082035
v 1.460828 -1.149641 0.080447
v 1.520049 -1.118242 0.078573
v 1.575720 -1.084539 0.076390
v -0.743074 -1.085431 0.154039
v -0.674105 -1.119172 0.156484
v -0.602488 -1.150605 0.158761
v -0.528444 -1.179729 0.160871
v -0.452195 -1.206539 0.162814
v -0.373963 -1.231033 0.164589
v -0.293971 -1.253209 0.166195
v -0.212441 -1.273062 0.167634
v -0.129594 -1.290591 0.168904
v -0.045653 -1.305793 0.170005
v 0.039160 -1.318663 0.170938
v 0.124622 -1.329201 0.171701
v 0.210513 -1.337401 0.172295
v 0.296609 -1.343263 0.172720
v 0.382689 -1.346782 0.172975
v 0.468531 -1.347955 0.173060
v 0.553912 -1.346782 0.172975
v 0.638611 -1.343263 0.172720
v 0.722408 -1.337402 0.172295
v 0.805082 -1.329201 0.171701
v 0.886411 -1.318664 0.170938
v 0.966174 -1.305793 0.170005
v 1.044151 -1.290591 0.168904
v 1.120121 -1.273062 0.167634
v 1.193863 -1.253209 0.166195
v 1.265155 -1.231033 0.164589
v 1.333777 -1.206539 0.162814
v 1.399508 -1.179729 0.160871
v 1.462127 -1.150605 0.158761
v 1.521412 -1.119172 0.156484
v 1.577144 -1.085431 0.154039
v -0.742000 -1.084538 0.231559
v -0.673107 -1.118242 0.234259
v -0.601568 -1.149641 0.236936
v -0.527605 -1.178733 0.239564
v -0.451439 -1.205513 0.242119
v -0.373293 -1.229981 0.244578
v -0.293387 -1.252133 0.246917
v -0.211945 -1.271965 0.249112
v -0.129187 -1.289476 0.251137
v -0.045336 -1.304662 0.252970
v 0.039386 -1.317519 0.254587
v 0.124758 -1.328045 0.255963
v 0.210557 -1.336238 0.257075
v 0.296562 -1.342094 0.257899
v 0.382550 -1.345609 0.258410
v 0.468301 -1.346781 0.258586
v 0.553591 -1.345609 0.258410
v 0.638200 -1.342094 0.257899
v 0.721908 -1.336238 0.257075
v 0.804493 -1.328045 0.255963
v 0.885735 -1.317519 0.254587
v 0.965413 -1.304661 0.252970
v 1.043307 -1.289476 0.251137
v 1.119195 -1.271965 0.249112
v 1.192856 -1.252133 0.246917
v 1.264071 -1.229981 0.244578
v 1.332619 -1.205513 0.242119
v 1.398278 -1.178733 0.239563
v 1.460828 -1.149641 0.236936
v 1.520049 -1.118242 0.234259
v 1.575720 -1.084538 0.231559
v -0.738870 -1.081918 0.308639
v -0.670211 -1.115504 0.311596
v -0.598912 -1.146793 0.314674
v -0.525195 -1.175782 0.317827
v -0.449280 -1.202469 0.321003
v -0.371388 -1.226850 0.324156
v -0.291741 -1.248924 0.327235
v -0.210557 -1.268688 0.330192
v -0.128060 -1.286139 0.332977
v -0.044469 -1.301275 0.335545
v 0.039993 -1.314091 0.337847
v 0.125104 -1.324584 0.339836
v 0.210643 -1.332751 0.341465
v 0.296388 -1.338588 0.342687
v 0.382118 -1.342094 0.343455
v 0.467610 -1.343263 0.343721
v 0.552644 -1.342094 0.343455
v 0.636999 -1.338588 0.342687
v 0.720454 -1.332751 0.341465
v 0.802789 -1.324583 0.339836
v 0.883784 -1.314091 0.337847
v 0.963217 -1.301275 0.335545
v 1.040870 -1.286139 0.332977
v 1.116522 -1.268688 0.330192
v 1.189951 -1.248925 0.327235
v 1.260939 -1.226850 0.324156
v 1.329265 -1.202469 0.321003
v 1.394711 -1.175782 0.317827
v 1.457055 -1.146793 0.314674
v 1.516078 -1.115504 0.311596
v 1.571561 -1.081918 0.308639
v -0.733822 -1.077655 0.384971
v -0.665564 -1.111035 0.388189
v -0.594676 -1.142128 0.391683
v -0.521375 -1.170934 0.395377
v -0.445881 -1.197451 0.399195
v -0.368413 -1.221678 0.403061
v -0.289189 -1.243612 0.406900
v -0.208428 -1.263253 0.410636
v -0.126351 -1.280598 0.414194
v -0.043177 -1.295644 0.417503
v 0.040871 -1.308386 0.420495
v 0.125571 -1.318821 0.423098
v 0.210702 -1.326944 0.425245
v 0.296042 -1.332751 0.426864
v 0.381369 -1.336238 0.427887
v 0.466461 -1.337402 0.428243
v 0.551096 -1.336238 0.427887
v 0.635055 -1.332751 0.426864
v 0.718116 -1.326944 0.425245
v 0.800061 -1.318821 0.423098
v 0.880667 -1.308386 0.420494
v 0.959716 -1.295644 0.417503
v 1.036987 -1.280598 0.414194
v 1.112260 -1.263253 0.410636
v 1.185315 -1.243612 0.406900
v 1.255934 -1.221678 0.403061
v 1.323898 -1.197451 0.399195
v 1.388989 -1.170934 0.395377
v 1.450989 -1.142128 0.391683
v 1.509679 -1.111035 0.388189
v 1.564841 -1.077655 0.384971
v -0.726996 -1.071836 0.460245
v -0.659317 -1.104911 0.463738
v -0.589014 -1.135714 0.467669
v -0.516305 -1.164247 0.471932
v -0.441404 -1.190509 0.476423
v -0.364527 -1.214502 0.481035
v -0.285890 -1.236225 0.485665
v -0.205709 -1.255681 0.490205
v -0.124200 -1.272867 0.494555
v -0.041585 -1.287779 0.498619
v 0.041913 -1.300413 0.502308
v 0.126071 -1.310762 0.505529
v 0.210667 -1.318821 0.508194
v 0.295478 -1.324584 0.510209
v 0.380280 -1.328045 0.511485
v 0.464852 -1.329201 0.511931
v 0.548971 -1.328046 0.511485
v 0.632415 -1.324584 0.510209
v 0.714965 -1.318821 0.508194
v 0.796399 -1.310761 0.505530
v 0.876498 -1.300413 0.502308
v 0.955039 -1.287779 0.498619
v 1.031804 -1.272867 0.494555
v 1.106570 -1.255681 0.490205
v 1.179119 -1.236225 0.485665
v 1.249233 -1.214502 0.481035
v 1.316697 -1.190509 0.476423
v 1.381295 -1.164247 0.471932
v 1.442811 -1.135714 0.467668
v 1.501029 -1.104911 0.463737
v 1.555732 -1.071836 0.460244
v -0.718529 -1.064547 0.534152
v -0.651616 -1.097210 0.537938
v -0.582084 -1.127618 0.542336
v -0.510146 -1.155776 0.547208
v -0.436012 -1.181689 0.552415
v -0.359894 -1.205359 0.557819
v -0.282003 -1.226793 0.563281
v -0.202549 -1.245993 0.568663
v -0.121747 -1.262961 0.573830
v -0.039820 -1.277693 0.578666
v 0.043009 -1.290179 0.583063
v 0.126513 -1.300413 0.586908
v 0.210468 -1.308386 0.590091
v 0.294648 -1.314090 0.592502
v 0.378829 -1.317519 0.594030
v 0.462785 -1.318664 0.594563
v 0.546292 -1.317519 0.594030
v 0.629128 -1.314090 0.592502
v 0.711070 -1.308386 0.590091
v 0.791897 -1.300413 0.586908
v 0.871387 -1.290179 0.583063
v 0.949316 -1.277693 0.578666
v 1.025465 -1.262961 0.573830
v 1.099610 -1.245993 0.568663
v 1.171531 -1.226793 0.563281
v 1.241014 -1.205359 0.557819
v 1.307846 -1.181689 0.552415
v 1.371813 -1.155776 0.547208
v 1.432705 -1.127618 0.542336
v 1.490306 -1.097210 0.537938
v 1.544406 -1.064547 0.534152
v -0.708560 -1.055875 0.606386
v -0.642610 -1.088008 0.610487
v -0.574041 -1.117906 0.615391
v -0.503059 -1.145580 0.620921
v -0.429869 -1.171037 0.626901
v -0.354675 -1.194289 0.633153
v -0.277684 -1.215344 0.639502
v -0.199100 -1.234211 0.645769
v -0.119132 -1.250898 0.651787
v -0.038005 -1.265395 0.657419
v 0.044051 -1.277693 0.662537
v 0.126808 -1.287779 0.667012
v 0.210036 -1.295644 0.670717
v 0.293507 -1.301275 0.673521
v 0.376992 -1.304661 0.675298
v 0.460260 -1.305793 0.675919
v 0.543085 -1.304661 0.675298
v 0.625241 -1.301275 0.673521
v 0.706503 -1.295644 0.670717
v 0.786646 -1.287779 0.667012
v 0.865446 -1.277693 0.662537
v 0.942677 -1.265395 0.657419
v 1.018116 -1.250898 0.651787
v 1.091538 -1.234211 0.645769
v 1.162720 -1.215344 0.639501
v 1.231452 -1.194289 0.633153
v 1.297523 -1.171037 0.626900
v 1.360726 -1.145580 0.620921
v 1.420852 -1.117906 0.615390
v 1.477691 -1.088008 0.610486
v 1.531035 -1.055875 0.606385
v -0.697228 -1.045905 0.676635
v -0.632447 -1.077383 0.681081
v -0.565040 -1.106647 0.686539
v -0.495204 -1.133714 0.692788
v -0.423136 -1.158602 0.699608
v -0.349032 -1.181327 0.706778
v -0.273091 -1.201906 0.714078
v -0.195510 -1.220357 0.721287
v -0.116493 -1.236691 0.728197
v -0.036267 -1.250898 0.734652
v 0.044931 -1.262961 0.740508
v 0.126867 -1.272867 0.745622
v 0.209304 -1.280598 0.749849
v 0.292009 -1.286139 0.753046
v 0.374746 -1.289476 0.755070
v 0.457279 -1.290592 0.755777
v 0.539374 -1.289476 0.755070
v 0.620801 -1.286139 0.753046
v 0.701332 -1.280598 0.749849
v 0.780737 -1.272867 0.745621
v 0.858786 -1.262961 0.740508
v 0.935252 -1.250898 0.734652
v 1.009904 -1.236691 0.728197
v 1.082514 -1.220357 0.721287
v 1.152856 -1.201906 0.714078
v 1.220724 -1.181327 0.706778
v 1.285912 -1.158602 0.699608
v 1.348216 -1.133714 0.692788
v 1.407434 -1.106647 0.686539
v 1.463360 -1.077383 0.681081
v 1.515791 -1.045905 0.676635
v -0.684671 -1.034724 0.744593
v -0.621277 -1.065412 0.749419
v -0.555238 -1.093907 0.755487
v -0.486742 -1.120238 0.762526
v -0.415976 -1.144430 0.770266
v -0.343128 -1.166512 0.778435
v -0.268384 -1.186511 0.786762
v -0.191932 -1.204453 0.794977
v -0.113970 -1.220357 0.802827
v -0.034731 -1.234211 0.810138
v 0.045540 -1.245993 0.816752
v 0.126600 -1.255681 0.822514
v 0.208203 -1.263253 0.827268
v 0.290107 -1.268688 0.830856
v 0.372068 -1.271966 0.833124
v 0.453840 -1.273063 0.833915
v 0.535182 -1.271965 0.833124
v 0.615857 -1.268688 0.830856
v 0.695629 -1.263253 0.827268
v 0.774262 -1.255680 0.822514
v 0.851520 -1.245993 0.816752
v 0.927170 -1.234211 0.810138
v 1.000973 -1.220357 0.802827
v 1.072696 -1.204453 0.794977
v 1.142109 -1.186511 0.786762
v 1.209007 -1.166512 0.778435
v 1.273192 -1.144430 0.770266
v 1.334467 -1.120238 0.762526
v 1.392633 -1.093907 0.755487
v 1.447492 -1.065412 0.749419
v 1.498847 -1.034724 0.744593
v -0.671066 -1.022429 0.809932
v -0.609293 -1.052173 0.815186
v -0.544841 -1.079747 0.821940
v -0.477885 -1.105194 0.829860
v -0.408599 -1.128554 0.838615
v -0.337162 -1.149868 0.847876
v -0.263749 -1.169174 0.857317
v -0.188537 -1.186511 0.866609
v -0.111717 -1.201907 0.875452
v -0.033531 -1.215344 0.883654
v 0.045764 -1.226793 0.891048
v 0.125914 -1.236225 0.897470
v 0.206663 -1.243612 0.902752
v 0.287755 -1.248924 0.906731
v 0.368935 -1.252133 0.909239
v 0.449946 -1.253209 0.910112
v 0.530535 -1.252133 0.909239
v 0.610455 -1.248925 0.906731
v 0.689463 -1.243612 0.902752
v 0.767314 -1.236225 0.897469
v 0.843764 -1.226793 0.891048
v 0.918568 -1.215344 0.883654
v 0.991482 -1.201907 0.875452
v 1.062262 -1.186511 0.866609
v 1.130672 -1.169174 0.857317
v 1.196511 -1.149868 0.847876
v 1.259587 -1.128554 0.838615
v 1.319708 -1.105194 0.829860
v 1.376681 -1.079747 0.821940
v 1.430315 -1.052173 0.815186
v 1.480419 -1.022429 0.809932
v -0.656751 -1.009165 0.872249
v -0.596884 -1.037755 0.878029
v -0.534264 -1.064202 0.885602
v -0.469050 -1.088577 0.894545
v -0.401402 -1.110946 0.904442
v -0.331492 -1.131361 0.914903
v -0.259494 -1.149868 0.925544
v -0.185581 -1.166512 0.935981
v -0.109945 -1.181327 0.945865
v -0.032839 -1.194289 0.954990
v 0.045469 -1.205360 0.963182
v 0.124709 -1.214502 0.970271
v 0.204610 -1.221678 0.976084
v 0.284905 -1.226850 0.980449
v 0.365323 -1.229981 0.983194
v 0.445596 -1.231033 0.984148
v 0.525456 -1.229981 0.983194
v 0.604646 -1.226850 0.980449
v 0.682911 -1.221678 0.976084
v 0.759998 -1.214502 0.970271
v 0.835650 -1.205359 0.963182
v 0.909615 -1.194289 0.954990
v 0.981637 -1.181327 0.945865
v 1.051461 -1.166512 0.935981
v 1.118843 -1.149868 0.925544
v 1.183581 -1.131361 0.914903
v 1.245482 -1.110946 0.904442
v 1.304354 -1.088577 0.894545
v 1.360006 -1.064201 0.885602
v 1.412250 -1.037755 0.878028
v 1.460901 -1.009165 0.872249
v -0.642102 -0.995090 0.931124
v -0.584484 -1.022246 0.937580
v -0.523974 -1.047298 0.946176
v -0.460707 -1.070367 0.956347
v -0.394828 -1.091565 0.967549
v -0.326515 -1.110946 0.979330
v -0.255957 -1.128554 0.991257
v -0.183344 -1.144430 1.002898
v -0.108879 -1.158602 1.013864
v -0.032832 -1.171037 1.023938
v 0.044515 -1.181689 1.032942
v 0.122877 -1.190509 1.040703
v 0.201969 -1.197451 1.047045
v 0.281508 -1.202469 1.051792
v 0.361210 -1.205513 1.054769
v 0.440791 -1.206539 1.055800
v 0.519969 -1.205513 1.054769
v 0.598477 -1.202469 1.051792
v 0.676048 -1.197451 1.047045
v 0.752417 -1.190509 1.040703
v 0.827318 -1.181689 1.032942
v 0.900486 -1.171037 1.023937
v 0.971655 -1.158602 1.013864
v 1.040560 -1.144430 1.002898
v 1.106945 -1.128554 0.991257
v 1.170595 -1.110946 0.979330
v 1.231304 -1.091565 0.967549
v 1.288867 -1.070367 0.956347
v 1.343084 -1.047298 0.946176
v 1.393766 -1.022246 0.937581
v 1.440729 -0.995090 0.931124
v -0.627494 -0.980359 0.986136
v -0.572527 -1.005738 0.993477
v -0.514436 -1.029063 1.003368
v -0.453326 -1.050546 1.015029
v -0.389319 -1.070367 1.027735
v -0.322626 -1.088577 1.040969
v -0.253477 -1.105194 1.054267
v -0.182103 -1.120238 1.067166
v -0.108745 -1.133714 1.079247
v -0.033690 -1.145579 1.090290
v 0.042762 -1.155776 1.100116
v 0.120313 -1.164247 1.108550
v 0.198664 -1.170934 1.115416
v 0.277517 -1.175782 1.120538
v 0.356572 -1.178733 1.123741
v 0.435532 -1.179729 1.124847
v 0.514101 -1.178733 1.123740
v 0.591999 -1.175782 1.120538
v 0.668950 -1.170934 1.115416
v 0.744677 -1.164247 1.108550
v 0.818905 -1.155776 1.100116
v 0.891357 -1.145580 1.090290
v 0.961757 -1.133714 1.079247
v 1.029827 -1.120238 1.067165
v 1.095300 -1.105194 1.054267
v 1.157930 -1.088576 1.040969
v 1.217479 -1.070367 1.027735
v 1.273709 -1.050546 1.015029
v 1.326392 -1.029063 1.003368
v 1.375332 -1.005738 0.993477
v 1.420342 -0.980360 0.986136
v -0.613439 -0.964981 1.037290
v -0.561711 -0.988062 1.045787
v -0.506366 -1.009375 1.057010
v -0.447435 -1.029063 1.070369
v -0.385345 -1.047297 1.084805
v -0.320230 -1.064201 1.099636
v -0.252392 -1.079747 1.114388
v -0.182136 -1.093907 1.128589
v -0.109766 -1.106647 1.141813
v -0.035593 -1.117906 1.153838
v 0.040070 -1.127618 1.164490
v 0.116912 -1.135714 1.173595
v 0.194620 -1.142128 1.180979
v 0.272882 -1.146793 1.186469
v 0.351386 -1.149641 1.189890
v 0.429819 -1.150605 1.191069
v 0.507874 -1.149641 1.189890
v 0.585261 -1.146793 1.186469
v 0.661693 -1.142128 1.180979
v 0.736884 -1.135714 1.173595
v 0.810550 -1.127618 1.164490
v 0.882403 -1.117906 1.153838
v 0.952159 -1.106647 1.141813
v 1.019531 -1.093907 1.128589
v 1.084232 -1.079747 1.114388
v 1.145971 -1.064201 1.099636
v 1.204455 -1.047297 1.084805
v 1.259391 -1.029063 1.070369
v 1.310597 -1.009375 1.057010
v 1.357581 -0.988062 1.045787
v 1.400254 -0.964981 1.037290
v -0.601374 -0.949501 1.082299
v -0.553363 -0.969316 1.093248
v -0.500868 -0.988062 1.106630
v -0.443810 -1.005738 1.122195
v -0.383479 -1.022246 1.138586
v -0.319761 -1.037754 1.155152
v -0.253046 -1.052173 1.171434
v -0.183722 -1.065412 1.186973
v -0.112169 -1.077383 1.201360
v -0.038720 -1.088008 1.214376
v 0.036300 -1.097210 1.225853
v 0.112569 -1.104911 1.235623
v 0.189762 -1.111034 1.243516
v 0.267556 -1.115504 1.249362
v 0.345628 -1.118242 1.252994
v 0.423653 -1.119172 1.254243
v 0.501314 -1.118242 1.252994
v 0.578312 -1.115504 1.249362
v 0.654352 -1.111035 1.243516
v 0.729143 -1.104911 1.235623
v 0.802391 -1.097210 1.225854
v 0.873801 -1.088008 1.214376
v 0.943081 -1.077383 1.201360
v 1.009938 -1.065411 1.186973
v 1.074068 -1.052173 1.171434
v 1.135126 -1.037754 1.155152
v 1.192760 -1.022246 1.138586
v 1.246615 -1.005738 1.122194
v 1.296738 -0.988062 1.106630
v 1.341880 -0.969316 1.093248
v 1.382117 -0.949501 1.082299
v -0.591418 -0.933833 1.121771
v -0.547737 -0.949501 1.135936
v -0.498570 -0.964981 1.152159
v -0.443285 -0.980359 1.170344
v -0.384317 -0.995090 1.188909
v -0.321661 -1.009165 1.207340
v -0.255781 -1.022429 1.225217
v -0.187140 -1.034724 1.242124
v -0.116178 -1.045905 1.257685
v -0.043251 -1.055875 1.271695
v 0.031312 -1.064548 1.283993
v 0.107178 -1.071836 1.294418
v 0.184015 -1.077655 1.302808
v 0.261491 -1.081918 1.309000
v 0.339275 -1.084539 1.312834
v 0.417035 -1.085431 1.314148
v 0.494445 -1.084538 1.312834
v 0.571201 -1.081918 1.309000
v 0.647005 -1.077655 1.302807
v 0.721559 -1.071836 1.294418
v 0.794565 -1.064548 1.283993
v 0.865725 -1.055875 1.271695
v 0.934742 -1.045905 1.257685
v 1.001316 -1.034724 1.242124
v 1.065134 -1.022429 1.225217
v 1.125810 -1.009165 1.207340
v 1.182944 -0.995090 1.188909
v 1.236134 -0.980359 1.170344
v 1.285385 -0.964981 1.152159
v 1.328480 -0.949501 1.135936
v 1.366014 -0.933833 1.121771
v 1.420498 -0.893297 -0.838597
v 1.439460 -0.866933 -0.853538
v 1.457429 -0.836983 -0.870809
v 1.474459 -0.803049 -0.890339
v 1.490006 -0.766641 -0.910474
v 1.504058 -0.727755 -0.930702
v 1.516429 -0.686672 -0.950595
v 1.526933 -0.643674 -0.969727
v 1.535397 -0.599027 -0.987712
v 1.541715 -0.552949 -1.004339
v 1.545793 -0.505645 -1.019436
v 1.547541 -0.457318 -1.032834
v 1.546863 -0.408174 -1.044363
v 1.543669 -0.358417 -1.053852
v 1.537865 -0.308250 -1.061130
v 1.529359 -0.257879 -1.066029
v 1.518104 -0.207508 -1.068429
v 1.504226 -0.157342 -1.068420
v 1.487900 -0.107584 -1.066142
v 1.469297 -0.058440 -1.061734
v 1.448592 -0.010114 -1.055339
v 1.425955 0.037191 -1.047097
v 1.401560 0.083268 -1.037147
v 1.375580 0.127915 -1.025632
v 1.348207 0.170914 -1.012731
v 1.319719 0.211996 -0.998791
v 1.290412 0.250882 -0.984198
v 1.260581 0.287291 -0.969338
v 1.230238 0.321225 -0.954726
v 1.200519 0.351175 -0.941794
v 1.171215 0.377539 -0.930675
v 1.446290 -0.901757 -0.797377
v 1.471192 -0.873110 -0.808966
v 1.493849 -0.841415 -0.823287
v 1.514250 -0.806622 -0.840091
v 1.532406 -0.769555 -0.857972
v 1.548566 -0.730162 -0.876269
v 1.562638 -0.688684 -0.894511
v 1.574531 -0.645363 -0.912230
v 1.584157 -0.600433 -0.929004
v 1.591434 -0.554100 -0.944608
v 1.596283 -0.506566 -0.958863
v 1.598624 -0.458030 -0.971591
v 1.598379 -0.408694 -0.982615
v 1.595467 -0.358756 -0.991756
v 1.589810 -0.308418 -0.998837
v 1.581329 -0.257879 -1.003679
v 1.569983 -0.207341 -1.006160
v 1.555892 -0.157003 -1.006374
v 1.539212 -0.107065 -1.004469
v 1.520102 -0.057728 -1.000595
v 1.498719 -0.009193 -0.994900
v 1.475222 0.038342 -0.987533
v 1.449768 0.084674 -0.978643
v 1.422516 0.129605 -0.968380
v 1.393627 0.172926 -0.956938
v 1.363282 0.214404 -0.944706
v 1.331669 0.253796 -0.932118
v 1.298971 0.290863 -0.919608
v 1.264919 0.325656 -0.907846
v 1.229828 0.357351 -0.898118
v 1.193688 0.385998 -0.890680
v 1.472057 -0.911561 -0.750536
v 1.501597 -0.880916 -0.759582
v 1.527910 -0.847699 -0.771667
v 1.551221 -0.811946 -0.786190
v 1.571855 -0.773957 -0.802057
v 1.590022 -0.733835 -0.818571
v 1.605715 -0.691772 -0.835244
v 1.618932 -0.647962 -0.851593
v 1.629657 -0.602600 -0.867181
v 1.637834 -0.555878 -0.881775
v 1.643399 -0.507991 -0.895193
v 1.646286 -0.459134 -0.907251
v 1.646429 -0.409500 -0.917767
v 1.643764 -0.359283 -0.926557
v 1.638224 -0.308678 -0.933438
v 1.629745 -0.257879 -0.938228
v 1.618295 -0.207080 -0.940799
v 1.603982 -0.156476 -0.941251
v 1.586946 -0.106259 -0.939738
v 1.567331 -0.056625 -0.936415
v 1.545277 -0.007768 -0.931436
v 1.520925 0.040119 -0.924958
v 1.494418 0.086841 -0.917134
v 1.465897 0.132204 -0.908119
v 1.435493 0.176013 -0.898119
v 1.403297 0.218076 -0.887540
v 1.369390 0.258199 -0.876841
v 1.333853 0.296187 -0.866479
v 1.296515 0.331940 -0.857137
v 1.257171 0.365158 -0.849865
v 1.215609 0.395802 -0.845260
v 1.497919 -0.922644 -0.697465
v 1.530643 -0.890190 -0.705319
v 1.559754 -0.855446 -0.716037
v 1.585598 -0.818506 -0.728818
v 1.608471 -0.779475 -0.742916
v 1.628480 -0.738495 -0.757800
v 1.645684 -0.695717 -0.772993
v 1.660142 -0.651294 -0.788020
v 1.671894 -0.605384 -0.802452
v 1.680907 -0.558166 -0.816056
v 1.687131 -0.509829 -0.828645
v 1.690513 -0.460559 -0.840035
v 1.691003 -0.410543 -0.850041
v 1.688549 -0.359966 -0.858477
v 1.683099 -0.309016 -0.865157
v 1.674603 -0.257879 -0.869896
v 1.663037 -0.206743 -0.872567
v 1.648499 -0.155793 -0.873270
v 1.631111 -0.105216 -0.872163
v 1.610999 -0.055199 -0.869405
v 1.588287 -0.005929 -0.865155
v 1.563100 0.042408 -0.859570
v 1.535563 0.089625 -0.852809
v 1.505799 0.135535 -0.845029
v 1.473914 0.179958 -0.836440
v 1.439928 0.222736 -0.827445
v 1.403841 0.263717 -0.818499
v 1.365656 0.302748 -0.810058
v 1.325320 0.339687 -0.802629
v 1.282578 0.374431 -0.796946
v 1.237122 0.406886 -0.793795
v 1.522836 -0.934004 -0.640563
v 1.558005 -0.900055 -0.647511
v 1.589510 -0.863960 -0.656907
v 1.617562 -0.825823 -0.668170
v 1.642352 -0.785751 -0.680740
v 1.663989 -0.743868 -0.694151
v 1.682564 -0.700302 -0.707958
v 1.698167 -0.655181 -0.721718
v 1.710866 -0.608640 -0.735030
v 1.720646 -0.560851 -0.747665
v 1.727468 -0.511991 -0.759438
v 1.731294 -0.462240 -0.770164
v 1.732088 -0.411774 -0.779659
v 1.729812 -0.360773 -0.787738
v 1.724428 -0.309415 -0.794215
v 1.715898 -0.257879 -0.798906
v 1.704209 -0.206343 -0.801683
v 1.689445 -0.154985 -0.802648
v 1.671713 -0.103985 -0.801960
v 1.651121 -0.053519 -0.799778
v 1.627776 -0.003767 -0.796261
v 1.601786 0.045093 -0.791568
v 1.573258 0.092882 -0.785858
v 1.542300 0.139422 -0.779291
v 1.508996 0.184543 -0.772069
v 1.473329 0.228110 -0.764574
v 1.435260 0.269992 -0.757233
v 1.394750 0.310064 -0.750469
v 1.351736 0.348202 -0.744734
v 1.306070 0.384296 -0.740568
v 1.257582 0.418246 -0.738539
v 1.546733 -0.945308 -0.579849
v 1.583858 -0.910081 -0.586110
v 1.617279 -0.872794 -0.594468
v 1.647128 -0.833559 -0.604488
v 1.673527 -0.792488 -0.615741
v 1.696578 -0.749699 -0.627822
v 1.716376 -0.705312 -0.640338
v 1.733016 -0.659446 -0.652892
v 1.746573 -0.612227 -0.665124
v 1.757041 -0.563817 -0.676817
v 1.764397 -0.514386 -0.687789
v 1.768615 -0.464106 -0.697859
v 1.769672 -0.413144 -0.706844
v 1.767543 -0.361673 -0.714564
v 1.762202 -0.309861 -0.720836
v 1.753626 -0.257879 -0.725479
v 1.741809 -0.205897 -0.728369
v 1.726823 -0.154086 -0.729604
v 1.708760 -0.102614 -0.729343
v 1.687710 -0.051653 -0.727743
v 1.663765 -0.001372 -0.724959
v 1.637017 0.048058 -0.721150
v 1.607557 0.096468 -0.716472
v 1.575476 0.143687 -0.711083
v 1.540842 0.189554 -0.705175
v 1.503630 0.233941 -0.699091
v 1.463792 0.276729 -0.693210
v 1.421280 0.317800 -0.687909
v 1.376040 0.357035 -0.683574
v 1.327990 0.394322 -0.680619
v 1.277045 0.429549 -0.679463
v 1.569317 -0.956291 -0.515775
v 1.608007 -0.919973 -0.521506
v 1.642959 -0.881640 -0.529039
v 1.674263 -0.841410 -0.538030
v 1.702004 -0.799403 -0.548136
v 1.726267 -0.755737 -0.559017
v 1.747137 -0.710533 -0.570334
v 1.764695 -0.663911 -0.581748
v 1.779010 -0.615998 -0.592947
v 1.790086 -0.566948 -0.603729
v 1.797908 -0.516924 -0.613918
v 1.802465 -0.466089 -0.623339
v 1.803744 -0.414605 -0.631817
v 1.801731 -0.362634 -0.639176
v 1.796415 -0.310338 -0.645241
v 1.787782 -0.257879 -0.649837
v 1.775835 -0.205421 -0.652843
v 1.760635 -0.153125 -0.654356
v 1.742258 -0.101154 -0.654528
v 1.720781 -0.049669 -0.653511
v 1.696281 0.001166 -0.651456
v 1.668833 0.051189 -0.648516
v 1.638515 0.100239 -0.644841
v 1.605403 0.148153 -0.640585
v 1.569554 0.194775 -0.635927
v 1.530951 0.239979 -0.631161
v 1.489557 0.283644 -0.626607
v 1.445335 0.325652 -0.622588
v 1.398249 0.365882 -0.619427
v 1.348258 0.404215 -0.617449
v 1.295320 0.440532 -0.616980
v 1.590294 -0.966689 -0.448792
v 1.630255 -0.929439 -0.454093
v 1.666447 -0.890194 -0.460940
v 1.698938 -0.849077 -0.469051
v 1.727794 -0.806214 -0.478143
v 1.753080 -0.761730 -0.487935
v 1.774864 -0.715751 -0.498145
v 1.793211 -0.668401 -0.508491
v 1.808177 -0.619810 -0.518709
v 1.819771 -0.570130 -0.528615
v 1.827989 -0.519515 -0.538043
v 1.832830 -0.468122 -0.546827
v 1.834290 -0.416106 -0.554801
v 1.832367 -0.363623 -0.561798
v 1.827059 -0.310829 -0.567654
v 1.818362 -0.257879 -0.572201
v 1.806286 -0.204929 -0.575326
v 1.790882 -0.152135 -0.577121
v 1.772215 -0.099652 -0.577729
v 1.750349 -0.047636 -0.577293
v 1.725346 0.003757 -0.575956
v 1.697271 0.054371 -0.573863
v 1.666187 0.104052 -0.571156
v 1.632158 0.152642 -0.567979
v 1.595234 0.199992 -0.564495
v 1.555412 0.245972 -0.560947
v 1.512674 0.290455 -0.557601
v 1.467003 0.333318 -0.554720
v 1.418381 0.374435 -0.552568
v 1.366792 0.413681 -0.551408
v 1.312218 0.450930 -0.551504
v 1.609395 -0.976265 -0.379330
v 1.650416 -0.938216 -0.384252
v 1.687637 -0.898180 -0.390491
v 1.721110 -0.856287 -0.397814
v 1.750888 -0.812667 -0.405991
v 1.777021 -0.767451 -0.414791
v 1.799562 -0.720768 -0.423982
v 1.818562 -0.672749 -0.433333
v 1.834065 -0.623528 -0.442626
v 1.846085 -0.573252 -0.451694
v 1.854627 -0.522071 -0.460384
v 1.859696 -0.470137 -0.468543
v 1.861299 -0.417600 -0.476017
v 1.859440 -0.364611 -0.482652
v 1.854126 -0.311321 -0.488295
v 1.845362 -0.257879 -0.492793
v 1.833161 -0.204438 -0.496039
v 1.817568 -0.151147 -0.498118
v 1.798638 -0.098158 -0.499162
v 1.776425 -0.045621 -0.499301
v 1.750981 0.006313 -0.498668
v 1.722360 0.057493 -0.497394
v 1.690616 0.107770 -0.495611
v 1.655803 0.156991 -0.493451
v 1.617964 0.205009 -0.491058
v 1.577109 0.251692 -0.488632
v 1.533237 0.296908 -0.486384
v 1.486347 0.340528 -0.484528
v 1.436438 0.382422 -0.483275
v 1.383510 0.422458 -0.482839
v 1.327562 0.460507 -0.483430
v 1.626444 -0.984893 -0.307733
v 1.668341 -0.946167 -0.312312
v 1.706407 -0.905458 -0.317999
v 1.740682 -0.862898 -0.324608
v 1.771209 -0.818622 -0.331951
v 1.798028 -0.772765 -0.339842
v 1.821179 -0.725461 -0.348092
v 1.840704 -0.676844 -0.356515
v 1.856638 -0.627051 -0.364932
v 1.868999 -0.576226 -0.373196
v 1.877797 -0.524519 -0.381169
v 1.883046 -0.472075 -0.388713
v 1.884756 -0.419041 -0.395690
v 1.882940 -0.365566 -0.401961
v 1.877609 -0.311796 -0.407389
v 1.868776 -0.257879 -0.411834
v 1.856457 -0.203962 -0.415202
v 1.840693 -0.150192 -0.417566
v 1.821530 -0.096717 -0.419044
v 1.799014 -0.043684 -0.419752
v 1.773191 0.008760 -0.419807
v 1.744106 0.060468 -0.419327
v 1.711807 0.111292 -0.418428
v 1.676338 0.161085 -0.417226
v 1.637740 0.209702 -0.415848
v 1.596031 0.257006 -0.414453
v 1.551222 0.302863 -0.413207
v 1.503325 0.347139 -0.412280
v 1.452353 0.389699 -0.411838
v 1.398316 0.430409 -0.412050
v 1.341226 0.469134 -0.413083
v 1.641288 -0.992469 -0.234323
v 1.683890 -0.953186 -0.238588
v 1.722632 -0.911916 -0.243773
v 1.757545 -0.868798 -0.249729
v 1.788664 -0.823967 -0.256307
v 1.816021 -0.777563 -0.263358
v 1.839650 -0.729723 -0.270733
v 1.859584 -0.680584 -0.278284
v 1.875854 -0.630285 -0.285866
v 1.888478 -0.578971 -0.293353
v 1.897475 -0.526786 -0.300626
v 1.902858 -0.473875 -0.307563
v 1.904646 -0.420384 -0.314044
v 1.902855 -0.366458 -0.319949
v 1.897501 -0.312241 -0.325156
v 1.888600 -0.257879 -0.329546
v 1.876174 -0.203518 -0.333034
v 1.860258 -0.149301 -0.335683
v 1.840893 -0.095375 -0.337593
v 1.818120 -0.041883 -0.338863
v 1.791978 0.011027 -0.339593
v 1.762510 0.063212 -0.339882
v 1.729754 0.114527 -0.339830
v 1.693751 0.164825 -0.339537
v 1.654539 0.213964 -0.339107
v 1.612141 0.261804 -0.338664
v 1.566579 0.308209 -0.338337
v 1.517873 0.353039 -0.338256
v 1.466044 0.396158 -0.338548
v 1.411112 0.437428 -0.339343
v 1.353098 0.476710 -0.340771
v 1.653774 -0.998894 -0.159421
v 1.696926 -0.959166 -0.163396
v 1.736187 -0.917447 -0.168118
v 1.771588 -0.873875 -0.173471
v 1.803157 -0.828591 -0.179340
v 1.830921 -0.781735 -0.185609
v 1.854909 -0.733448 -0.192163
v 1.875150 -0.683869 -0.198887
v 1.891670 -0.633139 -0.205666
v 1.904491 -0.581402 -0.212399
v 1.913632 -0.528801 -0.218983
v 1.919113 -0.475480 -0.225318
v 1.920954 -0.421584 -0.231304
v 1.919174 -0.367255 -0.236838
v 1.913792 -0.312639 -0.241820
v 1.904830 -0.257879 -0.246150
v 1.892309 -0.203119 -0.249756
v 1.876264 -0.148503 -0.252688
v 1.856730 -0.094175 -0.255026
v 1.833745 -0.040279 -0.256851
v 1.807346 0.013042 -0.258242
v 1.777569 0.065643 -0.259280
v 1.744451 0.117381 -0.260044
v 1.708028 0.168110 -0.260616
v 1.668337 0.217689 -0.261077
v 1.625404 0.265977 -0.261520
v 1.579258 0.312832 -0.262041
v 1.529924 0.358116 -0.262734
v 1.477430 0.401688 -0.263695
v 1.421800 0.443408 -0.265019
v 1.363064 0.483136 -0.266800
v 1.663751 -1.004067 -0.083351
v 1.707306 -0.964003 -0.087054
v 1.746948 -0.921939 -0.091343
v 1.782702 -0.878018 -0.096132
v 1.814593 -0.832382 -0.101335
v 1.842648 -0.785172 -0.106866
v 1.866891 -0.736530 -0.112640
v 1.887349 -0.686599 -0.118570
v 1.904046 -0.635520 -0.124573
v 1.917004 -0.583437 -0.130566
v 1.926244 -0.530492 -0.136470
v 1.931791 -0.476831 -0.142206
v 1.933664 -0.422595 -0.147693
v 1.931885 -0.367929 -0.152852
v 1.926477 -0.312976 -0.157604
v 1.917462 -0.257879 -0.161868
v 1.904862 -0.202783 -0.165588
v 1.888711 -0.147830 -0.168799
v 1.869043 -0.093164 -0.171562
v 1.845893 -0.038928 -0.173933
v 1.819294 0.014734 -0.175974
v 1.789283 0.067678 -0.177741
v 1.755892 0.119761 -0.179296
v 1.719156 0.170840 -0.180695
v 1.679110 0.220772 -0.182000
v 1.635784 0.269413 -0.183275
v 1.589208 0.316623 -0.184585
v 1.539413 0.362259 -0.185995
v 1.486428 0.406180 -0.187570
v 1.430284 0.448244 -0.189377
v 1.371011 0.488309 -0.191480
v 1.671067 -1.007887 -0.006434
v 1.714894 -0.967588 -0.009877
v 1.754789 -0.925283 -0.013753
v 1.790776 -0.881115 -0.018005
v 1.822879 -0.835227 -0.022574
v 1.851123 -0.787762 -0.027398
v 1.875531 -0.738863 -0.032421
v 1.896128 -0.688673 -0.037582
v 1.912937 -0.637335 -0.042823
v 1.925982 -0.584993 -0.048087
v 1.935286 -0.531789 -0.053315
v 1.940871 -0.477868 -0.058450
v 1.942761 -0.423373 -0.063436
v 1.940979 -0.368448 -0.068215
v 1.935547 -0.313235 -0.072729
v 1.926489 -0.257879 -0.076921
v 1.913830 -0.202523 -0.080750
v 1.897601 -0.147311 -0.084237
v 1.877836 -0.092385 -0.087417
v 1.854566 -0.037890 -0.090328
v 1.827827 0.016031 -0.093006
v 1.797651 0.069234 -0.095488
v 1.764071 0.121577 -0.097810
v 1.727121 0.172915 -0.100008
v 1.686834 0.223105 -0.102120
v 1.643243 0.272004 -0.104183
v 1.596377 0.319469 -0.106236
v 1.546271 0.365357 -0.108318
v 1.492957 0.409525 -0.110466
v 1.436465 0.451830 -0.112719
v 1.376828 0.492129 -0.115116
v 1.675568 -1.010253 0.071007
v 1.719549 -0.969817 0.067819
v 1.759585 -0.927371 0.064343
v 1.795701 -0.883056 0.060612
v 1.827920 -0.837017 0.056661
v 1.856266 -0.789397 0.052524
v 1.880763 -0.740341 0.048236
v 1.901434 -0.689991 0.043831
v 1.918303 -0.638492 0.039342
v 1.931394 -0.585987 0.034805
v 1.940730 -0.532620 0.030254
v 1.946334 -0.478534 0.025722
v 1.948231 -0.423873 0.021243
v 1.946443 -0.368781 0.016852
v 1.940995 -0.313402 0.012582
v 1.931910 -0.257879 0.008468
v 1.919212 -0.202356 0.004537
v 1.902934 -0.146977 0.000781
v 1.883109 -0.091885 -0.002811
v 1.859768 -0.037225 -0.006253
v 1.832945 0.016861 -0.009558
v 1.802672 0.070228 -0.012740
v 1.768983 0.122734 -0.015811
v 1.731910 0.174233 -0.018786
v 1.691487 0.224582 -0.021677
v 1.647744 0.273639 -0.024497
v 1.600717 0.321258 -0.027261
v 1.550435 0.367297 -0.029981
v 1.496934 0.411612 -0.032672
v 1.440245 0.454059 -0.035346
v 1.380401 0.494494 -0.038018
v 1.677102 -1.011064 0.148651
v 1.721131 -0.970584 0.145718
v 1.761212 -0.928091 0.142639
v 1.797367 -0.883727 0.139425
v 1.829622 -0.837638 0.136086
v 1.857999 -0.789967 0.132632
v 1.882522 -0.740857 0.129073
v 1.903215 -0.690453 0.125421
v 1.920101 -0.638898 0.121686
v 1.933205 -0.586337 0.117878
v 1.942550 -0.532912 0.114007
v 1.948159 -0.478769 0.110084
v 1.950057 -0.424050 0.106119
v 1.948267 -0.368899 0.102123
v 1.942812 -0.313461 0.098107
v 1.933717 -0.257879 0.094080
v 1.921007 -0.202297 0.090052
v 1.904712 -0.146859 0.086036
v 1.884866 -0.091709 0.082040
v 1.861501 -0.036990 0.078075
v 1.834650 0.017154 0.074152
v 1.804346 0.070578 0.070282
v 1.770622 0.123140 0.066473
v 1.733510 0.174694 0.062738
v 1.693043 0.225099 0.059086
v 1.649253 0.274208 0.055528
v 1.602174 0.321880 0.052074
v 1.551838 0.367969 0.048734
v 1.498278 0.412332 0.045520
v 1.441527 0.454826 0.042441
v 1.381617 0.495306 0.039508
v 1.675568 -1.010253 0.226177
v 1.719548 -0.969817 0.223505
v 1.759585 -0.927371 0.220831
v 1.795701 -0.883056 0.218141
v 1.827920 -0.837017 0.215420
v 1.856266 -0.789397 0.212656
v 1.880763 -0.740341 0.209836
v 1.901434 -0.689991 0.206945
v 1.918303 -0.638492 0.203971
v 1.931394 -0.585987 0.200899
v 1.940730 -0.532620 0.197718
v 1.946334 -0.478534 0.194412
v 1.948231 -0.423873 0.190970
v 1.946443 -0.368781 0.187378
v 1.940995 -0.313402 0.183623
v 1.931909 -0.257879 0.179691
v 1.919212 -0.202356 0.175577
v 1.902935 -0.146977 0.171308
v 1.883109 -0.091885 0.166916
v 1.859768 -0.037225 0.162438
v 1.832945 0.016861 0.157905
v 1.802673 0.070228 0.153354
v 1.768983 0.122734 0.148817
v 1.731910 0.174233 0.144329
v 1.691487 0.224582 0.139923
v 1.647744 0.273639 0.135635
v 1.600716 0.321258 0.131498
v 1.550435 0.367297 0.127547
v 1.496934 0.411612 0.123816
v 1.440245 0.454059 0.120340
v 1.380401 0.494494 0.117152
v 1.671067 -1.007887 0.303275
v 1.714894 -0.967588 0.300878
v 1.754789 -0.925283 0.298625
v 1.790776 -0.881115 0.296477
v 1.822880 -0.835227 0.294395
v 1.851123 -0.787762 0.292342
v 1.875531 -0.738863 0.290279
v 1.896128 -0.688673 0.288167
v 1.912937 -0.637335 0.285969
v 1.925982 -0.584993 0.283647
v 1.935286 -0.531789 0.281166
v 1.940871 -0.477868 0.278488
v 1.942761 -0.423373 0.275577
v 1.940979 -0.368448 0.272396
v 1.935547 -0.313235 0.268910
v 1.926489 -0.257879 0.265081
v 1.913830 -0.202523 0.260888
v 1.897601 -0.147311 0.256374
v 1.877835 -0.092385 0.251595
v 1.854566 -0.037890 0.246609
v 1.827827 0.016031 0.241474
v 1.797651 0.069234 0.236246
v 1.764071 0.121577 0.230983
v 1.727121 0.172915 0.225742
v 1.686834 0.223105 0.220580
v 1.643242 0.272004 0.215558
v 1.596377 0.319469 0.210733
v 1.546271 0.365357 0.206165
v 1.492957 0.409525 0.201913
v 1.436465 0.451830 0.198036
v 1.376828 0.492129 0.194593
v 1.663751 -1.004067 0.379639
v 1.707306 -0.964003 0.377536
v 1.746948 -0.921939 0.375730
v 1.782702 -0.878018 0.374154
v 1.814593 -0.832382 0.372744
v 1.842648 -0.785172 0.371434
v 1.866892 -0.736530 0.370160
v 1.887349 -0.686599 0.368855
v 1.904046 -0.635520 0.367455
v 1.917004 -0.583437 0.365901
v 1.926244 -0.530492 0.364133
v 1.931791 -0.476831 0.362093
v 1.933664 -0.422595 0.359721
v 1.931885 -0.367929 0.356959
v 1.926477 -0.312976 0.353747
v 1.917461 -0.257879 0.350027
v 1.904862 -0.202783 0.345763
v 1.888711 -0.147830 0.341012
v 1.869043 -0.093164 0.335852
v 1.845893 -0.038928 0.330365
v 1.819295 0.014734 0.324629
v 1.789283 0.067678 0.318725
v 1.755892 0.119761 0.312732
v 1.719156 0.170840 0.306730
v 1.679110 0.220772 0.300799
v 1.635784 0.269413 0.295025
v 1.589208 0.316623 0.289494
v 1.539412 0.362259 0.284291
v 1.486428 0.406180 0.279502
v 1.430284 0.448244 0.275213
v 1.371011 0.488309 0.271510
v 1.653774 -0.998894 0.454960
v 1.696925 -0.959167 0.453178
v 1.736187 -0.917447 0.451854
v 1.771588 -0.873875 0.450893
v 1.803157 -0.828591 0.450200
v 1.830921 -0.781735 0.449680
v 1.854909 -0.733448 0.449236
v 1.875150 -0.683869 0.448775
v 1.891670 -0.633139 0.448204
v 1.904491 -0.581402 0.447439
v 1.913632 -0.528801 0.446401
v 1.919113 -0.475480 0.445010
v 1.920954 -0.421584 0.443185
v 1.919173 -0.367255 0.440847
v 1.913792 -0.312639 0.437915
v 1.904830 -0.257879 0.434309
v 1.892309 -0.203119 0.429980
v 1.876264 -0.148503 0.424997
v 1.856730 -0.094175 0.419463
v 1.833745 -0.040279 0.413478
v 1.807346 0.013042 0.407142
v 1.777568 0.065643 0.400558
v 1.744450 0.117381 0.393826
v 1.708028 0.168110 0.387046
v 1.668337 0.217689 0.380323
v 1.625404 0.265977 0.373769
v 1.579258 0.312832 0.367499
v 1.529924 0.358116 0.361631
v 1.477430 0.401688 0.356277
v 1.421800 0.443408 0.351556
v 1.363063 0.483136 0.347580
v 1.641288 -0.992469 0.528930
v 1.683890 -0.953186 0.527502
v 1.722632 -0.911916 0.526707
v 1.757545 -0.868798 0.526415
v 1.788664 -0.823967 0.526497
v 1.816021 -0.777563 0.526823
v 1.839650 -0.729723 0.527266
v 1.859584 -0.680584 0.527696
v 1.875854 -0.630285 0.527990
v 1.888478 -0.578971 0.528041
v 1.897474 -0.526786 0.527752
v 1.902858 -0.473875 0.527022
v 1.904646 -0.420384 0.525752
v 1.902855 -0.366458 0.523842
v 1.897501 -0.312241 0.521193
v 1.888600 -0.257879 0.517705
v 1.876174 -0.203518 0.513316
v 1.860258 -0.149301 0.508108
v 1.840893 -0.095375 0.502204
v 1.818120 -0.041883 0.495722
v 1.791979 0.011027 0.488785
v 1.762510 0.063212 0.481512
v 1.729753 0.114527 0.474025
v 1.693751 0.164825 0.466443
v 1.654539 0.213964 0.458892
v 1.612141 0.261804 0.451517
v 1.566579 0.308209 0.444466
v 1.517873 0.353039 0.437888
v 1.466044 0.396158 0.431932
v 1.411112 0.437427 0.426747
v 1.353098 0.476710 0.422482
v 1.626444 -0.984892 0.601242
v 1.668341 -0.946167 0.600209
v 1.706407 -0.905458 0.599998
v 1.740683 -0.862898 0.600439
v 1.771209 -0.818622 0.601367
v 1.798028 -0.772765 0.602612
v 1.821179 -0.725461 0.604007
v 1.840704 -0.676844 0.605386
v 1.856638 -0.627051 0.606587
v 1.868998 -0.576227 0.607486
v 1.877797 -0.524519 0.607967
v 1.883046 -0.472075 0.607911
v 1.884756 -0.419041 0.607203
v 1.882940 -0.365566 0.605725
v 1.877609 -0.311796 0.603361
v 1.868776 -0.257879 0.599993
v 1.856457 -0.203962 0.595548
v 1.840693 -0.150192 0.590121
v 1.821530 -0.096717 0.583849
v 1.799014 -0.043684 0.576873
v 1.773191 0.008760 0.569328
v 1.744106 0.060468 0.561355
v 1.711807 0.111292 0.553091
v 1.676338 0.161085 0.544674
v 1.637740 0.209702 0.536251
v 1.596031 0.257006 0.528001
v 1.551222 0.302863 0.520110
v 1.503325 0.347139 0.512767
v 1.452352 0.389699 0.506158
v 1.398315 0.430409 0.500471
v 1.341226 0.469134 0.495892
v 1.609395 -0.976265 0.671590
v 1.650416 -0.938216 0.670998
v 1.687637 -0.898180 0.671435
v 1.721111 -0.856287 0.672687
v 1.750888 -0.812667 0.674543
v 1.777021 -0.767451 0.676791
v 1.799562 -0.720768 0.679217
v 1.818562 -0.672749 0.681610
v 1.834065 -0.623528 0.683771
v 1.846085 -0.573252 0.685554
v 1.854627 -0.522071 0.686828
v 1.859696 -0.470137 0.687461
v 1.861299 -0.417600 0.687321
v 1.859441 -0.364611 0.686278
v 1.854126 -0.311321 0.684199
v 1.845362 -0.257879 0.680952
v 1.833160 -0.204438 0.676455
v 1.817568 -0.151147 0.670811
v 1.798638 -0.098158 0.664176
v 1.776424 -0.045621 0.656703
v 1.750980 0.006313 0.648544
v 1.722360 0.057493 0.639854
v 1.690616 0.107770 0.630785
v 1.655802 0.156991 0.621492
v 1.617964 0.205009 0.612141
v 1.577109 0.251692 0.602950
v 1.533237 0.296908 0.594150
v 1.486346 0.340528 0.585973
v 1.436438 0.382422 0.578650
v 1.383510 0.422458 0.572412
v 1.327562 0.460507 0.567490
v 1.590294 -0.966689 0.739664
v 1.630255 -0.929439 0.739567
v 1.666447 -0.890194 0.740727
v 1.698938 -0.849077 0.742879
v 1.727793 -0.806214 0.745761
v 1.753080 -0.761730 0.749107
v 1.774864 -0.715751 0.752654
v 1.793211 -0.668401 0.756138
v 1.808177 -0.619810 0.759315
v 1.819771 -0.570130 0.762022
v 1.827989 -0.519515 0.764116
v 1.832830 -0.468122 0.765452
v 1.834290 -0.416106 0.765888
v 1.832367 -0.363623 0.765281
v 1.827059 -0.310829 0.763486
v 1.818362 -0.257879 0.760361
v 1.806286 -0.204929 0.755813
v 1.790882 -0.152135 0.749957
v 1.772215 -0.099652 0.742960
v 1.750349 -0.047636 0.734986
v 1.725346 0.003757 0.726203
v 1.697271 0.054371 0.716775
v 1.666187 0.104052 0.706868
v 1.632158 0.152642 0.696650
v 1.595234 0.199992 0.686304
v 1.555412 0.245972 0.676095
v 1.512674 0.290455 0.666302
v 1.467003 0.333318 0.657210
v 1.418381 0.374435 0.649099
v 1.366792 0.413681 0.642253
v 1.312218 0.450930 0.636952
v 1.569317 -0.956291 0.805140
v 1.608007 -0.919973 0.805608
v 1.642959 -0.881640 0.807586
v 1.674263 -0.841410 0.810747
v 1.702004 -0.799403 0.814766
v 1.726267 -0.755737 0.819320
v 1.747137 -0.710533 0.824086
v 1.764695 -0.663911 0.828744
v 1.779011 -0.615998 0.833001
v 1.790086 -0.566948 0.836675
v 1.797908 -0.516924 0.839615
v 1.802465 -0.466089 0.841670
v 1.803744 -0.414605 0.842687
v 1.801731 -0.362634 0.842515
v 1.796415 -0.310338 0.841002
v 1.787782 -0.257879 0.837996
v 1.775835 -0.205421 0.833401
v 1.760635 -0.153125 0.827336
v 1.742258 -0.101154 0.819976
v 1.720781 -0.049669 0.811499
v 1.696280 0.001166 0.802078
v 1.668833 0.051189 0.791888
v 1.638515 0.100239 0.781106
v 1.605403 0.148153 0.769907
v 1.569554 0.194775 0.758493
v 1.530951 0.239979 0.747176
v 1.489557 0.283644 0.736295
v 1.445335 0.325652 0.726189
v 1.398249 0.365882 0.717198
v 1.348258 0.404215 0.709665
v 1.295320 0.440532 0.703934
v 1.546733 -0.945308 0.867622
v 1.583858 -0.910081 0.868778
v 1.617280 -0.872794 0.871733
v 1.647128 -0.833558 0.876068
v 1.673527 -0.792488 0.881369
v 1.696578 -0.749699 0.887250
v 1.716376 -0.705313 0.893334
v 1.733016 -0.659446 0.899242
v 1.746573 -0.612227 0.904632
v 1.757041 -0.563817 0.909309
v 1.764397 -0.514386 0.913119
v 1.768615 -0.464106 0.915902
v 1.769672 -0.413144 0.917503
v 1.767543 -0.361673 0.917764
v 1.762202 -0.309861 0.916528
v 1.753626 -0.257879 0.913639
v 1.741809 -0.205897 0.908995
v 1.726823 -0.154086 0.902723
v 1.708760 -0.102614 0.895003
v 1.687710 -0.051653 0.886018
v 1.663766 -0.001372 0.875949
v 1.637017 0.048058 0.864977
v 1.607557 0.096468 0.853284
v 1.575476 0.143687 0.841052
v 1.540842 0.189554 0.828498
v 1.503630 0.233941 0.815982
v 1.463792 0.276729 0.803900
v 1.421280 0.317800 0.792647
v 1.376040 0.357035 0.782627
v 1.327990 0.394322 0.774269
v 1.277045 0.429549 0.768008
v 1.522835 -0.934004 0.926698
v 1.558005 -0.900055 0.928727
v 1.589510 -0.863960 0.932893
v 1.617562 -0.825823 0.938629
v 1.642352 -0.785751 0.945392
v 1.663990 -0.743868 0.952734
v 1.682565 -0.700302 0.960228
v 1.698167 -0.655181 0.967450
v 1.710867 -0.608640 0.974017
v 1.720646 -0.560851 0.979727
v 1.727467 -0.511991 0.984420
v 1.731294 -0.462240 0.987937
v 1.732088 -0.411774 0.990119
v 1.729812 -0.360773 0.990807
v 1.724427 -0.309415 0.989843
v 1.715898 -0.257879 0.987066
v 1.704209 -0.206343 0.982375
v 1.689445 -0.154985 0.975897
v 1.671713 -0.103985 0.967819
v 1.651121 -0.053519 0.958324
v 1.627776 -0.003767 0.947597
v 1.601785 0.045093 0.935824
v 1.573258 0.092882 0.923189
v 1.542300 0.139422 0.909878
v 1.508996 0.184543 0.896118
v 1.473329 0.228110 0.882310
v 1.435260 0.269993 0.868899
v 1.394750 0.310064 0.856329
v 1.351736 0.348202 0.845067
v 1.306070 0.384296 0.835671
v 1.257582 0.418246 0.828722
v 1.497918 -0.922644 0.981954
v 1.530643 -0.890190 0.985105
v 1.559754 -0.855446 0.990788
v 1.585598 -0.818506 0.998217
v 1.608471 -0.779475 1.006659
v 1.628480 -0.738495 1.015604
v 1.645684 -0.695717 1.024599
v 1.660142 -0.651294 1.033189
v 1.671894 -0.605383 1.040968
v 1.680907 -0.558166 1.047729
v 1.687131 -0.509830 1.053314
v 1.690514 -0.460559 1.057565
v 1.691003 -0.410543 1.060323
v 1.688549 -0.359966 1.061429
v 1.683099 -0.309016 1.060726
v 1.674603 -0.257879 1.058055
v 1.663037 -0.206743 1.053316
v 1.648499 -0.155793 1.046636
v 1.631111 -0.105216 1.038200
v 1.610999 -0.055199 1.028195
v 1.588287 -0.005929 1.016805
v 1.563100 0.042408 1.004215
v 1.535563 0.089625 0.990612
v 1.505799 0.135535 0.976180
v 1.473914 0.179958 0.961153
v 1.439928 0.222736 0.945959
v 1.403841 0.263717 0.931075
v 1.365656 0.302748 0.916977
v 1.325320 0.339687 0.904196
v 1.282578 0.374431 0.893478
v 1.237122 0.406886 0.885624
v 1.472057 -0.911561 1.033419
v 1.501597 -0.880916 1.038024
v 1.527909 -0.847699 1.045296
v 1.551221 -0.811946 1.054638
v 1.571855 -0.773957 1.065001
v 1.590022 -0.733835 1.075700
v 1.605715 -0.691772 1.086278
v 1.618932 -0.647962 1.096278
v 1.629657 -0.602600 1.105293
v 1.637834 -0.555878 1.113117
v 1.643399 -0.507991 1.119596
v 1.646286 -0.459134 1.124574
v 1.646429 -0.409499 1.127897
v 1.643764 -0.359283 1.129410
v 1.638224 -0.308678 1.128958
v 1.629745 -0.257879 1.126387
v 1.618295 -0.207080 1.121597
v 1.603982 -0.156476 1.114716
v 1.586946 -0.106259 1.105926
v 1.567331 -0.056625 1.095411
v 1.545277 -0.007768 1.083353
v 1.520925 0.040119 1.069935
v 1.494418 0.086841 1.055340
v 1.465897 0.132204 1.039752
v 1.435493 0.176013 1.023404
v 1.403297 0.218076 1.006730
v 1.369391 0.258199 0.990217
v 1.333853 0.296187 0.974349
v 1.296515 0.331940 0.959826
v 1.257171 0.365158 0.947741
v 1.215609 0.395802 0.938695
v 1.446290 -0.901757 1.078840
v 1.471192 -0.873110 1.086277
v 1.493849 -0.841415 1.096005
v 1.514250 -0.806622 1.107768
v 1.532406 -0.769555 1.120277
v 1.548566 -0.730162 1.132866
v 1.562638 -0.688684 1.145098
v 1.574531 -0.645363 1.156539
v 1.584157 -0.600433 1.166803
v 1.591434 -0.554100 1.175692
v 1.596283 -0.506566 1.183059
v 1.598624 -0.458030 1.188754
v 1.598378 -0.408694 1.192628
v 1.595467 -0.358756 1.194533
v 1.589810 -0.308418 1.194319
v 1.581329 -0.257879 1.191839
v 1.569983 -0.207341 1.186996
v 1.555892 -0.157003 1.179915
v 1.539212 -0.107065 1.170774
v 1.520102 -0.057728 1.159751
v 1.498719 -0.009193 1.147022
v 1.475222 0.038342 1.132768
v 1.449768 0.084674 1.117164
v 1.422516 0.129605 1.100389
v 1.393627 0.172926 1.082670
v 1.363282 0.214404 1.064428
v 1.331668 0.253796 1.046131
v 1.298971 0.290863 1.028250
v 1.264919 0.325656 1.011446
v 1.229828 0.357351 0.997125
v 1.193688 0.385998 0.985536
v 1.420498 -0.893297 1.118834
v 1.439460 -0.866933 1.129954
v 1.457429 -0.836984 1.142885
v 1.474459 -0.803049 1.157498
v 1.490006 -0.766641 1.172357
v 1.504058 -0.727755 1.186950
v 1.516429 -0.686672 1.200890
v 1.526932 -0.643674 1.213791
v 1.535397 -0.599027 1.225307
v 1.541715 -0.552949 1.235256
v 1.545794 -0.505645 1.243499
v 1.547540 -0.457318 1.249894
v 1.546863 -0.408174 1.254301
v 1.543668 -0.358417 1.256579
v 1.537865 -0.308250 1.256589
v 1.529359 -0.257879 1.254189
v 1.518103 -0.207508 1.249290
v 1.504226 -0.157342 1.242011
v 1.487900 -0.107584 1.232522
v 1.469297 -0.058440 1.220993
v 1.448591 -0.010114 1.207596
v 1.425955 0.037191 1.192498
v 1.401560 0.083268 1.175871
v 1.375580 0.127915 1.157886
v 1.348207 0.170914 1.138755
v 1.319720 0.211996 1.118861
v 1.290412 0.250882 1.098634
v 1.260581 0.287291 1.078498
v 1.230238 0.321225 1.058968
v 1.200519 0.351175 1.041697
v 1.171215 0.377538 1.026757
v -0.599369 -0.893297 -0.901034
v -0.617571 -0.866933 -0.927077
v -0.638547 -0.836983 -0.953090
v -0.662274 -0.803049 -0.979236
v -0.686914 -0.766641 -1.004563
v -0.711952 -0.727755 -1.029060
v -0.736927 -0.686672 -1.052466
v -0.761378 -0.643674 -1.074519
v -0.784886 -0.599027 -1.094977
v -0.807213 -0.552949 -1.113671
v -0.828162 -0.505645 -1.130457
v -0.847538 -0.457318 -1.145185
v -0.865146 -0.408174 -1.157708
v -0.880790 -0.358417 -1.167879
v -0.894274 -0.308250 -1.175550
v -0.905404 -0.257879 -1.180575
v -0.914036 -0.207508 -1.182849
v -0.920232 -0.157342 -1.182447
v -0.924109 -0.107584 -1.179487
v -0.925781 -0.058440 -1.174085
v -0.925364 -0.010114 -1.166360
v -0.922973 0.037191 -1.156430
v -0.918723 0.083268 -1.144412
v -0.912730 0.127915 -1.130424
v -0.905149 0.170914 -1.114602
v -0.896291 0.211996 -1.097149
v -0.886508 0.250882 -1.078287
v -0.876152 0.287291 -1.058236
v -0.865738 0.321225 -1.037007
v -0.856511 0.351175 -1.015334
v -0.848653 0.377539 -0.993111
v -0.557102 -0.901757 -0.924553
v -0.572235 -0.873110 -0.957150
v -0.590477 -0.841415 -0.988320
v -0.611585 -0.806622 -1.018068
v -0.634051 -0.769555 -1.046180
v -0.657221 -0.730162 -1.072921
v -0.680594 -0.688684 -1.098134
v -0.703672 -0.645363 -1.121664
v -0.726005 -0.600433 -1.143359
v -0.747340 -0.554100 -1.163081
v -0.767475 -0.506566 -1.180698
v -0.786207 -0.458030 -1.196077
v -0.803334 -0.408694 -1.209084
v -0.818652 -0.358756 -1.219586
v -0.831960 -0.308418 -1.227450
v -0.843054 -0.257879 -1.232544
v -0.851787 -0.207341 -1.234774
v -0.858227 -0.157003 -1.234204
v -0.862500 -0.107065 -1.230938
v -0.864729 -0.057728 -1.225080
v -0.865038 -0.009192 -1.216735
v -0.863551 0.038342 -1.206006
v -0.860393 0.084674 -1.192998
v -0.855687 0.129605 -1.177814
v -0.849605 0.172926 -1.160562
v -0.842504 0.214404 -1.141359
v -0.834789 0.253796 -1.120326
v -0.826864 0.290863 -1.097585
v -0.819406 0.325656 -1.072879
v -0.813599 0.357351 -1.046302
v -0.809705 0.385998 -1.017856
v -0.509049 -0.911561 -0.947687
v -0.521885 -0.880916 -0.985458
v -0.538080 -0.847699 -1.020693
v -0.557025 -0.811946 -1.053608
v -0.577592 -0.773957 -1.084447
v -0.599068 -0.733835 -1.113390
v -0.620945 -0.691772 -1.140383
v -0.642713 -0.647962 -1.165367
v -0.663913 -0.602600 -1.188277
v -0.684287 -0.555878 -1.209004
v -0.703629 -0.507991 -1.227432
v -0.721731 -0.459134 -1.243442
v -0.738386 -0.409499 -1.256918
v -0.753388 -0.359283 -1.267741
v -0.766529 -0.308678 -1.275795
v -0.777603 -0.257879 -1.280960
v -0.786458 -0.207080 -1.283156
v -0.793170 -0.156476 -1.282436
v -0.797869 -0.106259 -1.278889
v -0.800686 -0.056625 -1.272606
v -0.801751 -0.007768 -1.263675
v -0.801196 0.040119 -1.252186
v -0.799152 0.086841 -1.238229
v -0.795748 0.132204 -1.221893
v -0.791167 0.176013 -1.203257
v -0.785793 0.218076 -1.182360
v -0.780057 0.258199 -1.159230
v -0.774394 0.296187 -1.133897
v -0.769474 0.331940 -1.106163
v -0.766311 0.365158 -1.075741
v -0.765497 0.395802 -1.042411
v -0.454607 -0.922644 -0.970571
v -0.466475 -0.890190 -1.012013
v -0.481491 -0.855446 -1.050457
v -0.498842 -0.818506 -1.086223
v -0.517768 -0.779475 -1.119580
v -0.537721 -0.738495 -1.150597
v -0.558207 -0.695717 -1.179291
v -0.578729 -0.651294 -1.205682
v -0.598840 -0.605384 -1.229766
v -0.618284 -0.558166 -1.251462
v -0.636853 -0.509829 -1.270670
v -0.654338 -0.460559 -1.287287
v -0.670531 -0.410543 -1.301212
v -0.685223 -0.359966 -1.312343
v -0.698206 -0.309016 -1.320579
v -0.709271 -0.257879 -1.325818
v -0.718268 -0.206743 -1.327989
v -0.725273 -0.155793 -1.327136
v -0.730423 -0.105216 -1.323334
v -0.733853 -0.055199 -1.316657
v -0.735697 -0.005929 -1.307180
v -0.736091 0.042408 -1.294977
v -0.735171 0.089625 -1.280122
v -0.733071 0.135535 -1.262691
v -0.729977 0.179958 -1.242738
v -0.726274 0.222736 -1.220242
v -0.722397 0.263717 -1.195164
v -0.718784 0.302748 -1.167462
v -0.715925 0.339687 -1.137049
v -0.714540 0.374431 -1.103640
v -0.715403 0.406886 -1.066901
v -0.396299 -0.934004 -0.992437
v -0.407447 -0.900055 -1.036725
v -0.421308 -0.863960 -1.077926
v -0.437288 -0.825823 -1.116222
v -0.454815 -0.785751 -1.151776
v -0.473407 -0.743868 -1.184663
v -0.492604 -0.700302 -1.214940
v -0.511946 -0.655181 -1.242663
v -0.531015 -0.608640 -1.267864
v -0.549561 -0.560851 -1.290480
v -0.567378 -0.511991 -1.310426
v -0.584259 -0.462240 -1.327616
v -0.599997 -0.411774 -1.341966
v -0.614385 -0.360773 -1.353389
v -0.627215 -0.309415 -1.361800
v -0.638281 -0.257879 -1.367113
v -0.647433 -0.206343 -1.369268
v -0.654751 -0.154985 -1.368299
v -0.660372 -0.103985 -1.364267
v -0.664433 -0.053519 -1.357230
v -0.667070 -0.003767 -1.347249
v -0.668421 0.045093 -1.334383
v -0.668623 0.092882 -1.318692
v -0.667813 0.139422 -1.300236
v -0.666173 0.184543 -1.279051
v -0.664068 0.228110 -1.255087
v -0.661907 0.269992 -1.228268
v -0.660101 0.310064 -1.198522
v -0.659083 0.348202 -1.165752
v -0.659382 0.384296 -1.129781
v -0.661552 0.418246 -1.090412
v -0.334187 -0.945308 -1.013297
v -0.344805 -0.910081 -1.059885
v -0.357776 -0.872794 -1.103322
v -0.372650 -0.833559 -1.143709
v -0.388983 -0.792488 -1.181141
v -0.406358 -0.749699 -1.215685
v -0.424364 -0.705312 -1.247406
v -0.442592 -0.659446 -1.276366
v -0.460666 -0.612227 -1.302607
v -0.478347 -0.563817 -1.326079
v -0.495434 -0.514386 -1.346712
v -0.511723 -0.464106 -1.364437
v -0.527012 -0.413144 -1.379182
v -0.541099 -0.361673 -1.390878
v -0.553781 -0.309861 -1.399455
v -0.564854 -0.257879 -1.404842
v -0.574174 -0.205897 -1.406987
v -0.581819 -0.154086 -1.405919
v -0.587925 -0.102614 -1.401681
v -0.592628 -0.051653 -1.394320
v -0.596065 -0.001372 -1.383882
v -0.598370 0.048058 -1.370411
v -0.599681 0.096468 -1.353955
v -0.600132 0.143687 -1.334557
v -0.599899 0.189554 -1.312243
v -0.599306 0.233941 -1.286954
v -0.598717 0.276729 -1.258610
v -0.598497 0.317800 -1.227130
v -0.599016 0.357035 -1.192428
v -0.600673 0.394322 -1.154394
v -0.603875 0.429549 -1.112912
v -0.268754 -0.956291 -1.032931
v -0.278978 -0.919973 -1.081377
v -0.291252 -0.881640 -1.126626
v -0.305220 -0.841410 -1.168735
v -0.320523 -0.799403 -1.207760
v -0.336805 -0.755737 -1.243753
v -0.353714 -0.710533 -1.276765
v -0.370896 -0.663911 -1.306846
v -0.388022 -0.615998 -1.334031
v -0.404871 -0.566948 -1.358282
v -0.421248 -0.516925 -1.379541
v -0.436958 -0.466089 -1.397753
v -0.451805 -0.414605 -1.412861
v -0.465593 -0.362634 -1.424809
v -0.478127 -0.310338 -1.433540
v -0.489212 -0.257879 -1.438998
v -0.498707 -0.205421 -1.441141
v -0.506689 -0.153125 -1.439988
v -0.513290 -0.101154 -1.435572
v -0.518642 -0.049669 -1.427925
v -0.522876 0.001166 -1.417079
v -0.526123 0.051189 -1.403068
v -0.528517 0.100239 -1.385926
v -0.530188 0.148153 -1.365683
v -0.531297 0.194775 -1.342358
v -0.532122 0.239979 -1.315897
v -0.532970 0.283644 -1.286231
v -0.534148 0.325652 -1.253294
v -0.535963 0.365882 -1.217014
v -0.538727 0.404215 -1.177319
v -0.542751 0.440532 -1.134137
v -0.200485 -0.966689 -1.051116
v -0.210394 -0.929439 -1.101082
v -0.222096 -0.890194 -1.147816
v -0.235293 -0.849077 -1.191351
v -0.249688 -0.806214 -1.231720
v -0.264982 -0.761730 -1.268955
v -0.280880 -0.715751 -1.303090
v -0.297083 -0.668401 -1.334156
v -0.313312 -0.619810 -1.362174
v -0.329364 -0.570130 -1.387113
v -0.345053 -0.519515 -1.408926
v -0.360194 -0.468122 -1.427572
v -0.374602 -0.416106 -1.443004
v -0.388092 -0.363623 -1.455179
v -0.400479 -0.310829 -1.464052
v -0.411576 -0.257879 -1.469578
v -0.421252 -0.204929 -1.471725
v -0.429577 -0.152135 -1.470502
v -0.436677 -0.099652 -1.465933
v -0.442675 -0.047636 -1.458038
v -0.447696 0.003757 -1.446840
v -0.451864 0.054371 -1.432360
v -0.455303 0.104052 -1.414621
v -0.458136 0.152642 -1.393644
v -0.460509 0.199992 -1.369439
v -0.462650 0.245972 -1.341968
v -0.464807 0.290455 -1.311179
v -0.467228 0.333318 -1.277021
v -0.470162 0.374435 -1.239444
v -0.473857 0.413681 -1.198396
v -0.478561 0.450930 -1.153828
v -0.129839 -0.976265 -1.067644
v -0.139467 -0.938216 -1.118885
v -0.150658 -0.898180 -1.166860
v -0.163164 -0.856287 -1.211587
v -0.176737 -0.812667 -1.253081
v -0.191130 -0.767451 -1.291360
v -0.206096 -0.720768 -1.326440
v -0.221387 -0.672749 -1.358339
v -0.236769 -0.623528 -1.387063
v -0.252057 -0.573252 -1.412588
v -0.267078 -0.522071 -1.434877
v -0.281661 -0.470137 -1.453897
v -0.295634 -0.417600 -1.469612
v -0.308824 -0.364611 -1.481987
v -0.321059 -0.311321 -1.490987
v -0.332168 -0.257879 -1.496577
v -0.342025 -0.204438 -1.498731
v -0.350696 -0.151147 -1.497453
v -0.358295 -0.098158 -1.492757
v -0.364933 -0.045621 -1.484655
v -0.370724 0.006313 -1.473161
v -0.375782 0.057493 -1.458288
v -0.380218 0.107770 -1.440049
v -0.384147 0.156991 -1.418457
v -0.387694 0.205009 -1.393517
v -0.391042 0.251692 -1.365201
v -0.394388 0.296908 -1.333475
v -0.397928 0.340528 -1.298301
v -0.401858 0.382422 -1.259645
v -0.406373 0.422458 -1.217471
v -0.411672 0.460507 -1.171744
v -0.057174 -0.984892 -1.082375
v -0.066543 -0.946167 -1.134675
v -0.077267 -0.905458 -1.183676
v -0.089140 -0.862898 -1.229383
v -0.101961 -0.818622 -1.271803
v -0.115524 -0.772765 -1.310939
v -0.129626 -0.725461 -1.346797
v -0.144063 -0.676844 -1.379381
v -0.158639 -0.627051 -1.408690
v -0.173190 -0.576227 -1.434703
v -0.187560 -0.524519 -1.457391
v -0.201592 -0.472075 -1.476726
v -0.215129 -0.419041 -1.492682
v -0.228015 -0.365566 -1.505230
v -0.240094 -0.311796 -1.514342
v -0.251209 -0.257879 -1.519992
v -0.261246 -0.203962 -1.522155
v -0.270262 -0.150192 -1.520834
v -0.278355 -0.096717 -1.516036
v -0.285623 -0.043684 -1.507765
v -0.292166 0.008760 -1.496029
v -0.298083 0.060468 -1.480834
v -0.303470 0.111292 -1.462186
v -0.308428 0.161085 -1.440092
v -0.313064 0.209702 -1.414553
v -0.317520 0.257006 -1.385550
v -0.321948 0.302863 -1.353059
v -0.326498 0.347139 -1.317056
v -0.331321 0.389699 -1.277515
v -0.336568 0.430409 -1.234413
v -0.342392 0.469134 -1.187726
v 0.017173 -0.992469 -1.095184
v 0.008049 -0.953186 -1.148339
v -0.002241 -0.911916 -1.198166
v -0.013531 -0.868798 -1.244662
v -0.025655 -0.823967 -1.287822
v -0.038446 -0.777563 -1.327644
v -0.051740 -0.729723 -1.364123
v -0.065369 -0.680584 -1.397257
v -0.079173 -0.630285 -1.427037
v -0.093008 -0.578971 -1.453445
v -0.106736 -0.526786 -1.476459
v -0.120219 -0.473875 -1.496055
v -0.133317 -0.420384 -1.512211
v -0.145892 -0.366458 -1.524905
v -0.157806 -0.312241 -1.534114
v -0.168921 -0.257879 -1.539816
v -0.179133 -0.203518 -1.541992
v -0.188489 -0.149301 -1.540639
v -0.197070 -0.095375 -1.535759
v -0.204957 -0.041883 -1.527354
v -0.212232 0.011027 -1.515425
v -0.218977 0.063212 -1.499974
v -0.225273 0.114527 -1.481002
v -0.231202 0.164825 -1.458510
v -0.236851 0.213964 -1.432497
v -0.242326 0.261804 -1.402950
v -0.247739 0.308209 -1.369853
v -0.253203 0.353039 -1.333188
v -0.258829 0.396158 -1.292941
v -0.264730 0.437428 -1.249095
v -0.271017 0.476710 -1.201632
v 0.092870 -0.998894 -1.105945
v 0.083980 -0.959166 -1.159767
v 0.074097 -0.917447 -1.210236
v 0.063354 -0.873875 -1.257340
v 0.051884 -0.828591 -1.301073
v 0.039818 -0.781735 -1.341423
v 0.027291 -0.733448 -1.378382
v 0.014435 -0.683869 -1.411940
v 0.001380 -0.633139 -1.442087
v -0.011753 -0.581402 -1.468805
v -0.024844 -0.528801 -1.492075
v -0.037776 -0.475480 -1.511879
v -0.050428 -0.421584 -1.528197
v -0.062683 -0.367255 -1.541010
v -0.074421 -0.312639 -1.550299
v -0.085525 -0.257879 -1.556046
v -0.095905 -0.203119 -1.558234
v -0.105593 -0.148503 -1.556859
v -0.114652 -0.094175 -1.551919
v -0.123143 -0.040279 -1.543411
v -0.131131 0.013042 -1.531334
v -0.138675 0.065643 -1.515686
v -0.145840 0.117381 -1.496465
v -0.152687 0.168110 -1.473670
v -0.159281 0.217689 -1.447296
v -0.165698 0.265977 -1.417334
v -0.172015 0.312832 -1.383774
v -0.178310 0.358116 -1.346603
v -0.184660 0.401688 -1.305812
v -0.191145 0.443408 -1.261390
v -0.197841 0.483136 -1.213324
v 0.169580 -1.004067 -1.114533
v 0.160921 -0.964003 -1.168849
v 0.151428 -0.921939 -1.219790
v 0.141206 -0.878018 -1.267341
v 0.130358 -0.832382 -1.311491
v 0.118987 -0.785172 -1.352227
v 0.107196 -0.736530 -1.389536
v 0.095089 -0.686599 -1.423406
v 0.082768 -0.635520 -1.453823
v 0.070332 -0.583437 -1.480771
v 0.057878 -0.530492 -1.504233
v 0.045504 -0.476831 -1.524194
v 0.033308 -0.422595 -1.540635
v 0.021386 -0.367929 -1.553540
v 0.009837 -0.312976 -1.562893
v -0.001243 -0.257879 -1.568677
v -0.011778 -0.202783 -1.570877
v -0.021788 -0.147830 -1.569487
v -0.031312 -0.093164 -1.564504
v -0.040393 -0.038928 -1.555922
v -0.049072 0.014734 -1.543737
v -0.057389 0.067678 -1.527947
v -0.065386 0.119761 -1.508546
v -0.073104 0.170840 -1.485531
v -0.080586 0.220772 -1.458896
v -0.087878 0.269413 -1.428636
v -0.095028 0.316623 -1.394741
v -0.102083 0.362259 -1.357204
v -0.109092 0.406180 -1.316017
v -0.116101 0.448244 -1.271172
v -0.123160 0.488309 -1.222661
v 0.246969 -1.007887 -1.120822
v 0.238542 -0.967588 -1.175474
v 0.229432 -0.925283 -1.226732
v 0.219716 -0.881115 -1.274583
v 0.209471 -0.835227 -1.319013
v 0.198775 -0.787762 -1.360006
v 0.187703 -0.738863 -1.397549
v 0.176333 -0.688673 -1.431628
v 0.164742 -0.637335 -1.462227
v 0.153003 -0.584993 -1.489331
v 0.141194 -0.531789 -1.512926
v 0.129388 -0.477868 -1.532995
v 0.117661 -0.423373 -1.549523
v 0.106088 -0.368448 -1.562494
v 0.094744 -0.313235 -1.571894
v 0.083704 -0.257879 -1.577705
v 0.073027 -0.202523 -1.579915
v 0.062711 -0.147311 -1.578517
v 0.052736 -0.092385 -1.573505
v 0.043083 -0.037890 -1.564873
v 0.033735 0.016031 -1.552618
v 0.024672 0.069234 -1.536733
v 0.015876 0.121577 -1.517213
v 0.007327 0.172915 -1.494053
v -0.000994 0.223105 -1.467248
v -0.009106 0.272004 -1.436791
v -0.017031 0.319469 -1.402675
v -0.024789 0.365357 -1.364895
v -0.032401 0.409525 -1.323444
v -0.039887 0.451830 -1.278316
v -0.047269 0.492129 -1.229504
v 0.324703 -1.010253 -1.124687
v 0.316513 -0.969817 -1.179529
v 0.307786 -0.927371 -1.230968
v 0.298573 -0.883056 -1.278987
v 0.288927 -0.837017 -1.323573
v 0.278900 -0.789397 -1.364710
v 0.268543 -0.740341 -1.402384
v 0.257909 -0.689991 -1.436580
v 0.247051 -0.638492 -1.467282
v 0.236018 -0.585987 -1.494476
v 0.224865 -0.532620 -1.518147
v 0.213642 -0.478534 -1.538279
v 0.202402 -0.423873 -1.554858
v 0.191196 -0.368781 -1.567869
v 0.180076 -0.313402 -1.577296
v 0.169093 -0.257879 -1.583125
v 0.158293 -0.202356 -1.585342
v 0.147687 -0.146977 -1.583940
v 0.137280 -0.091885 -1.578912
v 0.127076 -0.037225 -1.570254
v 0.117081 0.016861 -1.557959
v 0.107297 0.070228 -1.542021
v 0.097731 0.122734 -1.522436
v 0.088386 0.174233 -1.499196
v 0.079266 0.224582 -1.472297
v 0.070378 0.273639 -1.441732
v 0.061723 0.321258 -1.407495
v 0.053308 0.367297 -1.369581
v 0.045135 0.411612 -1.327983
v 0.037210 0.454059 -1.282695
v 0.029536 0.494494 -1.233712
v 0.402447 -1.011064 -1.126004
v 0.394507 -0.970584 -1.180906
v 0.386171 -0.928091 -1.232401
v 0.377469 -0.883727 -1.280473
v 0.368429 -0.837638 -1.325107
v 0.359077 -0.789967 -1.366289
v 0.349444 -0.740857 -1.404004
v 0.339557 -0.690453 -1.438236
v 0.329444 -0.638898 -1.468971
v 0.319134 -0.586337 -1.496193
v 0.308654 -0.532912 -1.519889
v 0.298034 -0.478769 -1.540041
v 0.287300 -0.424050 -1.556637
v 0.276482 -0.368899 -1.569661
v 0.265607 -0.313461 -1.579098
v 0.254705 -0.257879 -1.584933
v 0.243802 -0.202297 -1.587152
v 0.232927 -0.146859 -1.585749
v 0.222109 -0.091709 -1.580717
v 0.211376 -0.036990 -1.572050
v 0.200755 0.017154 -1.559743
v 0.190275 0.070578 -1.543790
v 0.179965 0.123140 -1.524184
v 0.169852 0.174694 -1.500919
v 0.159965 0.225099 -1.473992
v 0.150332 0.274208 -1.443393
v 0.140981 0.321880 -1.409119
v 0.131940 0.367969 -1.371163
v 0.123238 0.412332 -1.329520
v 0.114903 0.454826 -1.284183
v 0.106962 0.495306 -1.235146
v 0.479873 -1.010253 -1.124687
v 0.472199 -0.969817 -1.179529
v 0.464274 -0.927371 -1.230968
v 0.456102 -0.883056 -1.278987
v 0.447686 -0.837017 -1.323573
v 0.439032 -0.789397 -1.364710
v 0.430143 -0.740341 -1.402384
v 0.421024 -0.689991 -1.436580
v 0.411679 -0.638492 -1.467282
v 0.402112 -0.585987 -1.494476
v 0.392329 -0.532620 -1.518147
v 0.382333 -0.478534 -1.538279
v 0.372129 -0.423873 -1.554858
v 0.361722 -0.368781 -1.567869
v 0.351116 -0.313402 -1.577296
v 0.340316 -0.257879 -1.583125
v 0.329334 -0.202356 -1.585342
v 0.318214 -0.146977 -1.583940
v 0.307007 -0.091885 -1.578912
v 0.295767 -0.037225 -1.570254
v 0.284544 0.016861 -1.557959
v 0.273391 0.070228 -1.542022
v 0.262359 0.122734 -1.522436
v 0.251500 0.174233 -1.499196
v 0.240866 0.224582 -1.472297
v 0.230510 0.273639 -1.441732
v 0.220482 0.321258 -1.407495
v 0.210836 0.367297 -1.369580
v 0.201623 0.411612 -1.327983
v 0.192896 0.454059 -1.282695
v 0.184706 0.494494 -1.233712
v 0.556679 -1.007887 -1.120822
v 0.549297 -0.967588 -1.175474
v 0.541810 -0.925283 -1.226732
v 0.534198 -0.881115 -1.274583
v 0.526440 -0.835227 -1.319013
v 0.518515 -0.787762 -1.360006
v 0.510403 -0.738863 -1.397549
v 0.502083 -0.688673 -1.431628
v 0.493534 -0.637335 -1.462227
v 0.484737 -0.584993 -1.489331
v 0.475674 -0.531789 -1.512926
v 0.466326 -0.477868 -1.532995
v 0.456674 -0.423373 -1.549523
v 0.446699 -0.368448 -1.562494
v 0.436382 -0.313235 -1.571893
v 0.425706 -0.257879 -1.577705
v 0.414665 -0.202523 -1.579915
v 0.403321 -0.147311 -1.578517
v 0.391748 -0.092385 -1.573505
v 0.380021 -0.037890 -1.564873
v 0.368215 0.016031 -1.552618
v 0.356406 0.069234 -1.536733
v 0.344668 0.121577 -1.517213
v 0.333076 0.172915 -1.494053
v 0.321706 0.223105 -1.467248
v 0.310635 0.272004 -1.436791
v 0.299938 0.319469 -1.402675
v 0.289694 0.365357 -1.364895
v 0.279978 0.409525 -1.323444
v 0.270868 0.451830 -1.278316
v 0.262440 0.492129 -1.229504
v 0.632570 -1.004067 -1.114533
v 0.625511 -0.964002 -1.168849
v 0.618501 -0.921939 -1.219790
v 0.611492 -0.878018 -1.267341
v 0.604437 -0.832382 -1.311491
v 0.597287 -0.785172 -1.352227
v 0.589995 -0.736530 -1.389536
v 0.582514 -0.686599 -1.423406
v 0.574795 -0.635520 -1.453823
v 0.566798 -0.583437 -1.480771
v 0.558481 -0.530492 -1.504233
v 0.549803 -0.476831 -1.524193
v 0.540722 -0.422595 -1.540635
v 0.531197 -0.367929 -1.553540
v 0.521188 -0.312976 -1.562893
v 0.510652 -0.257879 -1.568677
v 0.499573 -0.202783 -1.570877
v 0.488023 -0.147830 -1.569488
v 0.476101 -0.093164 -1.564503
v 0.463905 -0.038928 -1.555921
v 0.451531 0.014734 -1.543737
v 0.439077 0.067678 -1.527946
v 0.426642 0.119761 -1.508546
v 0.414321 0.170840 -1.485531
v 0.402214 0.220772 -1.458897
v 0.390423 0.269413 -1.428636
v 0.379052 0.316623 -1.394741
v 0.368203 0.362259 -1.357204
v 0.357981 0.406180 -1.316017
v 0.348489 0.448244 -1.271172
v 0.339829 0.488309 -1.222661
v 0.707250 -0.998894 -1.105945
v 0.700554 -0.959166 -1.159767
v 0.694070 -0.917447 -1.210235
v 0.687719 -0.873875 -1.257340
v 0.681424 -0.828591 -1.301073
v 0.675107 -0.781735 -1.341423
v 0.668691 -0.733448 -1.378382
v 0.662097 -0.683869 -1.411940
v 0.655250 -0.633139 -1.442087
v 0.648085 -0.581402 -1.468805
v 0.640540 -0.528801 -1.492075
v 0.632553 -0.475480 -1.511879
v 0.624061 -0.421584 -1.528196
v 0.615002 -0.367255 -1.541010
v 0.605314 -0.312639 -1.550299
v 0.594934 -0.257879 -1.556046
v 0.583831 -0.203119 -1.558234
v 0.572092 -0.148503 -1.556859
v 0.559837 -0.094175 -1.551919
v 0.547185 -0.040279 -1.543411
v 0.534254 0.013042 -1.531334
v 0.521162 0.065643 -1.515686
v 0.508030 0.117381 -1.496465
v 0.494975 0.168110 -1.473670
v 0.482118 0.217689 -1.447296
v 0.469591 0.265977 -1.417334
v 0.457526 0.312832 -1.383773
v 0.446055 0.358116 -1.346603
v 0.435312 0.401688 -1.305812
v 0.425429 0.443408 -1.261390
v 0.416540 0.483136 -1.213324
v 0.780426 -0.992469 -1.095184
v 0.774139 -0.953186 -1.148339
v 0.768239 -0.911916 -1.198166
v 0.762612 -0.868798 -1.244661
v 0.757149 -0.823967 -1.287822
v 0.751735 -0.777563 -1.327644
v 0.746260 -0.729723 -1.364123
v 0.740611 -0.680584 -1.397256
v 0.734682 -0.630285 -1.427037
v 0.728386 -0.578971 -1.453445
v 0.721641 -0.526786 -1.476459
v 0.714366 -0.473875 -1.496055
v 0.706479 -0.420384 -1.512211
v 0.697899 -0.366458 -1.524905
v 0.688543 -0.312241 -1.534114
v 0.678330 -0.257879 -1.539816
v 0.667216 -0.203518 -1.541992
v 0.655302 -0.149301 -1.540639
v 0.642726 -0.095375 -1.535759
v 0.629628 -0.041883 -1.527354
v 0.616146 0.011027 -1.515425
v 0.602417 0.063212 -1.499974
v 0.588582 0.114527 -1.481002
v 0.574778 0.164825 -1.458510
v 0.561149 0.213964 -1.432497
v 0.547856 0.261804 -1.402950
v 0.535064 0.308209 -1.369853
v 0.522940 0.353039 -1.333188
v 0.511651 0.396158 -1.292941
v 0.501360 0.437427 -1.249094
v 0.492236 0.476710 -1.201632
v 0.851801 -0.984892 -1.082375
v 0.845978 -0.946167 -1.134674
v 0.840730 -0.905458 -1.183676
v 0.835907 -0.862898 -1.229384
v 0.831357 -0.818622 -1.271803
v 0.826930 -0.772765 -1.310939
v 0.822474 -0.725461 -1.346797
v 0.817838 -0.676844 -1.379381
v 0.812880 -0.627051 -1.408690
v 0.807492 -0.576226 -1.434703
v 0.801576 -0.524519 -1.457391
v 0.795033 -0.472075 -1.476726
v 0.787764 -0.419041 -1.492682
v 0.779672 -0.365566 -1.505230
v 0.770656 -0.311796 -1.514342
v 0.760618 -0.257879 -1.519992
v 0.749503 -0.203962 -1.522155
v 0.737424 -0.150192 -1.520835
v 0.724538 -0.096717 -1.516036
v 0.711001 -0.043684 -1.507765
v 0.696969 0.008760 -1.496029
v 0.682600 0.060468 -1.480834
v 0.668049 0.111292 -1.462186
v 0.653472 0.161085 -1.440092
v 0.639035 0.209702 -1.414553
v 0.624933 0.257006 -1.385550
v 0.611370 0.302863 -1.353059
v 0.598550 0.347139 -1.317055
v 0.586676 0.389699 -1.277515
v 0.575953 0.430409 -1.234413
v 0.566584 0.469134 -1.187725
v 0.921081 -0.976265 -1.067644
v 0.915783 -0.938216 -1.118885
v 0.911267 -0.898180 -1.166860
v 0.907337 -0.856287 -1.211587
v 0.903798 -0.812667 -1.253081
v 0.900452 -0.767451 -1.291360
v 0.897103 -0.720768 -1.326440
v 0.893556 -0.672749 -1.358339
v 0.889628 -0.623528 -1.387063
v 0.885191 -0.573252 -1.412588
v 0.880134 -0.522071 -1.434877
v 0.874343 -0.470137 -1.453897
v 0.867704 -0.417600 -1.469612
v 0.860106 -0.364611 -1.481987
v 0.851435 -0.311321 -1.490987
v 0.841577 -0.257879 -1.496577
v 0.830469 -0.204438 -1.498731
v 0.818233 -0.151147 -1.497453
v 0.805043 -0.098158 -1.492757
v 0.791071 -0.045621 -1.484655
v 0.776487 0.006313 -1.473161
v 0.761466 0.057493 -1.458288
v 0.746178 0.107770 -1.440049
v 0.730797 0.156991 -1.418457
v 0.715505 0.205009 -1.393517
v 0.700540 0.251692 -1.365201
v 0.686146 0.296908 -1.333475
v 0.672573 0.340528 -1.298301
v 0.660068 0.382422 -1.259645
v 0.648877 0.422458 -1.217471
v 0.639248 0.460507 -1.171744
v 0.987971 -0.966689 -1.051116
v 0.983266 -0.929439 -1.101082
v 0.979571 -0.890194 -1.147816
v 0.976637 -0.849077 -1.191352
v 0.974216 -0.806214 -1.231720
v 0.972060 -0.761730 -1.268956
v 0.969919 -0.715751 -1.303090
v 0.967546 -0.668401 -1.334156
v 0.964712 -0.619810 -1.362174
v 0.961274 -0.570130 -1.387112
v 0.957106 -0.519515 -1.408926
v 0.952085 -0.468122 -1.427572
v 0.946087 -0.416106 -1.443004
v 0.938987 -0.363623 -1.455179
v 0.930661 -0.310829 -1.464052
v 0.920986 -0.257879 -1.469578
v 0.909888 -0.204929 -1.471725
v 0.897502 -0.152135 -1.470502
v 0.884012 -0.099652 -1.465932
v 0.869604 -0.047636 -1.458038
v 0.854462 0.003757 -1.446840
v 0.838773 0.054371 -1.432360
v 0.822722 0.104052 -1.414621
v 0.806492 0.152642 -1.393644
v 0.790289 0.199992 -1.369439
v 0.774392 0.245972 -1.341968
v 0.759097 0.290455 -1.311178
v 0.744702 0.333318 -1.277021
v 0.731505 0.374435 -1.239444
v 0.719804 0.413681 -1.198396
v 0.709895 0.450930 -1.153828
v 1.052161 -0.956291 -1.032931
v 1.048136 -0.919973 -1.081376
v 1.045372 -0.881640 -1.126626
v 1.043557 -0.841410 -1.168735
v 1.042379 -0.799403 -1.207760
v 1.041532 -0.755737 -1.243753
v 1.040706 -0.710534 -1.276764
v 1.039597 -0.663911 -1.306846
v 1.037926 -0.615998 -1.334031
v 1.035533 -0.566948 -1.358282
v 1.032285 -0.516924 -1.379541
v 1.028051 -0.466089 -1.397753
v 1.022700 -0.414605 -1.412861
v 1.016099 -0.362634 -1.424809
v 1.008116 -0.310338 -1.433540
v 0.998622 -0.257879 -1.438998
v 0.987536 -0.205421 -1.441141
v 0.975002 -0.153125 -1.439988
v 0.961214 -0.101154 -1.435572
v 0.946367 -0.049669 -1.427924
v 0.930658 0.001166 -1.417079
v 0.914281 0.051189 -1.403068
v 0.897431 0.100239 -1.385925
v 0.880305 0.148153 -1.365683
v 0.863124 0.194775 -1.342358
v 0.846215 0.239979 -1.315897
v 0.829932 0.283644 -1.286232
v 0.814630 0.325652 -1.253294
v 0.800662 0.365882 -1.217014
v 0.788387 0.404215 -1.177319
v 0.778164 0.440532 -1.134137
v 1.113284 -0.945308 -1.013297
v 1.110082 -0.910081 -1.059885
v 1.108425 -0.872794 -1.103322
v 1.107906 -0.833558 -1.143709
v 1.108127 -0.792488 -1.181141
v 1.108715 -0.749699 -1.215685
v 1.109308 -0.705313 -1.247406
v 1.109542 -0.659446 -1.276366
v 1.109091 -0.612227 -1.302606
v 1.107780 -0.563817 -1.326078
v 1.105474 -0.514386 -1.346712
v 1.102038 -0.464106 -1.364437
v 1.097334 -0.413144 -1.379182
v 1.091228 -0.361673 -1.390878
v 1.083583 -0.309861 -1.399455
v 1.074264 -0.257879 -1.404841
v 1.063190 -0.205897 -1.406987
v 1.050508 -0.154086 -1.405918
v 1.036422 -0.102614 -1.401681
v 1.021132 -0.051653 -1.394320
v 1.004843 -0.001372 -1.383882
v 0.987756 0.048058 -1.370411
v 0.970075 0.096468 -1.353954
v 0.952002 0.143687 -1.334557
v 0.933774 0.189554 -1.312243
v 0.915767 0.233941 -1.286954
v 0.898392 0.276729 -1.258610
v 0.882059 0.317800 -1.227130
v 0.867185 0.357035 -1.192428
v 0.854215 0.394322 -1.154394
v 0.843596 0.429549 -1.112911
v 1.170962 -0.934004 -0.992437
v 1.168791 -0.900055 -1.036725
v 1.168492 -0.863960 -1.077926
v 1.169510 -0.825823 -1.116222
v 1.171316 -0.785751 -1.151776
v 1.173477 -0.743868 -1.184663
v 1.175582 -0.700302 -1.214941
v 1.177222 -0.655181 -1.242663
v 1.178033 -0.608640 -1.267864
v 1.177831 -0.560851 -1.290480
v 1.176480 -0.511991 -1.310426
v 1.173842 -0.462240 -1.327616
v 1.169782 -0.411774 -1.341966
v 1.164161 -0.360773 -1.353389
v 1.156843 -0.309415 -1.361800
v 1.147691 -0.257879 -1.367113
v 1.136625 -0.206343 -1.369268
v 1.123794 -0.154985 -1.368299
v 1.109406 -0.103985 -1.364266
v 1.093669 -0.053519 -1.357230
v 1.076788 -0.003767 -1.347249
v 1.058970 0.045093 -1.334383
v 1.040424 0.092882 -1.318692
v 1.021355 0.139422 -1.300236
v 1.002014 0.184543 -1.279051
v 0.982817 0.228110 -1.255087
v 0.964225 0.269993 -1.228269
v 0.946697 0.310064 -1.198522
v 0.930718 0.348202 -1.165752
v 0.916857 0.384296 -1.129781
v 0.905708 0.418246 -1.090412
v 1.224813 -0.922644 -0.970571
v 1.223949 -0.890190 -1.012013
v 1.225334 -0.855446 -1.050457
v 1.228193 -0.818506 -1.086223
v 1.231807 -0.779475 -1.119580
v 1.235683 -0.738495 -1.150597
v 1.239386 -0.695717 -1.179292
v 1.242480 -0.651294 -1.205682
v 1.244580 -0.605383 -1.229766
v 1.245501 -0.558166 -1.251462
v 1.245106 -0.509830 -1.270670
v 1.243262 -0.460559 -1.287287
v 1.239832 -0.410543 -1.301212
v 1.234683 -0.359966 -1.312343
v 1.227677 -0.309016 -1.320579
v 1.218681 -0.257879 -1.325818
v 1.207615 -0.206743 -1.327989
v 1.194633 -0.155793 -1.327136
v 1.179940 -0.105216 -1.323334
v 1.163747 -0.055199 -1.316657
v 1.146263 -0.005929 -1.307180
v 1.127694 0.042408 -1.294976
v 1.108249 0.089625 -1.280122
v 1.088138 0.135535 -1.262691
v 1.067616 0.179958 -1.242738
v 1.047131 0.222736 -1.220242
v 1.027177 0.263717 -1.195163
v 1.008251 0.302748 -1.167462
v 0.990901 0.339687 -1.137049
v 0.975885 0.374431 -1.103640
v 0.964016 0.406886 -1.066901
v 1.274906 -0.911561 -0.947687
v 1.275721 -0.880916 -0.985458
v 1.278883 -0.847699 -1.020693
v 1.283803 -0.811946 -1.053608
v 1.289466 -0.773957 -1.084447
v 1.295202 -0.733835 -1.113390
v 1.300577 -0.691772 -1.140383
v 1.305158 -0.647962 -1.165367
v 1.308561 -0.602600 -1.188276
v 1.310606 -0.555878 -1.209004
v 1.311160 -0.507991 -1.227432
v 1.310095 -0.459134 -1.243442
v 1.307278 -0.409499 -1.256918
v 1.302579 -0.359283 -1.267741
v 1.295867 -0.308678 -1.275795
v 1.287012 -0.257879 -1.280961
v 1.275938 -0.207080 -1.283156
v 1.262797 -0.156476 -1.282435
v 1.247795 -0.106259 -1.278889
v 1.231140 -0.056625 -1.272606
v 1.213038 -0.007768 -1.263675
v 1.193696 0.040119 -1.252186
v 1.173322 0.086841 -1.238229
v 1.152122 0.132204 -1.221893
v 1.130355 0.176013 -1.203257
v 1.108478 0.218076 -1.182360
v 1.087001 0.258199 -1.159230
v 1.066435 0.296187 -1.133897
v 1.047489 0.331940 -1.106163
v 1.031294 0.365158 -1.075741
v 1.018458 0.395802 -1.042411
v 1.319114 -0.901757 -0.924553
v 1.323008 -0.873110 -0.957150
v 1.328815 -0.841415 -0.988320
v 1.336274 -0.806622 -1.018067
v 1.344199 -0.769555 -1.046180
v 1.351914 -0.730162 -1.072921
v 1.359015 -0.688684 -1.098134
v 1.365097 -0.645363 -1.121664
v 1.369803 -0.600433 -1.143359
v 1.372961 -0.554100 -1.163081
v 1.374447 -0.506566 -1.180698
v 1.374138 -0.458030 -1.196077
v 1.371909 -0.408694 -1.209084
v 1.367637 -0.358756 -1.219586
v 1.361196 -0.308418 -1.227451
v 1.352463 -0.257879 -1.232544
v 1.341369 -0.207341 -1.234774
v 1.328061 -0.157003 -1.234204
v 1.312743 -0.107065 -1.230938
v 1.295616 -0.057728 -1.225080
v 1.276884 -0.009193 -1.216735
v 1.256749 0.038342 -1.206006
v 1.235414 0.084674 -1.192998
v 1.213081 0.129605 -1.177814
v 1.190004 0.172926 -1.160562
v 1.166630 0.214404 -1.141358
v 1.143461 0.253796 -1.120326
v 1.120994 0.290863 -1.097585
v 1.099886 0.325656 -1.072879
v 1.081644 0.357351 -1.046302
v 1.066512 0.385998 -1.017857
v 1.358062 -0.893297 -0.901034
v 1.365921 -0.866933 -0.927077
v 1.375147 -0.836984 -0.953090
v 1.385562 -0.803049 -0.979236
v 1.395918 -0.766641 -1.004563
v 1.405700 -0.727755 -1.029060
v 1.414559 -0.686672 -1.052466
v 1.422140 -0.643674 -1.074519
v 1.428133 -0.599027 -1.094977
v 1.432382 -0.552949 -1.113671
v 1.434773 -0.505645 -1.130456
v 1.435190 -0.457318 -1.145184
v 1.433518 -0.408174 -1.157708
v 1.429641 -0.358417 -1.167879
v 1.423445 -0.308250 -1.175550
v 1.414814 -0.257879 -1.180575
v 1.403684 -0.207508 -1.182849
v 1.390199 -0.157342 -1.182447
v 1.374555 -0.107584 -1.179487
v 1.356947 -0.058440 -1.174085
v 1.337571 -0.010114 -1.166360
v 1.316622 0.037191 -1.156430
v 1.294296 0.083268 -1.144412
v 1.270787 0.127915 -1.130424
v 1.246337 0.170914 -1.114602
v 1.221362 0.211996 -1.097149
v 1.196323 0.250882 -1.078286
v 1.171684 0.287291 -1.058236
v 1.147956 0.321225 -1.037007
v 1.126980 0.351175 -1.015334
v 1.108779 0.377538 -0.993111
vn 0.4256 0.7986 -0.4256
vn 0.3980 0.8104 -0.4298
vn 0.3720 0.8198 -0.4353
vn 0.3460 0.8282 -0.4408
vn 0.3193 0.8361 -0.4461
vn 0.2923 0.8431 -0.4513
vn 0.2646 0.8496 -0.4564
vn 0.2359 0.8553 -0.4613
vn 0.2071 0.8602 -0.4659
vn 0.1780 0.8643 -0.4704
vn 0.1485 0.8676 -0.4746
vn 0.1180 0.8701 -0.4785
vn 0.0864 0.8717 -0.4823
vn 0.0533 0.8724 -0.4858
vn 0.0182 0.8720 -0.4892
vn -0.0184 0.8703 -0.4922
vn -0.0543 0.8673 -0.4948
vn -0.0890 0.8632 -0.4969
vn -0.1230 0.8581 -0.4985
vn -0.1563 0.8520 -0.4996
vn -0.1893 0.8449 -0.5002
vn -0.2224 0.8367 -0.5005
vn -0.2558 0.8272 -0.5002
vn -0.2896 0.8164 -0.4996
vn -0.3228 0.8046 -0.4985
vn -0.3556 0.7916 -0.4969
vn -0.3884 0.7774 -0.4948
vn -0.4207 0.7621 -0.4923
vn -0.4532 0.7450 -0.4894
vn -0.4878 0.7239 -0.4878
vn 0.4269 0.8133 -0.3953
vn 0.3979 0.8267 -0.3979
vn 0.3700 0.8376 -0.4018
vn 0.3427 0.8472 -0.4059
vn 0.3152 0.8559 -0.4100
vn 0.2878 0.8636 -0.4140
vn 0.2599 0.8706 -0.4178
vn 0.2314 0.8768 -0.4216
vn 0.2029 0.8821 -0.4252
vn 0.1742 0.8865 -0.4287
vn 0.1451 0.8901 -0.4320
vn 0.1152 0.8929 -0.4352
vn 0.0842 0.8949 -0.4382
vn 0.0518 0.8959 -0.4412
vn 0.0177 0.8958 -0.4441
vn -0.0178 0.8944 -0.4468
vn -0.0528 0.8918 -0.4494
vn -0.0868 0.8880 -0.4515
vn -0.1200 0.8832 -0.4534
vn -0.1528 0.8773 -0.4549
vn -0.1854 0.8704 -0.4561
vn -0.2180 0.8624 -0.4570
vn -0.2511 0.8530 -0.4575
vn -0.2848 0.8422 -0.4578
vn -0.3183 0.8301 -0.4578
vn -0.3517 0.8168 -0.4574
vn -0.3855 0.8018 -0.4566
vn -0.4195 0.7851 -0.4556
vn -0.4545 0.7661 -0.4545
vn -0.4911 0.7430 -0.4547
vn 0.4293 0.8253 -0.3669
vn 0.3990 0.8401 -0.3674
vn 0.3694 0.8527 -0.3694
vn 0.3407 0.8634 -0.3721
vn 0.3124 0.8728 -0.3750
vn 0.2843 0.8811 -0.3779
vn 0.2561 0.8885 -0.3807
vn 0.2276 0.8950 -0.3835
vn 0.1993 0.9006 -0.3863
vn 0.1708 0.9053 -0.3890
vn 0.1420 0.9091 -0.3915
vn 0.1126 0.9122 -0.3940
vn 0.0821 0.9144 -0.3965
vn 0.0505 0.9156 -0.3989
vn 0.0172 0.9158 -0.4013
vn -0.0173 0.9147 -0.4038
vn -0.0514 0.9123 -0.4062
vn -0.0846 0.9088 -0.4085
vn -0.1173 0.9043 -0.4105
vn -0.1496 0.8987 -0.4123
vn -0.1818 0.8920 -0.4139
vn -0.2142 0.8841 -0.4153
vn -0.2472 0.8749 -0.4165
vn -0.2808 0.8642 -0.4175
vn -0.3147 0.8520 -0.4184
vn -0.3490 0.8383 -0.4190
vn -0.3840 0.8226 -0.4194
vn -0.4200 0.8045 -0.4200
vn -0.4572 0.7834 -0.4210
vn -0.4956 0.7583 -0.4235
vn 0.4316 0.8360 -0.3388
vn 0.4001 0.8519 -0.3378
vn 0.3694 0.8655 -0.3382
vn 0.3395 0.8772 -0.3395
vn 0.3103 0.8873 -0.3412
vn 0.2815 0.8961 -0.3431
vn 0.2529 0.9039 -0.3451
vn 0.2244 0.9106 -0.3471
vn 0.1962 0.9163 -0.3491
vn 0.1679 0.9212 -0.3511
vn 0.1393 0.9252 -0.3531
vn 0.1101 0.9284 -0.3550
vn 0.0802 0.9307 -0.3569
vn 0.0492 0.9321 -0.3588
vn 0.0168 0.9325 -0.3609
vn -0.0169 0.9316 -0.3631
vn -0.0501 0.9295 -0.3654
vn -0.0826 0.9263 -0.3676
vn -0.1147 0.9220 -0.3697
vn -0.1467 0.9167 -0.3718
vn -0.1786 0.9102 -0.3736
vn -0.2109 0.9026 -0.3754
vn -0.2438 0.8935 -0.3770
vn -0.2775 0.8829 -0.3787
vn -0.3119 0.8707 -0.3803
vn -0.3472 0.8566 -0.3818
vn -0.3834 0.8402 -0.3834
vn -0.4209 0.8212 -0.3854
vn -0.4599 0.7987 -0.3882
vn -0.4999 0.7721 -0.3924
vn 0.4337 0.8459 -0.3104
vn 0.4012 0.8625 -0.3085
vn 0.3696 0.8767 -0.3078
vn 0.3387 0.8890 -0.3080
vn 0.3087 0.8997 -0.3087
vn 0.2793 0.9089 -0.3097
vn 0.2503 0.9169 -0.3109
vn 0.2218 0.9238 -0.3122
vn 0.1935 0.9296 -0.3136
vn 0.1652 0.9346 -0.3150
vn 0.1368 0.9387 -0.3164
vn 0.1079 0.9420 -0.3178
vn 0.0784 0.9444 -0.3193
vn 0.0479 0.9459 -0.3208
vn 0.0163 0.9464 -0.3225
vn -0.0164 0.9457 -0.3245
vn -0.0488 0.9439 -0.3266
vn -0.0807 0.9409 -0.3288
vn -0.1124 0.9369 -0.3310
vn -0.1440 0.9318 -0.3332
vn -0.1758 0.9256 -0.3352
vn -0.2081 0.9181 -0.3373
vn -0.2410 0.9093 -0.3393
vn -0.2749 0.8989 -0.3413
vn -0.3098 0.8866 -0.3435
vn -0.3458 0.8722 -0.3458
vn -0.3832 0.8554 -0.3484
vn -0.4220 0.8357 -0.3515
vn -0.4623 0.8124 -0.3554
vn -0.5038 0.7850 -0.3605
vn 0.4355 0.8548 -0.2821
vn 0.4022 0.8718 -0.2796
vn 0.3697 0.8866 -0.2781
vn 0.3381 0.8993 -0.2774
vn 0.3074 0.9103 -0.2772
vn 0.2775 0.9198 -0.2775
vn 0.2482 0.9279 -0.2781
vn 0.2195 0.9349 -0.2788
vn 0.1911 0.9409 -0.2797
vn 0.1629 0.9459 -0.2806
vn 0.1346 0.9501 -0.2815
vn 0.1059 0.9534 -0.2825
vn 0.0768 0.9559 -0.2835
vn 0.0468 0.9575 -0.2847
vn 0.0159 0.9581 -0.2861
vn -0.0160 0.9575 -0.2878
vn -0.0477 0.9559 -0.2898
vn -0.0790 0.9532 -0.2919
vn -0.1103 0.9494 -0.2941
vn -0.1417 0.9445 -0.2963
vn -0.1733 0.9385 -0.2986
vn -0.2056 0.9313 -0.3008
vn -0.2386 0.9226 -0.3031
vn -0.2727 0.9123 -0.3054
vn -0.3080 0.9001 -0.3080
vn -0.3448 0.8857 -0.3109
vn -0.3831 0.8686 -0.3142
vn -0.4230 0.8484 -0.3182
vn -0.4644 0.8247 -0.3229
vn -0.5073 0.7967 -0.3285
vn 0.4371 0.8630 -0.2534
vn 0.4029 0.8803 -0.2506
vn 0.3697 0.8953 -0.2486
vn 0.3375 0.9082 -0.2474
vn 0.3063 0.9194 -0.2467
vn 0.2760 0.9290 -0.2464
vn 0.2465 0.9373 -0.2465
vn 0.2176 0.9443 -0.2468
vn 0.1891 0.9503 -0.2471
vn 0.1608 0.9554 -0.2476
vn 0.1326 0.9596 -0.2481
vn 0.1041 0.9630 -0.2487
vn 0.0752 0.9655 -0.2494
vn 0.0458 0.9671 -0.2503
vn 0.0155 0.9677 -0.2514
vn -0.0156 0.9674 -0.2529
vn -0.0466 0.9659 -0.2547
vn -0.0774 0.9634 -0.2567
vn -0.1084 0.9598 -0.2589
vn -0.1395 0.9552 -0.2611
vn -0.1711 0.9494 -0.2634
vn -0.2034 0.9423 -0.2658
vn -0.2365 0.9339 -0.2683
vn -0.2709 0.9237 -0.2709
vn -0.3066 0.9116 -0.2737
vn -0.3439 0.8973 -0.2769
vn -0.3829 0.8801 -0.2806
vn -0.4237 0.8598 -0.2849
vn -0.4662 0.8358 -0.2900
vn -0.5103 0.8075 -0.2959
vn 0.4384 0.8704 -0.2242
vn 0.4034 0.8878 -0.2214
vn 0.3696 0.9029 -0.2194
vn 0.3370 0.9160 -0.2179
vn 0.3054 0.9272 -0.2169
vn 0.2747 0.9369 -0.2163
vn 0.2449 0.9452 -0.2160
vn 0.2159 0.9523 -0.2159
vn 0.1873 0.9583 -0.2159
vn 0.1589 0.9634 -0.2159
vn 0.1307 0.9676 -0.2161
vn 0.1024 0.9709 -0.2164
vn 0.0739 0.9734 -0.2168
vn 0.0448 0.9751 -0.2174
vn 0.0151 0.9758 -0.2183
vn -0.0152 0.9755 -0.2196
vn -0.0456 0.9742 -0.2212
vn -0.0760 0.9718 -0.2231
vn -0.1066 0.9685 -0.2251
vn -0.1375 0.9640 -0.2274
vn -0.1691 0.9585 -0.2297
vn -0.2014 0.9516 -0.2321
vn -0.2347 0.9433 -0.2347
vn -0.2692 0.9333 -0.2374
vn -0.3053 0.9214 -0.2404
vn -0.3431 0.9072 -0.2437
vn -0.3827 0.8901 -0.2474
vn -0.4242 0.8699 -0.2518
vn -0.4677 0.8458 -0.2567
vn -0.5130 0.8173 -0.2623
vn 0.4394 0.8768 -0.1953
vn 0.4038 0.8943 -0.1927
vn 0.3695 0.9095 -0.1906
vn 0.3364 0.9226 -0.1890
vn 0.3045 0.9338 -0.1878
vn 0.2735 0.9435 -0.1870
vn 0.2435 0.9518 -0.1863
vn 0.2143 0.9589 -0.1859
vn 0.1856 0.9650 -0.1856
vn 0.1572 0.9700 -0.1853
vn 0.1290 0.9742 -0.1852
vn 0.1009 0.9775 -0.1852
vn 0.0726 0.9800 -0.1854
vn 0.0440 0.9816 -0.1858
vn 0.0148 0.9823 -0.1865
vn -0.0149 0.9821 -0.1876
vn -0.0447 0.9810 -0.1890
vn -0.0747 0.9788 -0.1907
vn -0.1049 0.9756 -0.1927
vn -0.1357 0.9714 -0.1948
vn -0.1672 0.9660 -0.1971
vn -0.1995 0.9594 -0.1995
vn -0.2330 0.9512 -0.2021
vn -0.2678 0.9415 -0.2049
vn -0.3041 0.9297 -0.2079
vn -0.3423 0.9156 -0.2112
vn -0.3824 0.8987 -0.2149
vn -0.4246 0.8785 -0.2190
vn -0.4689 0.8545 -0.2237
vn -0.5152 0.8259 -0.2290
vn 0.4402 0.8823 -0.1666
vn 0.4040 0.8999 -0.1642
vn 0.3693 0.9151 -0.1622
vn 0.3358 0.9281 -0.1605
vn 0.3036 0.9394 -0.1592
vn 0.2724 0.9491 -0.1582
vn 0.2422 0.9574 -0.1573
vn 0.2128 0.9645 -0.1566
vn 0.1840 0.9705 -0.1561
vn 0.1556 0.9755 -0.1556
vn 0.1275 0.9796 -0.1553
vn 0.0995 0.9829 -0.1551
vn 0.0714 0.9853 -0.1551
vn 0.0432 0.9869 -0.1553
vn 0.0145 0.9877 -0.1559
vn -0.0146 0.9875 -0.1567
vn -0.0439 0.9865 -0.1580
vn -0.0735 0.9845 -0.1595
vn -0.1035 0.9815 -0.1613
vn -0.1341 0.9774 -0.1633
vn -0.1654 0.9722 -0.1654
vn -0.1978 0.9658 -0.1678
vn -0.2314 0.9578 -0.1703
vn -0.2663 0.9482 -0.1730
vn -0.3030 0.9366 -0.1759
vn -0.3415 0.9227 -0.1791
vn -0.3820 0.9059 -0.1826
vn -0.4247 0.8859 -0.1866
vn -0.4697 0.8619 -0.1909
vn -0.5169 0.8334 -0.1957
vn 0.4407 0.8870 -0.1379
vn 0.4041 0.9046 -0.1357
vn 0.3689 0.9198 -0.1338
vn 0.3352 0.9328 -0.1322
vn 0.3027 0.9441 -0.1309
vn 0.2713 0.9537 -0.1297
vn 0.2409 0.9620 -0.1287
vn 0.2114 0.9690 -0.1279
vn 0.1825 0.9749 -0.1272
vn 0.1541 0.9799 -0.1266
vn 0.1261 0.9840 -0.1261
vn 0.0983 0.9872 -0.1258
vn 0.0704 0.9896 -0.1257
vn 0.0425 0.9911 -0.1258
vn 0.0143 0.9919 -0.1262
vn -0.0143 0.9918 -0.1269
vn -0.0432 0.9908 -0.1279
vn -0.0724 0.9890 -0.1292
vn -0.1021 0.9861 -0.1308
vn -0.1326 0.9823 -0.1326
vn -0.1638 0.9773 -0.1345
vn -0.1962 0.9710 -0.1367
vn -0.2298 0.9633 -0.1390
vn -0.2649 0.9538 -0.1415
vn -0.3018 0.9424 -0.1443
vn -0.3406 0.9286 -0.1472
vn -0.3815 0.9120 -0.1505
vn -0.4247 0.8921 -0.1540
vn -0.4703 0.8683 -0.1579
vn -0.5182 0.8397 -0.1621
vn 0.4409 0.8909 -0.1088
vn 0.4039 0.9085 -0.1069
vn 0.3685 0.9237 -0.1053
vn 0.3345 0.9367 -0.1038
vn 0.3018 0.9479 -0.1025
vn 0.2702 0.9574 -0.1013
vn 0.2397 0.9656 -0.1003
vn 0.2101 0.9726 -0.0995
vn 0.1812 0.9785 -0.0987
vn 0.1528 0.9834 -0.0981
vn 0.1249 0.9874 -0.0975
vn 0.0972 0.9905 -0.0972
vn 0.0696 0.9928 -0.0970
vn 0.0419 0.9944 -0.0970
vn 0.0141 0.9952 -0.0973
vn -0.0141 0.9951 -0.0978
vn -0.0426 0.9942 -0.0986
vn -0.0715 0.9924 -0.0997
vn -0.1010 0.9897 -0.1010
vn -0.1312 0.9860 -0.1025
vn -0.1624 0.9812 -0.1042
vn -0.1947 0.9751 -0.1061
vn -0.2284 0.9676 -0.1081
vn -0.2636 0.9583 -0.1103
vn -0.3006 0.9471 -0.1127
vn -0.3396 0.9335 -0.1153
vn -0.3808 0.9171 -0.1182
vn -0.4244 0.8973 -0.1212
vn -0.4704 0.8736 -0.1245
vn -0.5190 0.8451 -0.1280
vn 0.4409 0.8941 -0.0790
vn 0.4036 0.9117 -0.0775
vn 0.3679 0.9267 -0.0762
vn 0.3337 0.9397 -0.0750
vn 0.3008 0.9508 -0.0739
vn 0.2692 0.9603 -0.0729
vn 0.2386 0.9684 -0.0720
vn 0.2090 0.9753 -0.0712
vn 0.1800 0.9811 -0.0705
vn 0.1517 0.9859 -0.0699
vn 0.1239 0.9899 -0.0694
vn 0.0963 0.9930 -0.0691
vn 0.0689 0.9952 -0.0689
vn 0.0415 0.9968 -0.0689
vn 0.0139 0.9975 -0.0690
vn -0.0140 0.9975 -0.0694
vn -0.0422 0.9967 -0.0700
vn -0.0708 0.9950 -0.0708
vn -0.1001 0.9924 -0.0718
vn -0.1301 0.9888 -0.0729
vn -0.1612 0.9841 -0.0743
vn -0.1934 0.9782 -0.0757
vn -0.2271 0.9708 -0.0774
vn -0.2623 0.9617 -0.0791
vn -0.2994 0.9507 -0.0811
vn -0.3386 0.9373 -0.0831
vn -0.3800 0.9210 -0.0854
vn -0.4238 0.9015 -0.0878
vn -0.4703 0.8779 -0.0904
vn -0.5193 0.8495 -0.0931
vn 0.4405 0.8964 -0.0483
vn 0.4030 0.9140 -0.0474
vn 0.3672 0.9290 -0.0465
vn 0.3329 0.9419 -0.0456
vn 0.2999 0.9529 -0.0448
vn 0.2682 0.9623 -0.0441
vn 0.2376 0.9704 -0.0435
vn 0.2080 0.9772 -0.0429
vn 0.1791 0.9829 -0.0424
vn 0.1508 0.9877 -0.0419
vn 0.1231 0.9915 -0.0416
vn 0.0956 0.9946 -0.0413
vn 0.0684 0.9968 -0.0412
vn 0.0411 0.9983 -0.0411
vn 0.0138 0.9991 -0.0412
vn -0.0138 0.9990 -0.0414
vn -0.0418 0.9983 -0.0418
vn -0.0702 0.9966 -0.0423
vn -0.0993 0.9941 -0.0429
vn -0.1293 0.9906 -0.0437
vn -0.1602 0.9861 -0.0445
vn -0.1924 0.9803 -0.0455
vn -0.2260 0.9730 -0.0466
vn -0.2612 0.9641 -0.0478
vn -0.2983 0.9532 -0.0491
vn -0.3375 0.9400 -0.0505
vn -0.3791 0.9239 -0.0519
vn -0.4231 0.9045 -0.0535
vn -0.4698 0.8811 -0.0552
vn -0.5192 0.8528 -0.0569
vn 0.4399 0.8979 -0.0164
vn 0.4023 0.9154 -0.0161
vn 0.3664 0.9303 -0.0157
vn 0.3321 0.9431 -0.0154
vn 0.2991 0.9541 -0.0151
vn 0.2675 0.9635 -0.0148
vn 0.2369 0.9714 -0.0146
vn 0.2073 0.9782 -0.0144
vn 0.1784 0.9839 -0.0142
vn 0.1502 0.9886 -0.0140
vn 0.1225 0.9924 -0.0139
vn 0.0952 0.9954 -0.0138
vn 0.0680 0.9976 -0.0137
vn 0.0409 0.9991 -0.0137
vn 0.0137 0.9998 -0.0137
vn -0.0138 0.9998 -0.0138
vn -0.0416 0.9990 -0.0139
vn -0.0699 0.9975 -0.0141
vn -0.0988 0.9950 -0.0143
vn -0.1287 0.9916 -0.0145
vn -0.1595 0.9871 -0.0149
vn -0.1916 0.9814 -0.0152
vn -0.2251 0.9742 -0.0156
vn -0.2603 0.9654 -0.0160
vn -0.2974 0.9546 -0.0165
vn -0.3366 0.9415 -0.0170
vn -0.3781 0.9256 -0.0176
vn -0.4222 0.9063 -0.0181
vn -0.4690 0.8830 -0.0187
vn -0.5185 0.8549 -0.0193
vn 0.4389 0.8984 0.0164
vn 0.4015 0.9157 0.0160
vn 0.3656 0.9306 0.0157
vn 0.3314 0.9434 0.0154
vn 0.2985 0.9543 0.0151
vn 0.2669 0.9636 0.0148
vn 0.2364 0.9715 0.0146
vn 0.2068 0.9783 0.0143
vn 0.1781 0.9839 0.0141
vn 0.1499 0.9886 0.0140
vn 0.1223 0.9924 0.0138
vn 0.0950 0.9954 0.0137
vn 0.0679 0.9976 0.0137
vn 0.0408 0.9991 0.0136
vn 0.0137 0.9998 0.0137
vn -0.0137 0.9998 0.0137
vn -0.0415 0.9990 0.0139
vn -0.0697 0.9975 0.0140
vn -0.0986 0.9950 0.0143
vn -0.1284 0.9916 0.0145
vn -0.1592 0.9871 0.0148
vn -0.1912 0.9814 0.0152
vn -0.2246 0.9743 0.0156
vn -0.2597 0.9655 0.0160
vn -0.2967 0.9548 0.0165
vn -0.3358 0.9418 0.0170
vn -0.3772 0.9259 0.0175
vn -0.4212 0.9068 0.0181
vn -0.4678 0.8836 0.0187
vn -0.5172 0.8556 0.0193
vn 0.4378 0.8978 0.0480
vn 0.4005 0.9151 0.0471
vn 0.3649 0.9299 0.0462
vn 0.3308 0.9426 0.0453
vn 0.2981 0.9535 0.0446
vn 0.2666 0.9628 0.0438
vn 0.2362 0.9707 0.0432
vn 0.2067 0.9775 0.0426
vn 0.1780 0.9831 0.0421
vn 0.1499 0.9878 0.0417
vn 0.1223 0.9916 0.0413
vn 0.0951 0.9946 0.0411
vn 0.0680 0.9968 0.0409
vn 0.0409 0.9983 0.0409
vn 0.0137 0.9991 0.0410
vn -0.0138 0.9991 0.0412
vn -0.0415 0.9983 0.0415
vn -0.0698 0.9967 0.0420
vn -0.0987 0.9942 0.0427
vn -0.1285 0.9908 0.0434
vn -0.1592 0.9863 0.0442
vn -0.1911 0.9805 0.0452
vn -0.2245 0.9734 0.0463
vn -0.2595 0.9646 0.0475
vn -0.2963 0.9538 0.0487
vn -0.3352 0.9408 0.0501
vn -0.3764 0.9250 0.0516
vn -0.4202 0.9059 0.0532
vn -0.4665 0.8828 0.0548
vn -0.5155 0.8550 0.0565
vn 0.4364 0.8964 0.0782
vn 0.3995 0.9135 0.0768
vn 0.3641 0.9283 0.0754
vn 0.3303 0.9410 0.0742
vn 0.2978 0.9518 0.0731
vn 0.2665 0.9611 0.0721
vn 0.2362 0.9691 0.0713
vn 0.2069 0.9758 0.0705
vn 0.1783 0.9815 0.0698
vn 0.1502 0.9862 0.0692
vn 0.1226 0.9901 0.0687
vn 0.0954 0.9931 0.0684
vn 0.0682 0.9953 0.0682
vn 0.0411 0.9968 0.0682
vn 0.0138 0.9976 0.0683
vn -0.0138 0.9975 0.0687
vn -0.0417 0.9967 0.0693
vn -0.0701 0.9951 0.0701
vn -0.0990 0.9925 0.0710
vn -0.1288 0.9890 0.0722
vn -0.1595 0.9845 0.0735
vn -0.1914 0.9787 0.0749
vn -0.2246 0.9714 0.0765
vn -0.2595 0.9626 0.0783
vn -0.2961 0.9518 0.0802
vn -0.3348 0.9387 0.0822
vn -0.3757 0.9229 0.0844
vn -0.4190 0.9038 0.0868
vn -0.4649 0.8808 0.0893
vn -0.5134 0.8532 0.0920
vn 0.4348 0.8941 0.1073
vn 0.3983 0.9112 0.1054
vn 0.3633 0.9259 0.1038
vn 0.3298 0.9385 0.1023
vn 0.2976 0.9493 0.1011
vn 0.2665 0.9586 0.0999
vn 0.2364 0.9666 0.0990
vn 0.2072 0.9734 0.0981
vn 0.1787 0.9791 0.0973
vn 0.1507 0.9838 0.0967
vn 0.1232 0.9877 0.0962
vn 0.0959 0.9908 0.0959
vn 0.0686 0.9930 0.0957
vn 0.0414 0.9946 0.0957
vn 0.0139 0.9953 0.0959
vn -0.0139 0.9952 0.0965
vn -0.0420 0.9944 0.0973
vn -0.0705 0.9927 0.0983
vn -0.0996 0.9900 0.0996
vn -0.1293 0.9864 0.1010
vn -0.1600 0.9818 0.1027
vn -0.1918 0.9758 0.1045
vn -0.2250 0.9685 0.1065
vn -0.2596 0.9596 0.1087
vn -0.2960 0.9487 0.1110
vn -0.3344 0.9356 0.1136
vn -0.3749 0.9197 0.1163
vn -0.4178 0.9007 0.1193
vn -0.4631 0.8778 0.1226
vn -0.5110 0.8503 0.1261
vn 0.4330 0.8912 0.1355
vn 0.3970 0.9081 0.1333
vn 0.3625 0.9227 0.1315
vn 0.3293 0.9353 0.1299
vn 0.2974 0.9461 0.1286
vn 0.2665 0.9554 0.1274
vn 0.2367 0.9633 0.1265
vn 0.2077 0.9701 0.1256
vn 0.1793 0.9758 0.1249
vn 0.1514 0.9806 0.1243
vn 0.1239 0.9845 0.1239
vn 0.0965 0.9876 0.1236
vn 0.0692 0.9899 0.1235
vn 0.0417 0.9915 0.1236
vn 0.0140 0.9922 0.1239
vn -0.0141 0.9921 0.1246
vn -0.0424 0.9912 0.1256
vn -0.0711 0.9894 0.1269
vn -0.1003 0.9866 0.1284
vn -0.1301 0.9829 0.1301
vn -0.1608 0.9781 0.1320
vn -0.1925 0.9721 0.1341
vn -0.2254 0.9647 0.1364
vn -0.2598 0.9556 0.1388
vn -0.2959 0.9447 0.1415
vn -0.3339 0.9315 0.1444
vn -0.3740 0.9156 0.1475
vn -0.4164 0.8966 0.1510
vn -0.4611 0.8738 0.1548
vn -0.5081 0.8465 0.1590
vn 0.4310 0.8875 0.1631
vn 0.3955 0.9043 0.1607
vn 0.3615 0.9188 0.1588
vn 0.3287 0.9313 0.1571
vn 0.2971 0.9420 0.1558
vn 0.2666 0.9513 0.1548
vn 0.2370 0.9592 0.1540
vn 0.2082 0.9660 0.1533
vn 0.1800 0.9717 0.1527
vn 0.1523 0.9765 0.1523
vn 0.1247 0.9805 0.1519
vn 0.0973 0.9836 0.1517
vn 0.0699 0.9859 0.1517
vn 0.0422 0.9875 0.1520
vn 0.0142 0.9882 0.1525
vn -0.0143 0.9881 0.1533
vn -0.0429 0.9871 0.1545
vn -0.0718 0.9851 0.1559
vn -0.1011 0.9823 0.1577
vn -0.1310 0.9785 0.1596
vn -0.1617 0.9735 0.1617
vn -0.1933 0.9674 0.1639
vn -0.2260 0.9598 0.1664
vn -0.2601 0.9507 0.1690
vn -0.2959 0.9396 0.1718
vn -0.3335 0.9264 0.1749
vn -0.3730 0.9105 0.1783
vn -0.4148 0.8915 0.1822
vn -0.4587 0.8688 0.1864
vn -0.5049 0.8417 0.1911
vn 0.4287 0.8831 0.1905
vn 0.3939 0.8997 0.1880
vn 0.3604 0.9141 0.1859
vn 0.3281 0.9265 0.1843
vn 0.2969 0.9372 0.1832
vn 0.2667 0.9464 0.1823
vn 0.2374 0.9543 0.1817
vn 0.2089 0.9610 0.1812
vn 0.1809 0.9667 0.1809
vn 0.1532 0.9715 0.1806
vn 0.1257 0.9755 0.1805
vn 0.0983 0.9787 0.1805
vn 0.0707 0.9810 0.1806
vn 0.0428 0.9825 0.1810
vn 0.0144 0.9833 0.1817
vn -0.0145 0.9831 0.1827
vn -0.0435 0.9820 0.1841
vn -0.0727 0.9799 0.1857
vn -0.1022 0.9769 0.1876
vn -0.1321 0.9729 0.1896
vn -0.1627 0.9679 0.1918
vn -0.1941 0.9616 0.1941
vn -0.2267 0.9539 0.1966
vn -0.2605 0.9447 0.1993
vn -0.2958 0.9336 0.2022
vn -0.3329 0.9203 0.2054
vn -0.3720 0.9044 0.2090
vn -0.4130 0.8855 0.2131
vn -0.4562 0.8629 0.2177
vn -0.5014 0.8361 0.2228
vn 0.4263 0.8779 0.2180
vn 0.3922 0.8943 0.2153
vn 0.3593 0.9086 0.2132
vn 0.3275 0.9208 0.2117
vn 0.2967 0.9314 0.2107
vn 0.2669 0.9406 0.2101
vn 0.2379 0.9484 0.2098
vn 0.2096 0.9551 0.2096
vn 0.1818 0.9607 0.2096
vn 0.1543 0.9655 0.2096
vn 0.1269 0.9695 0.2097
vn 0.0994 0.9726 0.2100
vn 0.0717 0.9750 0.2103
vn 0.0435 0.9765 0.2109
vn 0.0147 0.9772 0.2118
vn -0.0148 0.9769 0.2130
vn -0.0442 0.9757 0.2145
vn -0.0737 0.9736 0.2163
vn -0.1033 0.9704 0.2182
vn -0.1333 0.9663 0.2204
vn -0.1638 0.9610 0.2226
vn -0.1951 0.9546 0.2249
vn -0.2274 0.9469 0.2274
vn -0.2609 0.9376 0.2300
vn -0.2958 0.9264 0.2329
vn -0.3324 0.9131 0.2361
vn -0.3708 0.8972 0.2398
vn -0.4111 0.8783 0.2440
vn -0.4533 0.8559 0.2488
vn -0.4974 0.8294 0.2544
vn 0.4236 0.8719 0.2456
vn 0.3903 0.8881 0.2428
vn 0.3581 0.9021 0.2408
vn 0.3268 0.9142 0.2395
vn 0.2965 0.9247 0.2388
vn 0.2671 0.9337 0.2385
vn 0.2385 0.9414 0.2385
vn 0.2105 0.9480 0.2387
vn 0.1829 0.9536 0.2390
vn 0.1555 0.9584 0.2394
vn 0.1281 0.9623 0.2398
vn 0.1006 0.9655 0.2404
vn 0.0727 0.9678 0.2410
vn 0.0442 0.9693 0.2418
vn 0.0150 0.9699 0.2429
vn -0.0150 0.9696 0.2443
vn -0.0450 0.9682 0.2459
vn -0.0748 0.9659 0.2478
vn -0.1046 0.9626 0.2499
vn -0.1346 0.9583 0.2520
vn -0.1651 0.9529 0.2542
vn -0.1962 0.9464 0.2565
vn -0.2282 0.9386 0.2588
vn -0.2614 0.9292 0.2614
vn -0.2958 0.9180 0.2641
vn -0.3319 0.9047 0.2672
vn -0.3696 0.8888 0.2709
vn -0.4091 0.8700 0.2751
vn -0.4503 0.8478 0.2801
vn -0.4931 0.8216 0.2859
vn 0.4207 0.8653 0.2725
vn 0.3884 0.8811 0.2700
vn 0.3569 0.8948 0.2684
vn 0.3263 0.9066 0.2676
vn 0.2965 0.9168 0.2674
vn 0.2676 0.9256 0.2676
vn 0.2393 0.9332 0.2680
vn 0.2115 0.9397 0.2686
vn 0.1841 0.9453 0.2694
vn 0.1569 0.9499 0.2702
vn 0.1295 0.9538 0.2710
vn 0.1020 0.9569 0.2718
vn 0.0739 0.9592 0.2728
vn 0.0450 0.9607 0.2739
vn 0.0153 0.9613 0.2752
vn -0.0154 0.9608 0.2768
vn -0.0458 0.9593 0.2786
vn -0.0760 0.9568 0.2806
vn -0.1060 0.9534 0.2826
vn -0.1361 0.9489 0.2848
vn -0.1666 0.9434 0.2869
vn -0.1975 0.9367 0.2890
vn -0.2293 0.9288 0.2912
vn -0.2621 0.9193 0.2935
vn -0.2961 0.9081 0.2961
vn -0.3315 0.8948 0.2989
vn -0.3684 0.8792 0.3022
vn -0.4069 0.8606 0.3061
vn -0.4470 0.8388 0.3108
vn -0.4886 0.8131 0.3164
vn 0.4177 0.8580 0.2989
vn 0.3862 0.8733 0.2970
vn 0.3556 0.8865 0.2962
vn 0.3258 0.8979 0.2962
vn 0.2967 0.9077 0.2967
vn 0.2683 0.9162 0.2975
vn 0.2404 0.9236 0.2985
vn 0.2128 0.9300 0.2997
vn 0.1856 0.9354 0.3009
vn 0.1584 0.9400 0.3021
vn 0.1311 0.9438 0.3033
vn 0.1034 0.9469 0.3046
vn 0.0751 0.9491 0.3059
vn 0.0459 0.9505 0.3073
vn 0.0156 0.9510 0.3088
vn -0.0157 0.9504 0.3106
vn -0.0467 0.9487 0.3126
vn -0.0773 0.9461 0.3147
vn -0.1076 0.9424 0.3167
vn -0.1378 0.9378 0.3188
vn -0.1682 0.9321 0.3208
vn -0.1991 0.9253 0.3227
vn -0.2306 0.9173 0.3247
vn -0.2631 0.9078 0.3267
vn -0.2966 0.8966 0.3289
vn -0.3313 0.8835 0.3313
vn -0.3672 0.8681 0.3339
vn -0.4046 0.8501 0.3371
vn -0.4435 0.8288 0.3410
vn -0.4837 0.8039 0.3462
vn 0.4145 0.8499 0.3254
vn 0.3840 0.8646 0.3242
vn 0.3543 0.8771 0.3243
vn 0.3254 0.8878 0.3254
vn 0.2972 0.8971 0.3268
vn 0.2694 0.9053 0.3284
vn 0.2419 0.9124 0.3301
vn 0.2146 0.9186 0.3318
vn 0.1874 0.9239 0.3336
vn 0.1603 0.9284 0.3353
vn 0.1330 0.9321 0.3370
vn 0.1051 0.9350 0.3387
vn 0.0765 0.9372 0.3404
vn 0.0469 0.9385 0.3422
vn 0.0160 0.9388 0.3440
vn -0.0161 0.9381 0.3461
vn -0.0477 0.9362 0.3482
vn -0.0787 0.9333 0.3503
vn -0.1093 0.9295 0.3523
vn -0.1397 0.9247 0.3542
vn -0.1702 0.9189 0.3560
vn -0.2010 0.9119 0.3577
vn -0.2324 0.9038 0.3594
vn -0.2646 0.8942 0.3611
vn -0.2976 0.8831 0.3627
vn -0.3313 0.8703 0.3644
vn -0.3662 0.8555 0.3662
vn -0.4023 0.8382 0.3683
vn -0.4399 0.8177 0.3713
vn -0.4786 0.7936 0.3757
vn 0.4111 0.8412 0.3513
vn 0.3818 0.8548 0.3515
vn 0.3532 0.8663 0.3532
vn 0.3254 0.8762 0.3554
vn 0.2981 0.8849 0.3579
vn 0.2711 0.8925 0.3604
vn 0.2440 0.8993 0.3628
vn 0.2168 0.9053 0.3653
vn 0.1897 0.9104 0.3677
vn 0.1625 0.9147 0.3700
vn 0.1350 0.9183 0.3722
vn 0.1070 0.9211 0.3744
vn 0.0780 0.9231 0.3766
vn 0.0479 0.9243 0.3787
vn 0.0164 0.9245 0.3809
vn -0.0165 0.9235 0.3832
vn -0.0488 0.9215 0.3854
vn -0.0803 0.9184 0.3875
vn -0.1112 0.9143 0.3894
vn -0.1419 0.9093 0.3912
vn -0.1725 0.9033 0.3928
vn -0.2033 0.8963 0.3941
vn -0.2347 0.8880 0.3954
vn -0.2667 0.8784 0.3966
vn -0.2991 0.8674 0.3976
vn -0.3319 0.8550 0.3985
vn -0.3655 0.8408 0.3992
vn -0.4001 0.8245 0.4001
vn -0.4361 0.8054 0.4016
vn -0.4732 0.7827 0.4044
vn 0.4077 0.8314 0.3775
vn 0.3796 0.8437 0.3796
vn 0.3527 0.8538 0.3830
vn 0.3262 0.8627 0.3865
vn 0.2999 0.8706 0.3900
vn 0.2735 0.8777 0.3934
vn 0.2468 0.8841 0.3967
vn 0.2196 0.8898 0.4000
vn 0.1924 0.8947 0.4031
vn 0.1651 0.8988 0.4062
vn 0.1374 0.9021 0.4091
vn 0.1090 0.9047 0.4118
vn 0.0797 0.9065 0.4145
vn 0.0490 0.9075 0.4171
vn 0.0168 0.9075 0.4197
vn -0.0169 0.9063 0.4222
vn -0.0499 0.9040 0.4245
vn -0.0820 0.9007 0.4266
vn -0.1134 0.8965 0.4283
vn -0.1444 0.8913 0.4298
vn -0.1752 0.8851 0.4311
vn -0.2062 0.8780 0.4321
vn -0.2376 0.8696 0.4328
vn -0.2696 0.8600 0.4334
vn -0.3015 0.8492 0.4336
vn -0.3334 0.8372 0.4336
vn -0.3658 0.8237 0.4333
vn -0.3986 0.8086 0.4328
vn -0.4323 0.7913 0.4323
vn -0.4677 0.7705 0.4331
vn 0.4054 0.8194 0.4054
vn 0.3787 0.8303 0.4089
vn 0.3535 0.8390 0.4137
vn 0.3284 0.8468 0.4184
vn 0.3027 0.8541 0.4230
vn 0.2769 0.8606 0.4275
vn 0.2503 0.8665 0.4318
vn 0.2230 0.8718 0.4361
vn 0.1956 0.8764 0.4401
vn 0.1680 0.8801 0.4440
vn 0.1400 0.8832 0.4476
vn 0.1113 0.8855 0.4511
vn 0.0814 0.8871 0.4543
vn 0.0502 0.8878 0.4575
vn 0.0172 0.8875 0.4604
vn -0.0173 0.8861 0.4632
vn -0.0511 0.8835 0.4656
vn -0.0838 0.8800 0.4675
vn -0.1157 0.8755 0.4691
vn -0.1471 0.8702 0.4703
vn -0.1783 0.8639 0.4711
vn -0.2095 0.8566 0.4715
vn -0.2412 0.8482 0.4716
vn -0.2732 0.8386 0.4713
vn -0.3048 0.8279 0.4707
vn -0.3361 0.8164 0.4697
vn -0.3676 0.8035 0.4682
vn -0.3986 0.7897 0.4664
vn -0.4300 0.7742 0.4644
vn -0.4636 0.7551 0.4636
vn 0.4496 0.7719 -0.4496
vn 0.4258 0.7819 -0.4554
vn 0.4002 0.7916 -0.4618
vn 0.3759 0.7993 -0.4688
vn 0.3512 0.8063 -0.4761
vn 0.3247 0.8132 -0.4830
vn 0.2978 0.8195 -0.4897
vn 0.2700 0.8252 -0.4962
vn 0.2410 0.8303 -0.5025
vn 0.2118 0.8347 -0.5084
vn 0.1823 0.8382 -0.5140
vn 0.1522 0.8410 -0.5192
vn 0.1211 0.8430 -0.5240
vn 0.0887 0.8442 -0.5286
vn 0.0547 0.8445 -0.5328
vn 0.0188 0.8436 -0.5367
vn -0.0189 0.8415 -0.5400
vn -0.0558 0.8381 -0.5426
vn -0.0914 0.8338 -0.5445
vn -0.1261 0.8284 -0.5457
vn -0.1601 0.8221 -0.5463
vn -0.1937 0.8149 -0.5463
vn -0.2273 0.8066 -0.5456
vn -0.2612 0.7971 -0.5444
vn -0.2953 0.7864 -0.5425
vn -0.3285 0.7749 -0.5401
vn -0.3610 0.7625 -0.5370
vn -0.3934 0.7489 -0.5333
vn -0.4240 0.7353 -0.5288
vn -0.4543 0.7203 -0.5242
vn -0.4863 0.7022 -0.5201
vn -0.5161 0.6836 -0.5161
vn -0.5216 0.7001 -0.4877
vn -0.5275 0.7161 -0.4572
vn -0.5339 0.7292 -0.4280
vn -0.5403 0.7411 -0.3985
vn -0.5460 0.7531 -0.3670
vn -0.5512 0.7641 -0.3352
vn -0.5558 0.7743 -0.3025
vn -0.5599 0.7838 -0.2686
vn -0.5634 0.7922 -0.2347
vn -0.5662 0.7994 -0.2008
vn -0.5684 0.8057 -0.1666
vn -0.5700 0.8110 -0.1317
vn -0.5709 0.8154 -0.0958
vn -0.5711 0.8188 -0.0587
vn -0.5706 0.8210 -0.0199
vn -0.5692 0.8219 0.0199
vn -0.5672 0.8215 0.0583
vn -0.5645 0.8200 0.0948
vn -0.5612 0.8174 0.1297
vn -0.5575 0.8139 0.1634
vn -0.5532 0.8096 0.1962
vn -0.5485 0.8043 0.2285
vn -0.5432 0.7982 0.2606
vn -0.5374 0.7910 0.2924
vn -0.5312 0.7832 0.3231
vn -0.5247 0.7748 0.3527
vn -0.5178 0.7656 0.3819
vn -0.5104 0.7564 0.4092
vn -0.5031 0.7462 0.4360
vn -0.4964 0.7336 0.4642
vn -0.4903 0.7206 0.4903
vn -0.4612 0.7375 0.4933
vn -0.4302 0.7540 0.4964
vn -0.4009 0.7677 0.5000
vn -0.3714 0.7800 0.5036
vn -0.3404 0.7923 0.5063
vn -0.3094 0.8035 0.5086
vn -0.2778 0.8138 0.5104
vn -0.2455 0.8234 0.5117
vn -0.2135 0.8318 0.5124
vn -0.1818 0.8391 0.5127
vn -0.1502 0.8455 0.5125
vn -0.1182 0.8510 0.5117
vn -0.0857 0.8556 0.5105
vn -0.0523 0.8594 0.5087
vn -0.0177 0.8622 0.5062
vn 0.0176 0.8640 0.5032
vn 0.0514 0.8646 0.4998
vn 0.0833 0.8643 0.4961
vn 0.1137 0.8631 0.4921
vn 0.1430 0.8611 0.4879
vn 0.1715 0.8584 0.4834
vn 0.1994 0.8551 0.4786
vn 0.2271 0.8510 0.4735
vn 0.2547 0.8462 0.4680
vn 0.2813 0.8409 0.4624
vn 0.3070 0.8350 0.4567
vn 0.3324 0.8285 0.4506
vn 0.3563 0.8220 0.4444
vn 0.3798 0.8147 0.4382
vn 0.4046 0.8057 0.4327
vn 0.4277 0.7963 0.4277
vn 0.4315 0.8069 0.4034
vn 0.4357 0.8171 0.3776
vn 0.4404 0.8255 0.3531
vn 0.4452 0.8330 0.3284
vn 0.4497 0.8405 0.3023
vn 0.4538 0.8472 0.2761
vn 0.4578 0.8535 0.2491
vn 0.4615 0.8591 0.2214
vn 0.4648 0.8640 0.1936
vn 0.4678 0.8681 0.1659
vn 0.4705 0.8715 0.1379
vn 0.4729 0.8743 0.1093
vn 0.4750 0.8764 0.0797
vn 0.4768 0.8777 0.0490
vn 0.4782 0.8781 0.0167
vn 0.4792 0.8775 -0.0168
vn 0.4798 0.8760 -0.0493
vn 0.4799 0.8736 -0.0806
vn 0.4795 0.8705 -0.1108
vn 0.4788 0.8666 -0.1403
vn 0.4778 0.8620 -0.1695
vn 0.4763 0.8566 -0.1984
vn 0.4745 0.8503 -0.2276
vn 0.4722 0.8432 -0.2570
vn 0.4697 0.8354 -0.2857
vn 0.4667 0.8269 -0.3138
vn 0.4634 0.8175 -0.3419
vn 0.4596 0.8081 -0.3685
vn 0.4558 0.7976 -0.3950
vn 0.4525 0.7850 -0.4231
vn 0.5072 -0.6400 0.5772
vn 0.5238 -0.6006 0.6041
vn 0.5407 -0.5601 0.6277
vn 0.5569 -0.5171 0.6500
vn 0.5727 -0.4702 0.6715
vn 0.5873 -0.4206 0.6915
vn 0.6008 -0.3672 0.7101
vn 0.6129 -0.3099 0.7268
vn 0.6231 -0.2506 0.7409
vn 0.6311 -0.1896 0.7522
vn 0.6368 -0.1269 0.7605
vn 0.6402 -0.0622 0.7657
vn 0.6409 0.0044 0.7676
vn 0.6388 0.0729 0.7659
vn 0.6337 0.1430 0.7602
vn 0.6256 0.2130 0.7505
vn 0.6153 0.2780 0.7377
vn 0.6033 0.3372 0.7227
vn 0.5903 0.3912 0.7061
vn 0.5763 0.4407 0.6882
vn 0.5617 0.4862 0.6694
vn 0.5465 0.5283 0.6498
vn 0.5307 0.5677 0.6293
vn 0.5146 0.6045 0.6081
vn 0.4986 0.6377 0.5871
vn 0.4829 0.6680 0.5662
vn 0.4672 0.6961 0.5452
vn 0.4519 0.7215 0.5246
vn 0.4368 0.7452 0.5038
vn 0.4225 0.7684 0.4807
vn 0.4742 -0.6530 0.5906
vn 0.4893 -0.6126 0.6207
vn 0.5050 -0.5702 0.6479
vn 0.5201 -0.5254 0.6733
vn 0.5345 -0.4777 0.6972
vn 0.5479 -0.4271 0.7193
vn 0.5601 -0.3732 0.7396
vn 0.5709 -0.3158 0.7578
vn 0.5800 -0.2565 0.7732
vn 0.5872 -0.1955 0.7855
vn 0.5923 -0.1326 0.7948
vn 0.5952 -0.0679 0.8007
vn 0.5957 -0.0013 0.8032
vn 0.5937 0.0671 0.8018
vn 0.5891 0.1370 0.7963
vn 0.5819 0.2069 0.7865
vn 0.5727 0.2720 0.7734
vn 0.5620 0.3315 0.7578
vn 0.5503 0.3860 0.7404
vn 0.5378 0.4360 0.7216
vn 0.5245 0.4821 0.7017
vn 0.5108 0.5249 0.6809
vn 0.4965 0.5649 0.6590
vn 0.4819 0.6024 0.6364
vn 0.4673 0.6365 0.6135
vn 0.4528 0.6679 0.5907
vn 0.4383 0.6970 0.5675
vn 0.4240 0.7240 0.5441
vn 0.4099 0.7494 0.5200
vn 0.3968 0.7736 0.4941
vn 0.4420 -0.6664 0.6004
vn 0.4548 -0.6257 0.6338
vn 0.4687 -0.5818 0.6647
vn 0.4824 -0.5354 0.6932
vn 0.4955 -0.4865 0.7196
vn 0.5077 -0.4348 0.7438
vn 0.5187 -0.3801 0.7659
vn 0.5283 -0.3224 0.7854
vn 0.5364 -0.2629 0.8020
vn 0.5428 -0.2017 0.8153
vn 0.5472 -0.1386 0.8254
vn 0.5497 -0.0738 0.8321
vn 0.5501 -0.0071 0.8351
vn 0.5483 0.0611 0.8341
vn 0.5441 0.1308 0.8287
vn 0.5377 0.2004 0.8190
vn 0.5296 0.2655 0.8056
vn 0.5202 0.3253 0.7897
vn 0.5098 0.3802 0.7717
vn 0.4986 0.4309 0.7521
vn 0.4868 0.4778 0.7312
vn 0.4744 0.5214 0.7093
vn 0.4616 0.5622 0.6862
vn 0.4484 0.6004 0.6621
vn 0.4352 0.6357 0.6375
vn 0.4219 0.6684 0.6126
vn 0.4086 0.6988 0.5871
vn 0.3955 0.7274 0.5608
vn 0.3829 0.7542 0.5335
vn 0.3716 0.7792 0.5048
vn 0.4096 -0.6792 0.6090
vn 0.4205 -0.6381 0.6450
vn 0.4325 -0.5935 0.6787
vn 0.4446 -0.5461 0.7100
vn 0.4562 -0.4960 0.7388
vn 0.4671 -0.4431 0.7651
vn 0.4769 -0.3876 0.7889
vn 0.4855 -0.3296 0.8097
vn 0.4926 -0.2697 0.8274
vn 0.4982 -0.2081 0.8417
vn 0.5021 -0.1448 0.8526
vn 0.5042 -0.0798 0.8599
vn 0.5044 -0.0131 0.8634
vn 0.5027 0.0550 0.8627
vn 0.4990 0.1243 0.8576
vn 0.4934 0.1935 0.8480
vn 0.4863 0.2585 0.8347
vn 0.4782 0.3186 0.8184
vn 0.4691 0.3742 0.8000
vn 0.4592 0.4256 0.7798
vn 0.4487 0.4733 0.7580
vn 0.4376 0.5178 0.7351
vn 0.4262 0.5595 0.7108
vn 0.4144 0.5987 0.6855
vn 0.4024 0.6352 0.6592
vn 0.3904 0.6692 0.6322
vn 0.3785 0.7010 0.6045
vn 0.3668 0.7308 0.5757
vn 0.3558 0.7586 0.5457
vn 0.3462 0.7844 0.5146
vn 0.3763 -0.6915 0.6166
vn 0.3859 -0.6500 0.6547
vn 0.3962 -0.6049 0.6907
vn 0.4067 -0.5567 0.7243
vn 0.4169 -0.5056 0.7553
vn 0.4264 -0.4519 0.7836
vn 0.4350 -0.3956 0.8088
vn 0.4426 -0.3372 0.8309
vn 0.4488 -0.2769 0.8496
vn 0.4537 -0.2149 0.8649
vn 0.4570 -0.1512 0.8765
vn 0.4587 -0.0859 0.8844
vn 0.4588 -0.0192 0.8883
vn 0.4572 0.0488 0.8880
vn 0.4539 0.1177 0.8832
vn 0.4491 0.1864 0.8738
vn 0.4431 0.2513 0.8606
vn 0.4360 0.3116 0.8443
vn 0.4282 0.3678 0.8255
vn 0.4196 0.4200 0.8047
vn 0.4104 0.4687 0.7823
vn 0.4006 0.5142 0.7584
vn 0.3905 0.5569 0.7331
vn 0.3800 0.5970 0.7065
vn 0.3694 0.6347 0.6788
vn 0.3587 0.6700 0.6499
vn 0.3482 0.7030 0.6201
vn 0.3380 0.7339 0.5892
vn 0.3284 0.7627 0.5572
vn 0.3199 0.7892 0.5242
vn 0.3428 -0.7029 0.6232
vn 0.3511 -0.6611 0.6631
vn 0.3599 -0.6156 0.7010
vn 0.3689 -0.5669 0.7366
vn 0.3776 -0.5151 0.7694
vn 0.3858 -0.4607 0.7993
vn 0.3933 -0.4039 0.8260
vn 0.3999 -0.3449 0.8492
vn 0.4053 -0.2842 0.8689
vn 0.4094 -0.2217 0.8850
vn 0.4121 -0.1576 0.8974
vn 0.4135 -0.0921 0.9058
vn 0.4134 -0.0254 0.9102
vn 0.4119 0.0424 0.9102
vn 0.4091 0.1109 0.9057
vn 0.4050 0.1790 0.8966
vn 0.3999 0.2437 0.8836
vn 0.3939 0.3044 0.8673
vn 0.3873 0.3611 0.8483
vn 0.3799 0.4142 0.8271
vn 0.3719 0.4638 0.8041
vn 0.3635 0.5104 0.7793
vn 0.3546 0.5541 0.7531
vn 0.3455 0.5953 0.7254
vn 0.3361 0.6341 0.6963
vn 0.3268 0.6706 0.6660
vn 0.3177 0.7048 0.6344
vn 0.3089 0.7367 0.6016
vn 0.3007 0.7663 0.5678
vn 0.2932 0.7936 0.5331
vn 0.3085 -0.7136 0.6290
vn 0.3158 -0.6714 0.6704
vn 0.3234 -0.6257 0.7099
vn 0.3310 -0.5765 0.7470
vn 0.3384 -0.5243 0.7814
vn 0.3455 -0.4694 0.8126
vn 0.3519 -0.4121 0.8405
vn 0.3574 -0.3527 0.8648
vn 0.3620 -0.2915 0.8855
vn 0.3654 -0.2285 0.9024
vn 0.3676 -0.1641 0.9154
vn 0.3686 -0.0984 0.9244
vn 0.3684 -0.0316 0.9291
vn 0.3671 0.0359 0.9295
vn 0.3646 0.1040 0.9253
vn 0.3612 0.1715 0.9166
vn 0.3569 0.2360 0.9038
vn 0.3520 0.2969 0.8877
vn 0.3464 0.3542 0.8686
vn 0.3402 0.4081 0.8472
vn 0.3335 0.4588 0.8236
vn 0.3263 0.5064 0.7982
vn 0.3187 0.5512 0.7711
vn 0.3108 0.5935 0.7424
vn 0.3028 0.6334 0.7122
vn 0.2947 0.6709 0.6805
vn 0.2869 0.7061 0.6475
vn 0.2793 0.7389 0.6132
vn 0.2722 0.7694 0.5779
vn 0.2657 0.7974 0.5418
vn 0.2733 -0.7237 0.6337
vn 0.2798 -0.6812 0.6765
vn 0.2864 -0.6351 0.7174
vn 0.2930 -0.5857 0.7557
vn 0.2994 -0.5331 0.7913
vn 0.3053 -0.4778 0.8237
vn 0.3107 -0.4201 0.8526
vn 0.3154 -0.3603 0.8779
vn 0.3191 -0.2986 0.8995
vn 0.3218 -0.2353 0.9171
vn 0.3235 -0.1706 0.9307
vn 0.3242 -0.1047 0.9402
vn 0.3239 -0.0379 0.9453
vn 0.3226 0.0294 0.9461
vn 0.3205 0.0969 0.9423
vn 0.3177 0.1639 0.9339
vn 0.3142 0.2282 0.9215
vn 0.3102 0.2893 0.9056
vn 0.3057 0.3471 0.8866
vn 0.3007 0.4018 0.8650
vn 0.2951 0.4534 0.8410
vn 0.2891 0.5021 0.8150
vn 0.2828 0.5481 0.7872
vn 0.2761 0.5914 0.7576
vn 0.2693 0.6323 0.7264
vn 0.2624 0.6708 0.6937
vn 0.2557 0.7069 0.6595
vn 0.2491 0.7406 0.6240
vn 0.2429 0.7719 0.5875
vn 0.2372 0.8008 0.5500
vn 0.2382 -0.7328 0.6374
vn 0.2439 -0.6901 0.6814
vn 0.2496 -0.6439 0.7233
vn 0.2552 -0.5942 0.7628
vn 0.2605 -0.5414 0.7994
vn 0.2654 -0.4858 0.8328
vn 0.2698 -0.4278 0.8627
vn 0.2735 -0.3676 0.8888
vn 0.2765 -0.3056 0.9111
vn 0.2785 -0.2419 0.9295
vn 0.2797 -0.1770 0.9436
vn 0.2801 -0.1110 0.9535
vn 0.2797 -0.0443 0.9591
vn 0.2786 0.0227 0.9601
vn 0.2768 0.0898 0.9567
vn 0.2745 0.1562 0.9488
vn 0.2718 0.2202 0.9368
vn 0.2687 0.2815 0.9212
vn 0.2651 0.3398 0.9024
vn 0.2611 0.3952 0.8807
vn 0.2567 0.4478 0.8565
vn 0.2519 0.4975 0.8301
vn 0.2467 0.5445 0.8016
vn 0.2413 0.5889 0.7713
vn 0.2356 0.6308 0.7393
vn 0.2299 0.6703 0.7056
vn 0.2243 0.7073 0.6704
vn 0.2187 0.7419 0.6339
vn 0.2134 0.7740 0.5962
vn 0.2084 0.8035 0.5576
vn 0.2033 -0.7409 0.6401
vn 0.2081 -0.6982 0.6850
vn 0.2128 -0.6519 0.7279
vn 0.2174 -0.6021 0.7683
vn 0.2217 -0.5492 0.8058
vn 0.2256 -0.4934 0.8400
vn 0.2290 -0.4351 0.8708
vn 0.2319 -0.3747 0.8977
vn 0.2340 -0.3123 0.9207
vn 0.2355 -0.2485 0.9396
vn 0.2363 -0.1833 0.9542
vn 0.2364 -0.1174 0.9645
vn 0.2359 -0.0508 0.9704
vn 0.2349 0.0159 0.9719
vn 0.2335 0.0825 0.9688
vn 0.2317 0.1484 0.9614
vn 0.2296 0.2122 0.9499
vn 0.2272 0.2735 0.9346
vn 0.2245 0.3323 0.9161
vn 0.2215 0.3884 0.8945
vn 0.2181 0.4418 0.8702
vn 0.2144 0.4925 0.8435
vn 0.2104 0.5406 0.8146
vn 0.2061 0.5860 0.7837
vn 0.2017 0.6289 0.7509
vn 0.1971 0.6693 0.7163
vn 0.1925 0.7072 0.6803
vn 0.1880 0.7426 0.6428
vn 0.1835 0.7754 0.6042
vn 0.1793 0.8057 0.5646
vn 0.1681 -0.7483 0.6417
vn 0.1721 -0.7055 0.6875
vn 0.1758 -0.6592 0.7311
vn 0.1794 -0.6094 0.7723
vn 0.1827 -0.5564 0.8106
vn 0.1857 -0.5005 0.8456
vn 0.1882 -0.4421 0.8770
vn 0.1902 -0.3814 0.9046
vn 0.1917 -0.3190 0.9282
vn 0.1927 -0.2550 0.9476
vn 0.1931 -0.1898 0.9626
vn 0.1930 -0.1239 0.9733
vn 0.1926 -0.0575 0.9796
vn 0.1917 0.0089 0.9814
vn 0.1906 0.0751 0.9788
vn 0.1892 0.1405 0.9718
vn 0.1877 0.2041 0.9608
vn 0.1860 0.2655 0.9460
vn 0.1840 0.3247 0.9278
vn 0.1818 0.3814 0.9064
vn 0.1794 0.4355 0.8821
vn 0.1766 0.4871 0.8553
vn 0.1737 0.5362 0.8260
vn 0.1705 0.5826 0.7947
vn 0.1672 0.6265 0.7613
vn 0.1637 0.6678 0.7261
vn 0.1601 0.7066 0.6893
vn 0.1566 0.7427 0.6510
vn 0.1531 0.7763 0.6115
vn 0.1496 0.8072 0.5710
vn 0.1325 -0.7548 0.6425
vn 0.1355 -0.7121 0.6889
vn 0.1384 -0.6658 0.7332
vn 0.1410 -0.6161 0.7750
vn 0.1434 -0.5631 0.8139
vn 0.1454 -0.5072 0.8495
vn 0.1471 -0.4487 0.8815
vn 0.1485 -0.3880 0.9096
vn 0.1494 -0.3255 0.9337
vn 0.1499 -0.2615 0.9535
vn 0.1501 -0.1964 0.9690
vn 0.1499 -0.1305 0.9800
vn 0.1495 -0.0644 0.9867
vn 0.1488 0.0018 0.9889
vn 0.1479 0.0676 0.9867
vn 0.1470 0.1326 0.9802
vn 0.1459 0.1960 0.9697
vn 0.1447 0.2575 0.9554
vn 0.1434 0.3170 0.9375
vn 0.1420 0.3742 0.9164
vn 0.1403 0.4291 0.8923
vn 0.1385 0.4815 0.8655
vn 0.1365 0.5314 0.8361
vn 0.1343 0.5787 0.8044
vn 0.1319 0.6235 0.7706
vn 0.1295 0.6657 0.7349
vn 0.1269 0.7053 0.6975
vn 0.1243 0.7422 0.6585
vn 0.1216 0.7765 0.6183
vn 0.1190 0.8081 0.5769
vn 0.0961 -0.7605 0.6422
vn 0.0982 -0.7180 0.6891
vn 0.1002 -0.6718 0.7339
vn 0.1019 -0.6222 0.7762
vn 0.1034 -0.5694 0.8155
vn 0.1047 -0.5136 0.8516
vn 0.1058 -0.4552 0.8841
vn 0.1065 -0.3946 0.9127
vn 0.1070 -0.3321 0.9372
vn 0.1072 -0.2681 0.9574
vn 0.1072 -0.2031 0.9733
vn 0.1070 -0.1375 0.9847
vn 0.1066 -0.0715 0.9917
vn 0.1061 -0.0056 0.9943
vn 0.1055 0.0599 0.9926
vn 0.1049 0.1246 0.9866
vn 0.1042 0.1879 0.9766
vn 0.1035 0.2495 0.9628
vn 0.1027 0.3093 0.9454
vn 0.1019 0.3669 0.9247
vn 0.1009 0.4224 0.9008
vn 0.0998 0.4755 0.8740
vn 0.0986 0.5262 0.8446
vn 0.0972 0.5744 0.8128
vn 0.0958 0.6200 0.7787
vn 0.0942 0.6630 0.7426
vn 0.0925 0.7034 0.7047
vn 0.0908 0.7411 0.6653
vn 0.0890 0.7760 0.6244
vn 0.0871 0.8082 0.5824
vn 0.0586 -0.7654 0.6409
vn 0.0599 -0.7232 0.6881
vn 0.0610 -0.6773 0.7332
vn 0.0619 -0.6279 0.7758
vn 0.0628 -0.5753 0.8155
vn 0.0634 -0.5197 0.8520
vn 0.0639 -0.4616 0.8848
vn 0.0642 -0.4011 0.9138
vn 0.0644 -0.3388 0.9386
vn 0.0645 -0.2750 0.9593
vn 0.0644 -0.2102 0.9755
vn 0.0642 -0.1447 0.9874
vn 0.0639 -0.0789 0.9948
vn 0.0636 -0.0132 0.9979
vn 0.0633 0.0521 0.9966
vn 0.0630 0.1166 0.9912
vn 0.0626 0.1798 0.9817
vn 0.0622 0.2416 0.9684
vn 0.0619 0.3016 0.9514
vn 0.0614 0.3597 0.9311
vn 0.0610 0.4156 0.9075
vn 0.0605 0.4694 0.8809
vn 0.0599 0.5207 0.8516
vn 0.0592 0.5696 0.8198
vn 0.0585 0.6160 0.7856
vn 0.0577 0.6598 0.7493
vn 0.0568 0.7008 0.7111
vn 0.0558 0.7392 0.6712
vn 0.0548 0.7748 0.6299
vn 0.0537 0.8076 0.5873
vn 0.0199 -0.7695 0.6384
vn 0.0203 -0.7277 0.6856
vn 0.0206 -0.6822 0.7309
vn 0.0209 -0.6332 0.7737
vn 0.0211 -0.5810 0.8136
vn 0.0213 -0.5258 0.8503
vn 0.0214 -0.4680 0.8835
vn 0.0215 -0.4078 0.9128
vn 0.0215 -0.3458 0.9381
vn 0.0215 -0.2823 0.9591
vn 0.0215 -0.2177 0.9758
vn 0.0214 -0.1524 0.9881
vn 0.0213 -0.0868 0.9960
vn 0.0212 -0.0212 0.9996
vn 0.0211 0.0440 0.9988
vn 0.0210 0.1085 0.9939
vn 0.0209 0.1718 0.9849
vn 0.0208 0.2337 0.9721
vn 0.0207 0.2940 0.9556
vn 0.0206 0.3524 0.9356
vn 0.0205 0.4088 0.9124
vn 0.0204 0.4631 0.8861
vn 0.0202 0.5150 0.8570
vn 0.0200 0.5645 0.8252
vn 0.0198 0.6115 0.7910
vn 0.0196 0.6559 0.7546
vn 0.0194 0.6976 0.7163
vn 0.0191 0.7365 0.6761
vn 0.0187 0.7727 0.6345
vn 0.0184 0.8060 0.5916
vn -0.0197 -0.7726 0.6346
vn -0.0201 -0.7314 0.6817
vn -0.0205 -0.6865 0.7269
vn -0.0208 -0.6381 0.7697
vn -0.0210 -0.5864 0.8097
vn -0.0212 -0.5318 0.8466
vn -0.0214 -0.4745 0.8800
vn -0.0214 -0.4148 0.9096
vn -0.0215 -0.3532 0.9353
vn -0.0215 -0.2901 0.9568
vn -0.0214 -0.2257 0.9740
vn -0.0214 -0.1606 0.9868
vn -0.0213 -0.0951 0.9952
vn -0.0212 -0.0295 0.9993
vn -0.0211 0.0357 0.9991
vn -0.0210 0.1003 0.9947
vn -0.0209 0.1638 0.9863
vn -0.0208 0.2260 0.9739
vn -0.0208 0.2865 0.9578
vn -0.0207 0.3453 0.9383
vn -0.0206 0.4021 0.9154
vn -0.0204 0.4568 0.8894
vn -0.0203 0.5091 0.8604
vn -0.0201 0.5591 0.8288
vn -0.0199 0.6066 0.7948
vn -0.0197 0.6515 0.7584
vn -0.0195 0.6936 0.7201
vn -0.0192 0.7331 0.6799
vn -0.0189 0.7697 0.6381
vn -0.0185 0.8035 0.5950
vn -0.0576 -0.7747 0.6297
vn -0.0589 -0.7341 0.6765
vn -0.0600 -0.6899 0.7214
vn -0.0610 -0.6423 0.7640
vn -0.0619 -0.5914 0.8040
vn -0.0626 -0.5375 0.8409
vn -0.0632 -0.4809 0.8745
vn -0.0636 -0.4219 0.9044
vn -0.0639 -0.3609 0.9304
vn -0.0640 -0.2982 0.9524
vn -0.0640 -0.2342 0.9701
vn -0.0640 -0.1692 0.9835
vn -0.0638 -0.1038 0.9926
vn -0.0636 -0.0382 0.9972
vn -0.0634 0.0272 0.9976
vn -0.0631 0.0921 0.9937
vn -0.0629 0.1559 0.9858
vn -0.0626 0.2184 0.9739
vn -0.0623 0.2793 0.9582
vn -0.0620 0.3384 0.9390
vn -0.0616 0.3955 0.9164
vn -0.0611 0.4506 0.8907
vn -0.0606 0.5033 0.8620
vn -0.0600 0.5536 0.8306
vn -0.0593 0.6015 0.7967
vn -0.0585 0.6467 0.7605
vn -0.0577 0.6892 0.7223
vn -0.0567 0.7290 0.6822
vn -0.0557 0.7660 0.6405
vn -0.0546 0.8001 0.5974
vn -0.0934 -0.7757 0.6241
vn -0.0955 -0.7359 0.6703
vn -0.0975 -0.6926 0.7147
vn -0.0994 -0.6458 0.7570
vn -0.1011 -0.5959 0.7967
vn -0.1025 -0.5429 0.8335
vn -0.1037 -0.4872 0.8671
vn -0.1047 -0.4290 0.8972
vn -0.1055 -0.3686 0.9236
vn -0.1059 -0.3065 0.9460
vn -0.1062 -0.2429 0.9642
vn -0.1063 -0.1783 0.9782
vn -0.1062 -0.1129 0.9879
vn -0.1060 -0.0472 0.9932
vn -0.1057 0.0185 0.9942
vn -0.1054 0.0838 0.9909
vn -0.1050 0.1480 0.9834
vn -0.1045 0.2109 0.9719
vn -0.1040 0.2722 0.9566
vn -0.1033 0.3316 0.9377
vn -0.1025 0.3891 0.9155
vn -0.1016 0.4444 0.8901
vn -0.1006 0.4974 0.8617
vn -0.0994 0.5480 0.8306
vn -0.0980 0.5961 0.7969
vn -0.0965 0.6416 0.7610
vn -0.0949 0.6843 0.7230
vn -0.0932 0.7243 0.6831
vn -0.0914 0.7615 0.6416
vn -0.0896 0.7959 0.5988
vn -0.1274 -0.7759 0.6179
vn -0.1305 -0.7369 0.6633
vn -0.1334 -0.6945 0.7071
vn -0.1362 -0.6487 0.7488
vn -0.1388 -0.5997 0.7881
vn -0.1412 -0.5478 0.8246
vn -0.1432 -0.4930 0.8581
vn -0.1450 -0.4358 0.8883
vn -0.1464 -0.3764 0.9148
vn -0.1474 -0.3150 0.9376
vn -0.1481 -0.2519 0.9563
vn -0.1485 -0.1876 0.9709
vn -0.1487 -0.1223 0.9813
vn -0.1486 -0.0565 0.9873
vn -0.1483 0.0096 0.9889
vn -0.1479 0.0753 0.9861
vn -0.1473 0.1401 0.9791
vn -0.1467 0.2034 0.9680
vn -0.1458 0.2651 0.9531
vn -0.1448 0.3248 0.9346
vn -0.1435 0.3826 0.9127
vn -0.1420 0.4381 0.8876
vn -0.1403 0.4913 0.8596
vn -0.1384 0.5421 0.8289
vn -0.1362 0.5903 0.7956
vn -0.1339 0.6360 0.7600
vn -0.1314 0.6789 0.7224
vn -0.1289 0.7191 0.6829
vn -0.1263 0.7564 0.6418
vn -0.1236 0.7909 0.5993
vn -0.1601 -0.7753 0.6110
vn -0.1641 -0.7371 0.6555
vn -0.1680 -0.6956 0.6985
vn -0.1718 -0.6509 0.7395
vn -0.1754 -0.6030 0.7782
vn -0.1788 -0.5522 0.8143
vn -0.1819 -0.4986 0.8476
vn -0.1845 -0.4425 0.8776
vn -0.1868 -0.3840 0.9042
vn -0.1885 -0.3235 0.9273
vn -0.1898 -0.2611 0.9465
vn -0.1907 -0.1972 0.9616
vn -0.1912 -0.1321 0.9726
vn -0.1913 -0.0661 0.9793
vn -0.1911 0.0003 0.9816
vn -0.1907 0.0668 0.9794
vn -0.1900 0.1321 0.9728
vn -0.1891 0.1959 0.9622
vn -0.1880 0.2579 0.9477
vn -0.1865 0.3180 0.9296
vn -0.1846 0.3759 0.9081
vn -0.1825 0.4316 0.8834
vn -0.1800 0.4849 0.8558
vn -0.1771 0.5358 0.8256
vn -0.1741 0.5841 0.7928
vn -0.1708 0.6299 0.7577
vn -0.1674 0.6729 0.7205
vn -0.1639 0.7132 0.6815
vn -0.1604 0.7506 0.6409
vn -0.1569 0.7852 0.5990
vn -0.1917 -0.7739 0.6036
vn -0.1966 -0.7367 0.6471
vn -0.2015 -0.6961 0.6890
vn -0.2063 -0.6524 0.7292
vn -0.2111 -0.6057 0.7672
vn -0.2156 -0.5560 0.8027
vn -0.2198 -0.5037 0.8355
vn -0.2235 -0.4488 0.8652
vn -0.2267 -0.3915 0.8918
vn -0.2293 -0.3319 0.9150
vn -0.2314 -0.2704 0.9345
vn -0.2329 -0.2070 0.9502
vn -0.2339 -0.1421 0.9618
vn -0.2343 -0.0761 0.9692
vn -0.2343 -0.0091 0.9721
vn -0.2339 0.0580 0.9705
vn -0.2332 0.1240 0.9645
vn -0.2320 0.1883 0.9543
vn -0.2305 0.2506 0.9402
vn -0.2284 0.3110 0.9226
vn -0.2260 0.3690 0.9015
vn -0.2230 0.4248 0.8774
vn -0.2196 0.4781 0.8504
vn -0.2159 0.5290 0.8207
vn -0.2118 0.5774 0.7885
vn -0.2075 0.6232 0.7541
vn -0.2030 0.6663 0.7175
vn -0.1986 0.7066 0.6791
vn -0.1942 0.7441 0.6392
vn -0.1899 0.7788 0.5979
vn -0.2226 -0.7719 0.5955
vn -0.2283 -0.7356 0.6378
vn -0.2342 -0.6960 0.6787
vn -0.2401 -0.6534 0.7179
vn -0.2460 -0.6079 0.7550
vn -0.2517 -0.5595 0.7897
vn -0.2571 -0.5084 0.8219
vn -0.2620 -0.4548 0.8512
vn -0.2663 -0.3988 0.8775
vn -0.2699 -0.3403 0.9007
vn -0.2729 -0.2797 0.9205
vn -0.2751 -0.2170 0.9366
vn -0.2767 -0.1524 0.9488
vn -0.2776 -0.0863 0.9568
vn -0.2779 -0.0189 0.9604
vn -0.2776 0.0490 0.9594
vn -0.2768 0.1157 0.9540
vn -0.2754 0.1805 0.9442
vn -0.2734 0.2432 0.9307
vn -0.2708 0.3037 0.9135
vn -0.2676 0.3618 0.8930
vn -0.2638 0.4176 0.8695
vn -0.2595 0.4709 0.8432
vn -0.2547 0.5217 0.8142
vn -0.2495 0.5701 0.7828
vn -0.2441 0.6159 0.7491
vn -0.2386 0.6590 0.7133
vn -0.2331 0.6994 0.6757
vn -0.2278 0.7369 0.6365
vn -0.2227 0.7715 0.5960
vn -0.2530 -0.7692 0.5867
vn -0.2596 -0.7339 0.6277
vn -0.2664 -0.6954 0.6674
vn -0.2735 -0.6539 0.7054
vn -0.2805 -0.6096 0.7414
vn -0.2874 -0.5625 0.7753
vn -0.2940 -0.5128 0.8066
vn -0.3001 -0.4605 0.8354
vn -0.3056 -0.4058 0.8613
vn -0.3103 -0.3486 0.8844
vn -0.3143 -0.2890 0.9043
vn -0.3175 -0.2270 0.9207
vn -0.3198 -0.1629 0.9334
vn -0.3212 -0.0968 0.9420
vn -0.3219 -0.0289 0.9463
vn -0.3218 0.0398 0.9460
vn -0.3209 0.1071 0.9410
vn -0.3192 0.1724 0.9319
vn -0.3168 0.2354 0.9188
vn -0.3136 0.2961 0.9022
vn -0.3096 0.3542 0.8824
vn -0.3050 0.4100 0.8596
vn -0.2996 0.4632 0.8341
vn -0.2937 0.5139 0.8060
vn -0.2875 0.5622 0.7754
vn -0.2809 0.6079 0.7426
vn -0.2744 0.6510 0.7077
vn -0.2679 0.6913 0.6710
vn -0.2617 0.7288 0.6328
vn -0.2558 0.7633 0.5932
vn -0.2831 -0.7660 0.5772
vn -0.2905 -0.7316 0.6167
vn -0.2983 -0.6943 0.6550
vn -0.3064 -0.6540 0.6916
vn -0.3146 -0.6109 0.7265
vn -0.3228 -0.5652 0.7592
vn -0.3306 -0.5169 0.7897
vn -0.3380 -0.4661 0.8177
vn -0.3447 -0.4127 0.8431
vn -0.3506 -0.3568 0.8659
vn -0.3557 -0.2983 0.8857
vn -0.3599 -0.2372 0.9023
vn -0.3630 -0.1736 0.9155
vn -0.3652 -0.1075 0.9247
vn -0.3663 -0.0393 0.9297
vn -0.3664 0.0303 0.9300
vn -0.3655 0.0983 0.9256
vn -0.3636 0.1641 0.9170
vn -0.3607 0.2273 0.9045
vn -0.3569 0.2881 0.8886
vn -0.3521 0.3462 0.8696
vn -0.3465 0.4018 0.8476
vn -0.3402 0.4549 0.8230
vn -0.3332 0.5055 0.7959
vn -0.3258 0.5537 0.7663
vn -0.3181 0.5994 0.7345
vn -0.3104 0.6423 0.7007
vn -0.3029 0.6826 0.6651
vn -0.2958 0.7199 0.6279
vn -0.2892 0.7543 0.5895
vn -0.3120 -0.7622 0.5672
vn -0.3204 -0.7289 0.6050
vn -0.3294 -0.6927 0.6416
vn -0.3389 -0.6537 0.6767
vn -0.3484 -0.6120 0.7100
vn -0.3579 -0.5677 0.7414
vn -0.3670 -0.5208 0.7707
vn -0.3757 -0.4715 0.7979
vn -0.3837 -0.4196 0.8227
vn -0.3909 -0.3650 0.8450
vn -0.3971 -0.3077 0.8647
vn -0.4024 -0.2475 0.8814
vn -0.4065 -0.1844 0.8949
vn -0.4094 -0.1185 0.9046
vn -0.4111 -0.0498 0.9102
vn -0.4115 0.0205 0.9112
vn -0.4107 0.0892 0.9074
vn -0.4085 0.1554 0.8994
vn -0.4052 0.2189 0.8876
vn -0.4007 0.2797 0.8725
vn -0.3952 0.3378 0.8543
vn -0.3886 0.3932 0.8333
vn -0.3812 0.4462 0.8097
vn -0.3732 0.4967 0.7836
vn -0.3646 0.5447 0.7552
vn -0.3556 0.5902 0.7247
vn -0.3466 0.6330 0.6922
vn -0.3378 0.6731 0.6579
vn -0.3294 0.7103 0.6221
vn -0.3218 0.7445 0.5850
vn -0.3399 -0.7578 0.5569
vn -0.3494 -0.7256 0.5928
vn -0.3599 -0.6906 0.6274
vn -0.3708 -0.6530 0.6604
vn -0.3818 -0.6129 0.6918
vn -0.3927 -0.5702 0.7216
vn -0.4032 -0.5249 0.7496
vn -0.4132 -0.4769 0.7758
vn -0.4225 -0.4264 0.7998
vn -0.4310 -0.3732 0.8216
vn -0.4385 -0.3171 0.8410
vn -0.4449 -0.2578 0.8577
vn -0.4500 -0.1954 0.8714
vn -0.4539 -0.1296 0.8816
vn -0.4563 -0.0607 0.8878
vn -0.4571 0.0104 0.8894
vn -0.4563 0.0798 0.8863
vn -0.4539 0.1464 0.8789
vn -0.4502 0.2101 0.8679
vn -0.4450 0.2709 0.8536
vn -0.4387 0.3289 0.8363
vn -0.4312 0.3843 0.8163
vn -0.4228 0.4371 0.7938
vn -0.4136 0.4875 0.7689
vn -0.4037 0.5353 0.7419
vn -0.3935 0.5805 0.7129
vn -0.3830 0.6230 0.6820
vn -0.3726 0.6629 0.6495
vn -0.3627 0.7000 0.6153
vn -0.3538 0.7340 0.5797
vn -0.3673 -0.7530 0.5460
vn -0.3780 -0.7218 0.5797
vn -0.3899 -0.6881 0.6120
vn -0.4023 -0.6521 0.6426
vn -0.4148 -0.6137 0.6718
vn -0.4271 -0.5728 0.6996
vn -0.4390 -0.5291 0.7262
vn -0.4504 -0.4825 0.7512
vn -0.4611 -0.4333 0.7744
vn -0.4709 -0.3814 0.7955
vn -0.4796 -0.3265 0.8145
vn -0.4873 -0.2683 0.8310
vn -0.4936 -0.2065 0.8448
vn -0.4984 -0.1410 0.8554
vn -0.5016 -0.0718 0.8621
vn -0.5029 -0.0001 0.8643
vn -0.5022 0.0699 0.8619
vn -0.4997 0.1369 0.8553
vn -0.4955 0.2009 0.8451
vn -0.4897 0.2618 0.8316
vn -0.4826 0.3198 0.8154
vn -0.4742 0.3751 0.7965
vn -0.4648 0.4279 0.7752
vn -0.4544 0.4782 0.7516
vn -0.4432 0.5257 0.7261
vn -0.4316 0.5704 0.6989
vn -0.4195 0.6124 0.6700
vn -0.4075 0.6519 0.6395
vn -0.3960 0.6888 0.6073
vn -0.3858 0.7227 0.5735
vn -0.3936 -0.7478 0.5347
vn -0.4060 -0.7177 0.5657
vn -0.4196 -0.6855 0.5950
vn -0.4335 -0.6512 0.6229
vn -0.4474 -0.6147 0.6496
vn -0.4610 -0.5756 0.6754
vn -0.4743 -0.5336 0.7003
vn -0.4871 -0.4883 0.7241
vn -0.4992 -0.4404 0.7462
vn -0.5103 -0.3898 0.7666
vn -0.5205 -0.3360 0.7850
vn -0.5294 -0.2787 0.8013
vn -0.5369 -0.2176 0.8151
vn -0.5429 -0.1524 0.8259
vn -0.5470 -0.0831 0.8330
vn -0.5488 -0.0108 0.8359
vn -0.5483 0.0597 0.8341
vn -0.5457 0.1271 0.8283
vn -0.5411 0.1913 0.8189
vn -0.5347 0.2523 0.8065
vn -0.5268 0.3104 0.7913
vn -0.5175 0.3657 0.7736
vn -0.5069 0.4185 0.7536
vn -0.4953 0.4689 0.7313
vn -0.4829 0.5160 0.7075
vn -0.4699 0.5601 0.6823
vn -0.4563 0.6015 0.6557
vn -0.4426 0.6404 0.6277
vn -0.4291 0.6770 0.5980
vn -0.4170 0.7108 0.5665
vn -0.4195 -0.7423 0.5225
vn -0.4338 -0.7134 0.5504
vn -0.4490 -0.6831 0.5760
vn -0.4641 -0.6509 0.6008
vn -0.4792 -0.6162 0.6250
vn -0.4941 -0.5790 0.6486
vn -0.5087 -0.5385 0.6717
vn -0.5230 -0.4945 0.6942
vn -0.5366 -0.4478 0.7153
vn -0.5492 -0.3983 0.7347
vn -0.5607 -0.3455 0.7525
vn -0.5710 -0.2892 0.7683
vn -0.5799 -0.2287 0.7819
vn -0.5870 -0.1640 0.7928
vn -0.5921 -0.0946 0.8003
vn -0.5946 -0.0218 0.8037
vn -0.5944 0.0491 0.8027
vn -0.5916 0.1169 0.7977
vn -0.5866 0.1813 0.7893
vn -0.5797 0.2425 0.7779
vn -0.5710 0.3008 0.7639
vn -0.5607 0.3563 0.7474
vn -0.5490 0.4093 0.7287
vn -0.5361 0.4598 0.7079
vn -0.5224 0.5066 0.6859
vn -0.5081 0.5501 0.6628
vn -0.4932 0.5908 0.6385
vn -0.4781 0.6287 0.6134
vn -0.4627 0.6644 0.5870
vn -0.4483 0.6981 0.5583
vn -0.4459 -0.7374 0.5073
vn -0.4614 -0.7100 0.5321
vn -0.4774 -0.6819 0.5542
vn -0.4935 -0.6518 0.5759
vn -0.5098 -0.6186 0.5978
vn -0.5260 -0.5830 0.6193
vn -0.5420 -0.5439 0.6406
vn -0.5579 -0.5010 0.6616
vn -0.5731 -0.4553 0.6814
vn -0.5872 -0.4068 0.6998
vn -0.6002 -0.3550 0.7167
vn -0.6120 -0.2995 0.7320
vn -0.6222 -0.2398 0.7452
vn -0.6306 -0.1754 0.7560
vn -0.6367 -0.1061 0.7638
vn -0.6399 -0.0331 0.7677
vn -0.6400 0.0382 0.7674
vn -0.6373 0.1062 0.7633
vn -0.6320 0.1709 0.7559
vn -0.6244 0.2325 0.7457
vn -0.6149 0.2910 0.7329
vn -0.6037 0.3468 0.7178
vn -0.5908 0.4002 0.7006
vn -0.5765 0.4510 0.6813
vn -0.5614 0.4978 0.6610
vn -0.5458 0.5409 0.6400
vn -0.5295 0.5812 0.6180
vn -0.5131 0.6179 0.5957
vn -0.4966 0.6523 0.5726
vn -0.4806 0.6856 0.5468
vn 0.5212 -0.6615 0.5392
vn 0.5382 -0.6288 0.5612
vn 0.5563 -0.5912 0.5839
vn 0.5742 -0.5527 0.6040
vn 0.5919 -0.5113 0.6231
vn 0.6093 -0.4648 0.6425
vn 0.6254 -0.4154 0.6605
vn 0.6404 -0.3622 0.6773
vn 0.6540 -0.3048 0.6924
vn 0.6653 -0.2453 0.7051
vn 0.6742 -0.1843 0.7152
vn 0.6807 -0.1214 0.7225
vn 0.6844 -0.0567 0.7269
vn 0.6853 0.0100 0.7282
vn 0.6831 0.0785 0.7261
vn 0.6775 0.1486 0.7203
vn 0.6686 0.2187 0.7108
vn 0.6571 0.2835 0.6985
vn 0.6439 0.3424 0.6842
vn 0.6295 0.3960 0.6686
vn 0.6141 0.4449 0.6518
vn 0.5980 0.4900 0.6343
vn 0.5813 0.5316 0.6160
vn 0.5639 0.5705 0.5971
vn 0.5461 0.6068 0.5775
vn 0.5287 0.6394 0.5583
vn 0.5115 0.6690 0.5393
vn 0.4943 0.6963 0.5203
vn 0.4779 0.7203 0.5027
vn 0.4620 0.7426 0.4849
vn 0.4464 0.7642 0.4655
vn 0.4323 0.7830 0.4472
vn 0.4101 0.7891 0.4573
vn 0.3859 0.7954 0.4673
vn 0.3624 0.8017 0.4754
vn 0.3383 0.8078 0.4828
vn 0.3127 0.8134 0.4905
vn 0.2868 0.8185 0.4979
vn 0.2599 0.8231 0.5050
vn 0.2319 0.8272 0.5118
vn 0.2037 0.8306 0.5182
vn 0.1753 0.8334 0.5241
vn 0.1462 0.8356 0.5296
vn 0.1163 0.8370 0.5347
vn 0.0852 0.8377 0.5394
vn 0.0526 0.8376 0.5437
vn 0.0180 0.8365 0.5476
vn -0.0181 0.8344 0.5509
vn -0.0535 0.8313 0.5533
vn -0.0877 0.8273 0.5549
vn -0.1209 0.8225 0.5557
vn -0.1535 0.8169 0.5560
vn -0.1858 0.8105 0.5555
vn -0.2179 0.8032 0.5544
vn -0.2504 0.7949 0.5527
vn -0.2831 0.7856 0.5501
vn -0.3150 0.7756 0.5470
vn -0.3463 0.7649 0.5432
vn -0.3775 0.7532 0.5387
vn -0.4071 0.7410 0.5341
vn -0.4364 0.7282 0.5284
vn -0.4667 0.7150 0.5205
vn -0.4948 0.7022 0.5119
vn -0.5111 0.6744 0.5329
vn -0.5287 0.6423 0.5549
vn -0.5464 0.6092 0.5747
vn -0.5643 0.5734 0.5939
vn -0.5822 0.5331 0.6139
vn -0.5994 0.4899 0.6330
vn -0.6161 0.4428 0.6515
vn -0.6319 0.3914 0.6690
vn -0.6460 0.3374 0.6847
vn -0.6583 0.2811 0.6983
vn -0.6686 0.2221 0.7097
vn -0.6767 0.1602 0.7187
vn -0.6822 0.0951 0.7249
vn -0.6850 0.0268 0.7281
vn -0.6845 -0.0447 0.7277
vn -0.6804 -0.1177 0.7234
vn -0.6732 -0.1867 0.7155
vn -0.6635 -0.2506 0.7050
vn -0.6518 -0.3097 0.6923
vn -0.6386 -0.3644 0.6778
vn -0.6240 -0.4153 0.6619
vn -0.6083 -0.4629 0.6447
vn -0.5915 -0.5077 0.6263
vn -0.5739 -0.5497 0.6069
vn -0.5563 -0.5877 0.5875
vn -0.5387 -0.6223 0.5680
vn -0.5209 -0.6543 0.5483
vn -0.5037 -0.6824 0.5298
vn -0.4869 -0.7084 0.5110
vn -0.4702 -0.7339 0.4903
vn -0.4550 -0.7560 0.4707
vn -0.4323 -0.7620 0.4821
vn -0.4075 -0.7684 0.4935
vn -0.3832 -0.7749 0.5027
vn -0.3582 -0.7813 0.5112
vn -0.3316 -0.7871 0.5201
vn -0.3045 -0.7924 0.5286
vn -0.2763 -0.7972 0.5368
vn -0.2468 -0.8014 0.5448
vn -0.2170 -0.8050 0.5521
vn -0.1869 -0.8079 0.5590
vn -0.1561 -0.8100 0.5653
vn -0.1243 -0.8114 0.5712
vn -0.0911 -0.8119 0.5766
vn -0.0562 -0.8116 0.5815
vn -0.0193 -0.8102 0.5859
vn 0.0194 -0.8075 0.5895
vn 0.0572 -0.8038 0.5921
vn 0.0938 -0.7992 0.5937
vn 0.1293 -0.7937 0.5944
vn 0.1641 -0.7873 0.5944
vn 0.1985 -0.7800 0.5935
vn 0.2327 -0.7717 0.5919
vn 0.2671 -0.7624 0.5894
vn 0.3016 -0.7520 0.5861
vn 0.3352 -0.7409 0.5820
vn 0.3679 -0.7291 0.5771
vn 0.4005 -0.7163 0.5715
vn 0.4312 -0.7029 0.5657
vn 0.4614 -0.6891 0.5588
vn 0.4926 -0.6750 0.5493
vn -0.5012 -0.7448 0.4405
vn -0.5249 -0.7192 0.4552
vn -0.5465 -0.6927 0.4707
vn -0.5676 -0.6642 0.4864
vn -0.5891 -0.6329 0.5024
vn -0.6102 -0.5992 0.5183
vn -0.6314 -0.5621 0.5342
vn -0.6523 -0.5214 0.5501
vn -0.6723 -0.4779 0.5654
vn -0.6910 -0.4316 0.5798
vn -0.7086 -0.3819 0.5934
vn -0.7246 -0.3284 0.6058
vn -0.7390 -0.2706 0.6170
vn -0.7512 -0.2078 0.6265
vn -0.7606 -0.1397 0.6340
vn -0.7664 -0.0673 0.6388
vn -0.7679 0.0039 0.6405
vn -0.7656 0.0726 0.6392
vn -0.7598 0.1383 0.6352
vn -0.7510 0.2013 0.6289
vn -0.7394 0.2616 0.6204
vn -0.7252 0.3194 0.6099
vn -0.7087 0.3750 0.5976
vn -0.6899 0.4282 0.5837
vn -0.6698 0.4773 0.5689
vn -0.6487 0.5226 0.5532
vn -0.6265 0.5651 0.5368
vn -0.6039 0.6039 0.5202
vn -0.5803 0.6403 0.5032
vn -0.5535 0.6760 0.4865
vn -0.5119 -0.7543 0.4110
vn -0.5382 -0.7283 0.4242
vn -0.5627 -0.7007 0.4386
vn -0.5866 -0.6713 0.4531
vn -0.6100 -0.6396 0.4677
vn -0.6331 -0.6056 0.4822
vn -0.6558 -0.5685 0.4967
vn -0.6783 -0.5281 0.5110
vn -0.6996 -0.4849 0.5248
vn -0.7197 -0.4389 0.5380
vn -0.7385 -0.3897 0.5503
vn -0.7558 -0.3366 0.5617
vn -0.7713 -0.2792 0.5720
vn -0.7845 -0.2169 0.5809
vn -0.7949 -0.1495 0.5881
vn -0.8015 -0.0778 0.5929
vn -0.8036 -0.0068 0.5951
vn -0.8017 0.0618 0.5946
vn -0.7960 0.1279 0.5916
vn -0.7870 0.1915 0.5865
vn -0.7750 0.2526 0.5793
vn -0.7602 0.3113 0.5703
vn -0.7427 0.3679 0.5595
vn -0.7227 0.4222 0.5473
vn -0.7009 0.4729 0.5339
vn -0.6778 0.5201 0.5197
vn -0.6532 0.5645 0.5046
vn -0.6274 0.6059 0.4890
vn -0.6001 0.6451 0.4730
vn -0.5699 0.6825 0.4576
vn -0.5198 -0.7638 0.3826
vn -0.5486 -0.7376 0.3937
vn -0.5761 -0.7093 0.4062
vn -0.6025 -0.6791 0.4193
vn -0.6281 -0.6468 0.4325
vn -0.6530 -0.6123 0.4457
vn -0.6775 -0.5749 0.4588
vn -0.7012 -0.5346 0.4717
vn -0.7238 -0.4916 0.4842
vn -0.7451 -0.4458 0.4960
vn -0.7651 -0.3967 0.5072
vn -0.7835 -0.3439 0.5176
vn -0.8000 -0.2869 0.5270
vn -0.8142 -0.2252 0.5352
vn -0.8254 -0.1585 0.5419
vn -0.8327 -0.0876 0.5467
vn -0.8355 -0.0171 0.5492
vn -0.8340 0.0515 0.5494
vn -0.8285 0.1180 0.5474
vn -0.8195 0.1822 0.5433
vn -0.8072 0.2441 0.5374
vn -0.7919 0.3039 0.5297
vn -0.7736 0.3617 0.5204
vn -0.7525 0.4172 0.5096
vn -0.7292 0.4697 0.4977
vn -0.7040 0.5190 0.4848
vn -0.6769 0.5656 0.4711
vn -0.6478 0.6096 0.4568
vn -0.6165 0.6512 0.4425
vn -0.5829 0.6901 0.4290
vn -0.5267 -0.7727 0.3543
vn -0.5575 -0.7463 0.3635
vn -0.5873 -0.7177 0.3742
vn -0.6160 -0.6869 0.3857
vn -0.6436 -0.6541 0.3974
vn -0.6704 -0.6189 0.4093
vn -0.6963 -0.5813 0.4210
vn -0.7214 -0.5409 0.4325
vn -0.7451 -0.4980 0.4437
vn -0.7676 -0.4522 0.4543
vn -0.7885 -0.4032 0.4644
vn -0.8079 -0.3506 0.4737
vn -0.8253 -0.2939 0.4822
vn -0.8403 -0.2327 0.4896
vn -0.8523 -0.1667 0.4959
vn -0.8603 -0.0967 0.5005
vn -0.8637 -0.0267 0.5033
vn -0.8627 0.0418 0.5040
vn -0.8576 0.1085 0.5028
vn -0.8486 0.1734 0.4998
vn -0.8362 0.2363 0.4949
vn -0.8204 0.2972 0.4885
vn -0.8014 0.3562 0.4805
vn -0.7793 0.4131 0.4711
vn -0.7546 0.4674 0.4606
vn -0.7273 0.5189 0.4491
vn -0.6977 0.5677 0.4369
vn -0.6658 0.6138 0.4242
vn -0.6314 0.6572 0.4117
vn -0.5948 0.6973 0.4001
vn -0.5330 -0.7811 0.3253
vn -0.5654 -0.7545 0.3333
vn -0.5970 -0.7255 0.3424
vn -0.6275 -0.6944 0.3523
vn -0.6569 -0.6611 0.3626
vn -0.6853 -0.6255 0.3730
vn -0.7127 -0.5875 0.3833
vn -0.7389 -0.5470 0.3936
vn -0.7637 -0.5039 0.4035
vn -0.7872 -0.4581 0.4129
vn -0.8091 -0.4091 0.4219
vn -0.8294 -0.3565 0.4302
vn -0.8475 -0.3001 0.4377
vn -0.8632 -0.2394 0.4444
vn -0.8758 -0.1742 0.4501
vn -0.8845 -0.1052 0.4546
vn -0.8885 -0.0358 0.4574
vn -0.8880 0.0325 0.4586
vn -0.8833 0.0996 0.4581
vn -0.8745 0.1651 0.4560
vn -0.8620 0.2290 0.4522
vn -0.8459 0.2911 0.4469
vn -0.8263 0.3513 0.4401
vn -0.8034 0.4097 0.4321
vn -0.7773 0.4657 0.4230
vn -0.7482 0.5192 0.4130
vn -0.7164 0.5700 0.4023
vn -0.6820 0.6180 0.3912
vn -0.6451 0.6628 0.3803
vn -0.6061 0.7041 0.3699
vn -0.5386 -0.7888 0.2963
vn -0.5724 -0.7619 0.3031
vn -0.6054 -0.7327 0.3108
vn -0.6374 -0.7013 0.3192
vn -0.6684 -0.6676 0.3280
vn -0.6982 -0.6316 0.3370
vn -0.7267 -0.5934 0.3461
vn -0.7540 -0.5527 0.3550
vn -0.7798 -0.5095 0.3637
vn -0.8042 -0.4635 0.3720
vn -0.8270 -0.4144 0.3798
vn -0.8480 -0.3619 0.3871
vn -0.8669 -0.3057 0.3938
vn -0.8832 -0.2455 0.3997
vn -0.8963 -0.1811 0.4048
vn -0.9055 -0.1130 0.4090
vn -0.9101 -0.0444 0.4119
vn -0.9102 0.0238 0.4135
vn -0.9059 0.0911 0.4135
vn -0.8974 0.1573 0.4122
vn -0.8849 0.2222 0.4093
vn -0.8686 0.2854 0.4051
vn -0.8485 0.3470 0.3995
vn -0.8248 0.4068 0.3928
vn -0.7975 0.4644 0.3850
vn -0.7670 0.5197 0.3764
vn -0.7333 0.5723 0.3672
vn -0.6967 0.6218 0.3577
vn -0.6577 0.6679 0.3483
vn -0.6167 0.7104 0.3392
vn -0.5436 -0.7958 0.2667
vn -0.5786 -0.7687 0.2726
vn -0.6128 -0.7393 0.2791
vn -0.6461 -0.7076 0.2862
vn -0.6782 -0.6736 0.2937
vn -0.7091 -0.6374 0.3015
vn -0.7387 -0.5989 0.3093
vn -0.7669 -0.5580 0.3170
vn -0.7937 -0.5146 0.3245
vn -0.8189 -0.4684 0.3316
vn -0.8425 -0.4192 0.3384
vn -0.8641 -0.3667 0.3446
vn -0.8836 -0.3107 0.3504
vn -0.9003 -0.2510 0.3555
vn -0.9139 -0.1873 0.3601
vn -0.9236 -0.1203 0.3639
vn -0.9288 -0.0523 0.3668
vn -0.9295 0.0156 0.3686
vn -0.9256 0.0832 0.3692
vn -0.9175 0.1500 0.3685
vn -0.9051 0.2157 0.3665
vn -0.8886 0.2801 0.3633
vn -0.8681 0.3430 0.3588
vn -0.8437 0.4042 0.3532
vn -0.8155 0.4633 0.3467
vn -0.7837 0.5201 0.3394
vn -0.7485 0.5742 0.3316
vn -0.7103 0.6251 0.3235
vn -0.6695 0.6725 0.3154
vn -0.6267 0.7161 0.3074
vn -0.5481 -0.8023 0.2364
vn -0.5841 -0.7749 0.2416
vn -0.6193 -0.7452 0.2472
vn -0.6535 -0.7133 0.2533
vn -0.6866 -0.6791 0.2597
vn -0.7184 -0.6426 0.2663
vn -0.7489 -0.6039 0.2729
vn -0.7779 -0.5628 0.2794
vn -0.8055 -0.5191 0.2858
vn -0.8315 -0.4728 0.2918
vn -0.8557 -0.4234 0.2974
vn -0.8779 -0.3710 0.3027
vn -0.8978 -0.3152 0.3076
vn -0.9150 -0.2559 0.3120
vn -0.9289 -0.1931 0.3160
vn -0.9391 -0.1270 0.3194
vn -0.9448 -0.0597 0.3222
vn -0.9460 0.0080 0.3241
vn -0.9427 0.0756 0.3250
vn -0.9349 0.1429 0.3249
vn -0.9226 0.2095 0.3238
vn -0.9061 0.2751 0.3214
vn -0.8853 0.3392 0.3180
vn -0.8604 0.4017 0.3136
vn -0.8315 0.4623 0.3082
vn -0.7987 0.5204 0.3021
vn -0.7623 0.5758 0.2955
vn -0.7228 0.6280 0.2885
vn -0.6805 0.6766 0.2814
vn -0.6360 0.7213 0.2743
vn -0.5518 -0.8081 0.2062
vn -0.5887 -0.7804 0.2107
vn -0.6247 -0.7505 0.2156
vn -0.6597 -0.7184 0.2207
vn -0.6936 -0.6840 0.2260
vn -0.7262 -0.6473 0.2315
vn -0.7575 -0.6084 0.2369
vn -0.7873 -0.5670 0.2423
vn -0.8155 -0.5232 0.2474
vn -0.8421 -0.4766 0.2523
vn -0.8669 -0.4272 0.2570
vn -0.8895 -0.3748 0.2613
vn -0.9098 -0.3192 0.2653
vn -0.9273 -0.2604 0.2690
vn -0.9415 -0.1983 0.2724
vn -0.9521 -0.1331 0.2754
vn -0.9583 -0.0665 0.2780
vn -0.9600 0.0008 0.2800
vn -0.9572 0.0685 0.2812
vn -0.9498 0.1363 0.2816
vn -0.9379 0.2036 0.2810
vn -0.9214 0.2701 0.2796
vn -0.9004 0.3354 0.2771
vn -0.8751 0.3992 0.2737
vn -0.8455 0.4610 0.2695
vn -0.8118 0.5205 0.2646
vn -0.7745 0.5771 0.2591
vn -0.7338 0.6304 0.2532
vn -0.6903 0.6801 0.2471
vn -0.6444 0.7258 0.2408
vn -0.5548 -0.8131 0.1762
vn -0.5924 -0.7853 0.1800
vn -0.6291 -0.7552 0.1840
vn -0.6648 -0.7229 0.1881
vn -0.6994 -0.6883 0.1924
vn -0.7327 -0.6515 0.1968
vn -0.7646 -0.6123 0.2011
vn -0.7950 -0.5708 0.2053
vn -0.8239 -0.5267 0.2094
vn -0.8510 -0.4800 0.2133
vn -0.8761 -0.4305 0.2169
vn -0.8991 -0.3782 0.2204
vn -0.9197 -0.3229 0.2236
vn -0.9374 -0.2645 0.2266
vn -0.9519 -0.2030 0.2294
vn -0.9628 -0.1388 0.2320
vn -0.9694 -0.0728 0.2344
vn -0.9717 -0.0059 0.2362
vn -0.9694 0.0619 0.2376
vn -0.9625 0.1299 0.2383
vn -0.9508 0.1978 0.2383
vn -0.9345 0.2652 0.2375
vn -0.9134 0.3316 0.2359
vn -0.8878 0.3965 0.2335
vn -0.8577 0.4596 0.2304
vn -0.8234 0.5202 0.2266
vn -0.7852 0.5780 0.2222
vn -0.7436 0.6323 0.2174
vn -0.6989 0.6830 0.2123
vn -0.6518 0.7296 0.2070
vn -0.5572 -0.8174 0.1460
vn -0.5954 -0.7895 0.1490
vn -0.6327 -0.7593 0.1522
vn -0.6690 -0.7268 0.1554
vn -0.7041 -0.6921 0.1587
vn -0.7380 -0.6551 0.1620
vn -0.7704 -0.6157 0.1653
vn -0.8013 -0.5740 0.1685
vn -0.8306 -0.5298 0.1716
vn -0.8581 -0.4830 0.1745
vn -0.8836 -0.4335 0.1772
vn -0.9068 -0.3812 0.1799
vn -0.9276 -0.3261 0.1823
vn -0.9455 -0.2682 0.1847
vn -0.9602 -0.2074 0.1870
vn -0.9714 -0.1439 0.1891
vn -0.9784 -0.0786 0.1911
vn -0.9812 -0.0120 0.1929
vn -0.9794 0.0556 0.1942
vn -0.9729 0.1239 0.1952
vn -0.9617 0.1923 0.1955
vn -0.9455 0.2604 0.1953
vn -0.9246 0.3277 0.1944
vn -0.8988 0.3937 0.1929
vn -0.8684 0.4578 0.1907
vn -0.8336 0.5195 0.1879
vn -0.7947 0.5783 0.1846
vn -0.7522 0.6337 0.1809
vn -0.7066 0.6852 0.1768
vn -0.6584 0.7326 0.1725
vn -0.5590 -0.8211 0.1153
vn -0.5977 -0.7930 0.1176
vn -0.6355 -0.7627 0.1199
vn -0.6723 -0.7301 0.1223
vn -0.7078 -0.6953 0.1247
vn -0.7421 -0.6582 0.1270
vn -0.7749 -0.6187 0.1294
vn -0.8062 -0.5768 0.1316
vn -0.8358 -0.5325 0.1337
vn -0.8636 -0.4856 0.1358
vn -0.8893 -0.4361 0.1378
vn -0.9127 -0.3840 0.1396
vn -0.9336 -0.3292 0.1414
vn -0.9517 -0.2716 0.1432
vn -0.9666 -0.2114 0.1449
vn -0.9780 -0.1486 0.1466
vn -0.9854 -0.0839 0.1483
vn -0.9886 -0.0176 0.1498
vn -0.9873 0.0499 0.1510
vn -0.9813 0.1183 0.1520
vn -0.9704 0.1871 0.1526
vn -0.9546 0.2557 0.1527
vn -0.9338 0.3238 0.1524
vn -0.9080 0.3906 0.1516
vn -0.8774 0.4557 0.1502
vn -0.8422 0.5184 0.1484
vn -0.8028 0.5781 0.1461
vn -0.7596 0.6344 0.1434
vn -0.7132 0.6868 0.1403
vn -0.6642 0.7349 0.1370
vn -0.5602 -0.8241 0.0838
vn -0.5993 -0.7960 0.0854
vn -0.6375 -0.7656 0.0870
vn -0.6745 -0.7329 0.0886
vn -0.7104 -0.6980 0.0901
vn -0.7450 -0.6607 0.0916
vn -0.7781 -0.6212 0.0931
vn -0.8097 -0.5792 0.0945
vn -0.8395 -0.5348 0.0959
vn -0.8674 -0.4880 0.0972
vn -0.8933 -0.4386 0.0984
vn -0.9169 -0.3866 0.0996
vn -0.9379 -0.3320 0.1009
vn -0.9561 -0.2748 0.1020
vn -0.9711 -0.2150 0.1033
vn -0.9827 -0.1528 0.1045
vn -0.9904 -0.0886 0.1057
vn -0.9940 -0.0226 0.1069
vn -0.9931 0.0448 0.1079
vn -0.9876 0.1132 0.1088
vn -0.9772 0.1822 0.1094
vn -0.9617 0.2513 0.1098
vn -0.9411 0.3199 0.1098
vn -0.9154 0.3875 0.1095
vn -0.8847 0.4533 0.1088
vn -0.8493 0.5168 0.1077
vn -0.8095 0.5774 0.1063
vn -0.7659 0.6345 0.1045
vn -0.7188 0.6876 0.1024
vn -0.6691 0.7364 0.1001
vn -0.5606 -0.8265 0.0513
vn -0.6000 -0.7983 0.0522
vn -0.6384 -0.7678 0.0531
vn -0.6758 -0.7351 0.0540
vn -0.7119 -0.7002 0.0548
vn -0.7466 -0.6629 0.0556
vn -0.7799 -0.6233 0.0563
vn -0.8116 -0.5814 0.0571
vn -0.8416 -0.5370 0.0578
vn -0.8697 -0.4902 0.0584
vn -0.8956 -0.4409 0.0591
vn -0.9193 -0.3891 0.0598
vn -0.9404 -0.3347 0.0604
vn -0.9587 -0.2778 0.0611
vn -0.9739 -0.2184 0.0619
vn -0.9857 -0.1566 0.0626
vn -0.9937 -0.0927 0.0634
vn -0.9976 -0.0270 0.0641
vn -0.9971 0.0402 0.0648
vn -0.9919 0.1086 0.0655
vn -0.9819 0.1778 0.0660
vn -0.9667 0.2472 0.0663
vn -0.9464 0.3162 0.0665
vn -0.9208 0.3843 0.0665
vn -0.8902 0.4507 0.0663
vn -0.8547 0.5149 0.0658
vn -0.8148 0.5761 0.0651
vn -0.7708 0.6339 0.0641
vn -0.7233 0.6876 0.0629
vn -0.6730 0.7370 0.0615
vn -0.5603 -0.8281 0.0174
vn -0.5998 -0.7999 0.0177
vn -0.6384 -0.7695 0.0180
vn -0.6758 -0.7369 0.0183
vn -0.7120 -0.7019 0.0185
vn -0.7468 -0.6647 0.0187
vn -0.7802 -0.6252 0.0189
vn -0.8120 -0.5833 0.0191
vn -0.8421 -0.5390 0.0193
vn -0.8702 -0.4923 0.0195
vn -0.8962 -0.4431 0.0197
vn -0.9200 -0.3915 0.0199
vn -0.9412 -0.3373 0.0201
vn -0.9596 -0.2806 0.0204
vn -0.9749 -0.2215 0.0206
vn -0.9869 -0.1600 0.0209
vn -0.9951 -0.0963 0.0211
vn -0.9993 -0.0308 0.0214
vn -0.9991 0.0363 0.0217
vn -0.9943 0.1047 0.0219
vn -0.9845 0.1740 0.0221
vn -0.9696 0.2435 0.0223
vn -0.9496 0.3128 0.0224
vn -0.9242 0.3812 0.0224
vn -0.8937 0.4481 0.0224
vn -0.8583 0.5127 0.0223
vn -0.8183 0.5744 0.0221
vn -0.7741 0.6326 0.0218
vn -0.7265 0.6869 0.0215
vn -0.6759 0.7367 0.0210
vn -0.5592 -0.8289 -0.0174
vn -0.5986 -0.8008 -0.0177
vn -0.6371 -0.7706 -0.0180
vn -0.6745 -0.7381 -0.0182
vn -0.7107 -0.7033 -0.0185
vn -0.7455 -0.6662 -0.0187
vn -0.7789 -0.6269 -0.0189
vn -0.8107 -0.5851 -0.0191
vn -0.8408 -0.5410 -0.0193
vn -0.8690 -0.4945 -0.0195
vn -0.8951 -0.4454 -0.0197
vn -0.9189 -0.3939 -0.0199
vn -0.9402 -0.3399 -0.0201
vn -0.9588 -0.2833 -0.0203
vn -0.9743 -0.2243 -0.0206
vn -0.9864 -0.1629 -0.0208
vn -0.9948 -0.0994 -0.0211
vn -0.9992 -0.0339 -0.0214
vn -0.9992 0.0332 -0.0217
vn -0.9946 0.1016 -0.0219
vn -0.9850 0.1709 -0.0221
vn -0.9704 0.2405 -0.0223
vn -0.9505 0.3099 -0.0224
vn -0.9254 0.3784 -0.0225
vn -0.8950 0.4455 -0.0224
vn -0.8597 0.5103 -0.0223
vn -0.8198 0.5722 -0.0221
vn -0.7757 0.6307 -0.0219
vn -0.7280 0.6852 -0.0215
vn -0.6774 0.7353 -0.0211
vn -0.5572 -0.8288 -0.0510
vn -0.5964 -0.8010 -0.0519
vn -0.6347 -0.7710 -0.0528
vn -0.6719 -0.7387 -0.0536
vn -0.7079 -0.7042 -0.0545
vn -0.7427 -0.6674 -0.0553
vn -0.7760 -0.6283 -0.0560
vn -0.8077 -0.5868 -0.0568
vn -0.8378 -0.5429 -0.0575
vn -0.8660 -0.4966 -0.0582
vn -0.8922 -0.4477 -0.0589
vn -0.9162 -0.3964 -0.0596
vn -0.9376 -0.3424 -0.0603
vn -0.9563 -0.2859 -0.0610
vn -0.9720 -0.2269 -0.0617
vn -0.9842 -0.1654 -0.0625
vn -0.9928 -0.1018 -0.0633
vn -0.9973 -0.0363 -0.0641
vn -0.9974 0.0308 -0.0649
vn -0.9929 0.0992 -0.0655
vn -0.9835 0.1685 -0.0661
vn -0.9690 0.2381 -0.0665
vn -0.9492 0.3075 -0.0667
vn -0.9242 0.3760 -0.0667
vn -0.8940 0.4430 -0.0665
vn -0.8589 0.5078 -0.0661
vn -0.8192 0.5698 -0.0654
vn -0.7753 0.6283 -0.0645
vn -0.7279 0.6828 -0.0633
vn -0.6775 0.7329 -0.0620
vn -0.5546 -0.8280 -0.0830
vn -0.5934 -0.8004 -0.0846
vn -0.6313 -0.7707 -0.0862
vn -0.6682 -0.7388 -0.0877
vn -0.7040 -0.7046 -0.0893
vn -0.7385 -0.6681 -0.0908
vn -0.7716 -0.6293 -0.0923
vn -0.8033 -0.5882 -0.0937
vn -0.8333 -0.5446 -0.0951
vn -0.8615 -0.4986 -0.0965
vn -0.8877 -0.4500 -0.0978
vn -0.9117 -0.3988 -0.0991
vn -0.9333 -0.3449 -0.1004
vn -0.9521 -0.2884 -0.1016
vn -0.9679 -0.2292 -0.1029
vn -0.9803 -0.1675 -0.1042
vn -0.9890 -0.1037 -0.1056
vn -0.9935 -0.0381 -0.1068
vn -0.9937 0.0291 -0.1080
vn -0.9892 0.0976 -0.1090
vn -0.9799 0.1668 -0.1097
vn -0.9654 0.2363 -0.1102
vn -0.9458 0.3055 -0.1104
vn -0.9209 0.3739 -0.1102
vn -0.8910 0.4407 -0.1096
vn -0.8561 0.5052 -0.1086
vn -0.8167 0.5670 -0.1072
vn -0.7732 0.6253 -0.1055
vn -0.7262 0.6796 -0.1035
vn -0.6763 0.7297 -0.1012
vn -0.5514 -0.8264 -0.1137
vn -0.5897 -0.7992 -0.1160
vn -0.6272 -0.7698 -0.1184
vn -0.6636 -0.7383 -0.1207
vn -0.6990 -0.7045 -0.1231
vn -0.7331 -0.6684 -0.1255
vn -0.7660 -0.6300 -0.1279
vn -0.7974 -0.5893 -0.1301
vn -0.8272 -0.5461 -0.1324
vn -0.8553 -0.5004 -0.1345
vn -0.8815 -0.4521 -0.1365
vn -0.9055 -0.4010 -0.1385
vn -0.9272 -0.3473 -0.1405
vn -0.9462 -0.2907 -0.1424
vn -0.9621 -0.2313 -0.1443
vn -0.9747 -0.1692 -0.1461
vn -0.9834 -0.1051 -0.1480
vn -0.9880 -0.0393 -0.1497
vn -0.9881 0.0281 -0.1512
vn -0.9836 0.0965 -0.1524
vn -0.9742 0.1656 -0.1532
vn -0.9598 0.2349 -0.1536
vn -0.9403 0.3038 -0.1535
vn -0.9157 0.3718 -0.1528
vn -0.8860 0.4382 -0.1517
vn -0.8515 0.5024 -0.1500
vn -0.8126 0.5638 -0.1478
vn -0.7697 0.6217 -0.1453
vn -0.7232 0.6758 -0.1423
vn -0.6740 0.7256 -0.1390
vn -0.5477 -0.8243 -0.1435
vn -0.5854 -0.7974 -0.1465
vn -0.6223 -0.7684 -0.1497
vn -0.6582 -0.7372 -0.1529
vn -0.6930 -0.7038 -0.1562
vn -0.7267 -0.6682 -0.1596
vn -0.7591 -0.6303 -0.1629
vn -0.7901 -0.5900 -0.1661
vn -0.8196 -0.5473 -0.1693
vn -0.8475 -0.5020 -0.1723
vn -0.8736 -0.4540 -0.1752
vn -0.8976 -0.4032 -0.1780
vn -0.9194 -0.3494 -0.1807
vn -0.9384 -0.2928 -0.1833
vn -0.9545 -0.2331 -0.1858
vn -0.9672 -0.1706 -0.1883
vn -0.9759 -0.1060 -0.1906
vn -0.9804 -0.0399 -0.1927
vn -0.9805 0.0275 -0.1945
vn -0.9760 0.0959 -0.1958
vn -0.9665 0.1648 -0.1965
vn -0.9522 0.2338 -0.1967
vn -0.9328 0.3022 -0.1962
vn -0.9085 0.3697 -0.1949
vn -0.8792 0.4355 -0.1931
vn -0.8453 0.4992 -0.1905
vn -0.8070 0.5601 -0.1875
vn -0.7647 0.6176 -0.1839
vn -0.7191 0.6713 -0.1800
vn -0.6706 0.7207 -0.1757
vn -0.5435 -0.8215 -0.1726
vn -0.5805 -0.7950 -0.1763
vn -0.6166 -0.7663 -0.1803
vn -0.6519 -0.7355 -0.1845
vn -0.6861 -0.7026 -0.1888
vn -0.7192 -0.6675 -0.1932
vn -0.7510 -0.6301 -0.1975
vn -0.7815 -0.5903 -0.2019
vn -0.8106 -0.5481 -0.2061
vn -0.8382 -0.5032 -0.2101
vn -0.8641 -0.4556 -0.2140
vn -0.8880 -0.4050 -0.2177
vn -0.9097 -0.3514 -0.2212
vn -0.9289 -0.2946 -0.2245
vn -0.9450 -0.2346 -0.2278
vn -0.9578 -0.1715 -0.2308
vn -0.9665 -0.1065 -0.2336
vn -0.9709 -0.0401 -0.2361
vn -0.9709 0.0275 -0.2380
vn -0.9662 0.0957 -0.2393
vn -0.9568 0.1643 -0.2398
vn -0.9426 0.2328 -0.2396
vn -0.9234 0.3007 -0.2385
vn -0.8995 0.3674 -0.2366
vn -0.8707 0.4326 -0.2339
vn -0.8374 0.4956 -0.2304
vn -0.7998 0.5559 -0.2263
vn -0.7584 0.6129 -0.2218
vn -0.7137 0.6660 -0.2168
vn -0.6663 0.7151 -0.2116
vn -0.5387 -0.8181 -0.2013
vn -0.5749 -0.7919 -0.2058
vn -0.6103 -0.7637 -0.2106
vn -0.6447 -0.7334 -0.2157
vn -0.6782 -0.7009 -0.2210
vn -0.7105 -0.6662 -0.2265
vn -0.7417 -0.6293 -0.2320
vn -0.7716 -0.5902 -0.2375
vn -0.8001 -0.5485 -0.2428
vn -0.8273 -0.5041 -0.2479
vn -0.8528 -0.4569 -0.2528
vn -0.8765 -0.4066 -0.2575
vn -0.8982 -0.3531 -0.2619
vn -0.9173 -0.2962 -0.2661
vn -0.9335 -0.2357 -0.2701
vn -0.9463 -0.1720 -0.2738
vn -0.9549 -0.1064 -0.2771
vn -0.9593 -0.0397 -0.2798
vn -0.9591 0.0278 -0.2817
vn -0.9543 0.0959 -0.2829
vn -0.9449 0.1641 -0.2832
vn -0.9308 0.2320 -0.2824
vn -0.9120 0.2991 -0.2807
vn -0.8885 0.3651 -0.2779
vn -0.8604 0.4295 -0.2743
vn -0.8279 0.4917 -0.2698
vn -0.7912 0.5512 -0.2647
vn -0.7508 0.6075 -0.2591
vn -0.7072 0.6601 -0.2531
vn -0.6609 0.7086 -0.2470
vn -0.5333 -0.8140 -0.2300
vn -0.5686 -0.7883 -0.2351
vn -0.6030 -0.7605 -0.2407
vn -0.6366 -0.7306 -0.2468
vn -0.6692 -0.6986 -0.2532
vn -0.7007 -0.6645 -0.2598
vn -0.7311 -0.6281 -0.2664
vn -0.7602 -0.5895 -0.2731
vn -0.7881 -0.5484 -0.2796
vn -0.8147 -0.5046 -0.2859
vn -0.8398 -0.4578 -0.2919
vn -0.8632 -0.4079 -0.2976
vn -0.8846 -0.3545 -0.3030
vn -0.9037 -0.2974 -0.3081
vn -0.9199 -0.2365 -0.3129
vn -0.9326 -0.1721 -0.3172
vn -0.9412 -0.1060 -0.3209
vn -0.9453 -0.0390 -0.3238
vn -0.9450 0.0286 -0.3258
vn -0.9402 0.0964 -0.3268
vn -0.9308 0.1641 -0.3266
vn -0.9169 0.2312 -0.3253
vn -0.8985 0.2975 -0.3228
vn -0.8756 0.3626 -0.3191
vn -0.8483 0.4260 -0.3145
vn -0.8167 0.4874 -0.3090
vn -0.7811 0.5461 -0.3028
vn -0.7418 0.6016 -0.2962
vn -0.6995 0.6535 -0.2893
vn -0.6545 0.7014 -0.2823
vn -0.5273 -0.8094 -0.2586
vn -0.5614 -0.7841 -0.2645
vn -0.5948 -0.7568 -0.2709
vn -0.6274 -0.7274 -0.2780
vn -0.6590 -0.6959 -0.2854
vn -0.6895 -0.6623 -0.2931
vn -0.7190 -0.6265 -0.3010
vn -0.7472 -0.5884 -0.3089
vn -0.7743 -0.5479 -0.3166
vn -0.8002 -0.5046 -0.3240
vn -0.8247 -0.4584 -0.3312
vn -0.8477 -0.4087 -0.3381
vn -0.8689 -0.3555 -0.3445
vn -0.8878 -0.2983 -0.3506
vn -0.9039 -0.2369 -0.3561
vn -0.9166 -0.1717 -0.3611
vn -0.9250 -0.1050 -0.3653
vn -0.9289 -0.0377 -0.3684
vn -0.9284 0.0298 -0.3703
vn -0.9236 0.0972 -0.3709
vn -0.9143 0.1643 -0.3702
vn -0.9007 0.2306 -0.3682
vn -0.8828 0.2960 -0.3649
vn -0.8606 0.3600 -0.3603
vn -0.8341 0.4225 -0.3546
vn -0.8036 0.4829 -0.3480
vn -0.7692 0.5406 -0.3408
vn -0.7313 0.5952 -0.3331
vn -0.6904 0.6463 -0.3252
vn -0.6470 0.6933 -0.3174
vn -0.5208 -0.8042 -0.2865
vn -0.5537 -0.7794 -0.2932
vn -0.5858 -0.7526 -0.3008
vn -0.6171 -0.7237 -0.3090
vn -0.6474 -0.6927 -0.3177
vn -0.6768 -0.6597 -0.3267
vn -0.7052 -0.6244 -0.3358
vn -0.7325 -0.5869 -0.3449
vn -0.7587 -0.5470 -0.3538
vn -0.7838 -0.5042 -0.3625
vn -0.8076 -0.4584 -0.3709
vn -0.8301 -0.4092 -0.3789
vn -0.8508 -0.3561 -0.3865
vn -0.8694 -0.2987 -0.3935
vn -0.8854 -0.2368 -0.3999
vn -0.8980 -0.1709 -0.4056
vn -0.9061 -0.1036 -0.4101
vn -0.9099 -0.0361 -0.4133
vn -0.9092 0.0313 -0.4151
vn -0.9043 0.0984 -0.4153
vn -0.8952 0.1647 -0.4141
vn -0.8819 0.2302 -0.4113
vn -0.8646 0.2946 -0.4071
vn -0.8431 0.3576 -0.4015
vn -0.8177 0.4190 -0.3947
vn -0.7884 0.4782 -0.3869
vn -0.7555 0.5348 -0.3784
vn -0.7193 0.5884 -0.3693
vn -0.6802 0.6385 -0.3602
vn -0.6386 0.6847 -0.3513
vn -0.5139 -0.7985 -0.3136
vn -0.5453 -0.7742 -0.3214
vn -0.5759 -0.7478 -0.3304
vn -0.6056 -0.7195 -0.3400
vn -0.6344 -0.6891 -0.3502
vn -0.6624 -0.6567 -0.3605
vn -0.6895 -0.6221 -0.3709
vn -0.7158 -0.5851 -0.3812
vn -0.7410 -0.5456 -0.3914
vn -0.7652 -0.5034 -0.4014
vn -0.7882 -0.4581 -0.4110
vn -0.8100 -0.4091 -0.4201
vn -0.8302 -0.3561 -0.4288
vn -0.8485 -0.2987 -0.4368
vn -0.8642 -0.2363 -0.4442
vn -0.8765 -0.1695 -0.4505
vn -0.8845 -0.1017 -0.4554
vn -0.8880 -0.0339 -0.4586
vn -0.8872 0.0334 -0.4602
vn -0.8823 0.0999 -0.4600
vn -0.8733 0.1656 -0.4581
vn -0.8605 0.2302 -0.4546
vn -0.8437 0.2936 -0.4494
vn -0.8231 0.3556 -0.4427
vn -0.7989 0.4157 -0.4348
vn -0.7711 0.4735 -0.4256
vn -0.7401 0.5287 -0.4156
vn -0.7060 0.5810 -0.4050
vn -0.6689 0.6301 -0.3943
vn -0.6294 0.6755 -0.3841
vn -0.5063 -0.7922 -0.3406
vn -0.5361 -0.7684 -0.3496
vn -0.5649 -0.7425 -0.3600
vn -0.5927 -0.7148 -0.3711
vn -0.6197 -0.6852 -0.3827
vn -0.6460 -0.6536 -0.3944
vn -0.6717 -0.6196 -0.4061
vn -0.6968 -0.5830 -0.4178
vn -0.7210 -0.5440 -0.4293
vn -0.7442 -0.5022 -0.4405
vn -0.7663 -0.4572 -0.4513
vn -0.7874 -0.4086 -0.4617
vn -0.8070 -0.3557 -0.4715
vn -0.8248 -0.2980 -0.4806
vn -0.8401 -0.2352 -0.4888
vn -0.8521 -0.1676 -0.4958
vn -0.8598 -0.0992 -0.5010
vn -0.8630 -0.0313 -0.5042
vn -0.8621 0.0359 -0.5055
vn -0.8572 0.1020 -0.5048
vn -0.8485 0.1670 -0.5022
vn -0.8361 0.2307 -0.4978
vn -0.8200 0.2932 -0.4916
vn -0.8003 0.3541 -0.4838
vn -0.7774 0.4128 -0.4746
vn -0.7515 0.4689 -0.4641
vn -0.7227 0.5224 -0.4525
vn -0.6910 0.5733 -0.4403
vn -0.6564 0.6212 -0.4280
vn -0.6192 0.6656 -0.4165
vn -0.4984 -0.7855 -0.3668
vn -0.5261 -0.7621 -0.3775
vn -0.5526 -0.7368 -0.3896
vn -0.5781 -0.7099 -0.4023
vn -0.6030 -0.6811 -0.4153
vn -0.6274 -0.6503 -0.4283
vn -0.6516 -0.6170 -0.4413
vn -0.6755 -0.5808 -0.4544
vn -0.6985 -0.5421 -0.4672
vn -0.7206 -0.5006 -0.4797
vn -0.7418 -0.4559 -0.4918
vn -0.7620 -0.4074 -0.5034
vn -0.7808 -0.3546 -0.5144
vn -0.7980 -0.2968 -0.5246
vn -0.8128 -0.2334 -0.5337
vn -0.8244 -0.1651 -0.5413
vn -0.8317 -0.0962 -0.5468
vn -0.8347 -0.0281 -0.5499
vn -0.8337 0.0389 -0.5508
vn -0.8289 0.1046 -0.5495
vn -0.8204 0.1690 -0.5462
vn -0.8085 0.2319 -0.5408
vn -0.7932 0.2935 -0.5336
vn -0.7745 0.3535 -0.5246
vn -0.7531 0.4106 -0.5140
vn -0.7292 0.4649 -0.5022
vn -0.7029 0.5165 -0.4891
vn -0.6740 0.5655 -0.4753
vn -0.6426 0.6119 -0.4612
vn -0.6083 0.6553 -0.4478
vn -0.4895 -0.7784 -0.3931
vn -0.5147 -0.7553 -0.4057
vn -0.5382 -0.7310 -0.4195
vn -0.5612 -0.7051 -0.4335
vn -0.5840 -0.6772 -0.4477
vn -0.6065 -0.6471 -0.4620
vn -0.6290 -0.6143 -0.4764
vn -0.6515 -0.5784 -0.4909
vn -0.6733 -0.5399 -0.5051
vn -0.6943 -0.4986 -0.5190
vn -0.7144 -0.4541 -0.5324
vn -0.7336 -0.4057 -0.5452
vn -0.7516 -0.3528 -0.5574
vn -0.7680 -0.2948 -0.5686
vn -0.7822 -0.2310 -0.5787
vn -0.7933 -0.1620 -0.5869
vn -0.8002 -0.0927 -0.5925
vn -0.8030 -0.0244 -0.5955
vn -0.8019 0.0425 -0.5960
vn -0.7972 0.1079 -0.5940
vn -0.7891 0.1717 -0.5898
vn -0.7777 0.2340 -0.5834
vn -0.7632 0.2948 -0.5750
vn -0.7456 0.3538 -0.5647
vn -0.7257 0.4095 -0.5528
vn -0.7039 0.4619 -0.5396
vn -0.6800 0.5115 -0.5253
vn -0.6545 0.5581 -0.5101
vn -0.6269 0.6023 -0.4941
vn -0.5961 0.6446 -0.4787
vn -0.4781 -0.7713 -0.4201
vn -0.5007 -0.7489 -0.4342
vn -0.5212 -0.7258 -0.4490
vn -0.5416 -0.7010 -0.4640
vn -0.5623 -0.6737 -0.4796
vn -0.5830 -0.6442 -0.4952
vn -0.6039 -0.6117 -0.5110
vn -0.6250 -0.5759 -0.5270
vn -0.6454 -0.5375 -0.5428
vn -0.6651 -0.4962 -0.5580
vn -0.6840 -0.4517 -0.5728
vn -0.7021 -0.4033 -0.5869
vn -0.7190 -0.3502 -0.6003
vn -0.7345 -0.2919 -0.6126
vn -0.7480 -0.2277 -0.6235
vn -0.7585 -0.1583 -0.6322
vn -0.7649 -0.0885 -0.6380
vn -0.7675 -0.0201 -0.6408
vn -0.7664 0.0467 -0.6407
vn -0.7619 0.1118 -0.6380
vn -0.7542 0.1752 -0.6328
vn -0.7436 0.2369 -0.6253
vn -0.7299 0.2971 -0.6156
vn -0.7136 0.3554 -0.6038
vn -0.6952 0.4099 -0.5905
vn -0.6754 0.4606 -0.5759
vn -0.6538 0.5086 -0.5602
vn -0.6315 0.5527 -0.5439
vn -0.6077 0.5942 -0.5269
vn -0.5804 0.6348 -0.5101
vn -0.4692 -0.7577 0.4535
vn -0.4884 -0.7363 0.4683
vn -0.5086 -0.7116 0.4846
vn -0.5272 -0.6861 0.5013
vn -0.5457 -0.6584 0.5184
vn -0.5652 -0.6270 0.5360
vn -0.5846 -0.5932 0.5536
vn -0.6040 -0.5559 0.5711
vn -0.6233 -0.5146 0.5887
vn -0.6418 -0.4706 0.6055
vn -0.6591 -0.4237 0.6214
vn -0.6752 -0.3735 0.6361
vn -0.6899 -0.3195 0.6496
vn -0.7030 -0.2610 0.6616
vn -0.7140 -0.1977 0.6717
vn -0.7223 -0.1291 0.6794
vn -0.7273 -0.0563 0.6841
vn -0.7283 0.0152 0.6851
vn -0.7257 0.0837 0.6829
vn -0.7199 0.1492 0.6778
vn -0.7114 0.2116 0.6702
vn -0.7004 0.2712 0.6603
vn -0.6871 0.3282 0.6483
vn -0.6716 0.3829 0.6343
vn -0.6542 0.4351 0.6186
vn -0.6358 0.4830 0.6021
vn -0.6167 0.5269 0.5848
vn -0.5967 0.5681 0.5668
vn -0.5774 0.6044 0.5489
vn -0.5574 0.6381 0.5311
vn -0.5350 0.6712 0.5131
vn -0.5135 0.6999 0.4964
vn -0.5259 0.7078 0.4716
vn -0.5381 0.7163 0.4443
vn -0.5478 0.7250 0.4175
vn -0.5566 0.7335 0.3900
vn -0.5657 0.7415 0.3607
vn -0.5743 0.7489 0.3308
vn -0.5823 0.7557 0.2997
vn -0.5900 0.7619 0.2673
vn -0.5968 0.7673 0.2346
vn -0.6029 0.7719 0.2016
vn -0.6084 0.7757 0.1680
vn -0.6132 0.7786 0.1334
vn -0.6172 0.7807 0.0975
vn -0.6206 0.7819 0.0600
vn -0.6230 0.7819 0.0205
vn -0.6245 0.7808 -0.0205
vn -0.6248 0.7784 -0.0604
vn -0.6241 0.7751 -0.0986
vn -0.6225 0.7708 -0.1354
vn -0.6200 0.7657 -0.1712
vn -0.6167 0.7597 -0.2062
vn -0.6127 0.7528 -0.2408
vn -0.6077 0.7449 -0.2753
vn -0.6018 0.7361 -0.3097
vn -0.5953 0.7267 -0.3429
vn -0.5882 0.7166 -0.3749
vn -0.5802 0.7057 -0.4066
vn -0.5724 0.6943 -0.4363
vn -0.5634 0.6827 -0.4653
vn -0.5519 0.6711 -0.4949
vn -0.5400 0.6603 -0.5220
vn -0.5622 0.6271 -0.5391
vn -0.5851 0.5890 -0.5575
vn -0.6052 0.5501 -0.5754
vn -0.6243 0.5084 -0.5931
vn -0.6437 0.4616 -0.6104
vn -0.6617 0.4118 -0.6266
vn -0.6784 0.3582 -0.6415
vn -0.6934 0.3004 -0.6549
vn -0.7060 0.2407 -0.6661
vn -0.7158 0.1794 -0.6749
vn -0.7229 0.1163 -0.6811
vn -0.7271 0.0514 -0.6846
vn -0.7281 -0.0153 -0.6853
vn -0.7258 -0.0838 -0.6828
vn -0.7198 -0.1538 -0.6770
vn -0.7100 -0.2236 -0.6678
vn -0.6974 -0.2882 -0.6561
vn -0.6830 -0.3468 -0.6428
vn -0.6673 -0.4000 -0.6283
vn -0.6505 -0.4487 -0.6128
vn -0.6329 -0.4934 -0.5967
vn -0.6146 -0.5347 -0.5799
vn -0.5957 -0.5733 -0.5626
vn -0.5762 -0.6092 -0.5449
vn -0.5570 -0.6416 -0.5274
vn -0.5381 -0.6709 -0.5103
vn -0.5192 -0.6980 -0.4932
vn -0.5016 -0.7218 -0.4769
vn -0.4839 -0.7438 -0.4611
vn -0.4647 -0.7652 -0.4456
vn -0.4465 -0.7838 -0.4317
vn -0.4552 -0.7913 -0.4082
vn -0.4636 -0.7991 -0.3828
vn -0.4701 -0.8066 -0.3583
vn -0.4759 -0.8138 -0.3335
vn -0.4819 -0.8206 -0.3072
vn -0.4874 -0.8268 -0.2807
vn -0.4926 -0.8325 -0.2535
vn -0.4975 -0.8377 -0.2254
vn -0.5019 -0.8421 -0.1973
vn -0.5058 -0.8459 -0.1691
vn -0.5092 -0.8491 -0.1406
vn -0.5123 -0.8515 -0.1115
vn -0.5149 -0.8534 -0.0814
vn -0.5171 -0.8544 -0.0500
vn -0.5188 -0.8547 -0.0171
vn -0.5199 -0.8540 0.0171
vn -0.5204 -0.8525 0.0503
vn -0.5202 -0.8501 0.0822
vn -0.5194 -0.8470 0.1130
vn -0.5182 -0.8432 0.1431
vn -0.5164 -0.8387 0.1727
vn -0.5142 -0.8335 0.2021
vn -0.5114 -0.8275 0.2317
vn -0.5080 -0.8207 0.2615
vn -0.5042 -0.8133 0.2904
vn -0.5000 -0.8053 0.3187
vn -0.4951 -0.7965 0.3470
vn -0.4904 -0.7873 0.3738
vn -0.4848 -0.7776 0.4004
vn -0.4772 -0.7675 0.4279
vn -0.4054 -0.8194 -0.4054
vn -0.3787 -0.8303 -0.4089
vn -0.3535 -0.8390 -0.4137
vn -0.3284 -0.8468 -0.4184
vn -0.3027 -0.8541 -0.4230
vn -0.2769 -0.8606 -0.4275
vn -0.2503 -0.8665 -0.4318
vn -0.2230 -0.8718 -0.4361
vn -0.1956 -0.8764 -0.4401
vn -0.1680 -0.8801 -0.4440
vn -0.1400 -0.8832 -0.4476
vn -0.1113 -0.8855 -0.4511
vn -0.0814 -0.8871 -0.4543
vn -0.0502 -0.8878 -0.4575
vn -0.0172 -0.8875 -0.4604
vn 0.0173 -0.8861 -0.4632
vn 0.0511 -0.8835 -0.4656
vn 0.0838 -0.8800 -0.4675
vn 0.1157 -0.8755 -0.4691
vn 0.1471 -0.8702 -0.4703
vn 0.1783 -0.8639 -0.4711
vn 0.2095 -0.8566 -0.4715
vn 0.2412 -0.8482 -0.4716
vn 0.2732 -0.8386 -0.4713
vn 0.3048 -0.8280 -0.4707
vn 0.3361 -0.8164 -0.4697
vn 0.3676 -0.8035 -0.4682
vn 0.3986 -0.7897 -0.4664
vn 0.4300 -0.7742 -0.4644
vn 0.4636 -0.7551 -0.4636
vn -0.4077 -0.8315 -0.3775
vn -0.3796 -0.8437 -0.3796
vn -0.3527 -0.8538 -0.3830
vn -0.3262 -0.8627 -0.3865
vn -0.2999 -0.8706 -0.3900
vn -0.2735 -0.8777 -0.3934
vn -0.2468 -0.8841 -0.3967
vn -0.2196 -0.8898 -0.4000
vn -0.1924 -0.8947 -0.4032
vn -0.1651 -0.8988 -0.4062
vn -0.1374 -0.9021 -0.4091
vn -0.1090 -0.9047 -0.4118
vn -0.0797 -0.9065 -0.4145
vn -0.0490 -0.9075 -0.4171
vn -0.0168 -0.9075 -0.4197
vn 0.0169 -0.9063 -0.4222
vn 0.0499 -0.9040 -0.4245
vn 0.0820 -0.9007 -0.4266
vn 0.1134 -0.8965 -0.4283
vn 0.1444 -0.8913 -0.4298
vn 0.1752 -0.8851 -0.4311
vn 0.2062 -0.8780 -0.4321
vn 0.2376 -0.8696 -0.4328
vn 0.2696 -0.8600 -0.4334
vn 0.3015 -0.8492 -0.4336
vn 0.3334 -0.8372 -0.4336
vn 0.3658 -0.8237 -0.4333
vn 0.3986 -0.8086 -0.4328
vn 0.4323 -0.7913 -0.4323
vn 0.4677 -0.7705 -0.4331
vn -0.4111 -0.8412 -0.3513
vn -0.3818 -0.8548 -0.3515
vn -0.3532 -0.8663 -0.3532
vn -0.3254 -0.8762 -0.3554
vn -0.2981 -0.8849 -0.3579
vn -0.2711 -0.8925 -0.3604
vn -0.2440 -0.8993 -0.3628
vn -0.2168 -0.9053 -0.3653
vn -0.1897 -0.9104 -0.3676
vn -0.1625 -0.9147 -0.3700
vn -0.1350 -0.9183 -0.3722
vn -0.1070 -0.9211 -0.3744
vn -0.0780 -0.9231 -0.3766
vn -0.0479 -0.9243 -0.3787
vn -0.0164 -0.9245 -0.3809
vn 0.0165 -0.9235 -0.3832
vn 0.0488 -0.9215 -0.3854
vn 0.0803 -0.9184 -0.3875
vn 0.1112 -0.9143 -0.3894
vn 0.1419 -0.9093 -0.3912
vn 0.1725 -0.9033 -0.3928
vn 0.2033 -0.8963 -0.3941
vn 0.2347 -0.8880 -0.3954
vn 0.2667 -0.8784 -0.3966
vn 0.2991 -0.8674 -0.3976
vn 0.3319 -0.8550 -0.3985
vn 0.3655 -0.8408 -0.3992
vn 0.4001 -0.8245 -0.4001
vn 0.4361 -0.8053 -0.4016
vn 0.4732 -0.7827 -0.4044
vn -0.4145 -0.8499 -0.3254
vn -0.3840 -0.8646 -0.3242
vn -0.3543 -0.8771 -0.3243
vn -0.3254 -0.8878 -0.3254
vn -0.2972 -0.8971 -0.3268
vn -0.2694 -0.9053 -0.3284
vn -0.2419 -0.9124 -0.3301
vn -0.2146 -0.9186 -0.3318
vn -0.1874 -0.9239 -0.3336
vn -0.1603 -0.9284 -0.3353
vn -0.1330 -0.9321 -0.3370
vn -0.1051 -0.9350 -0.3387
vn -0.0765 -0.9372 -0.3404
vn -0.0469 -0.9385 -0.3422
vn -0.0160 -0.9388 -0.3440
vn 0.0161 -0.9381 -0.3461
vn 0.0477 -0.9362 -0.3482
vn 0.0787 -0.9333 -0.3503
vn 0.1093 -0.9295 -0.3523
vn 0.1397 -0.9247 -0.3542
vn 0.1702 -0.9188 -0.3560
vn 0.2010 -0.9119 -0.3577
vn 0.2324 -0.9038 -0.3594
vn 0.2646 -0.8942 -0.3611
vn 0.2976 -0.8831 -0.3627
vn 0.3313 -0.8703 -0.3644
vn 0.3662 -0.8555 -0.3662
vn 0.4023 -0.8382 -0.3683
vn 0.4399 -0.8177 -0.3713
vn 0.4786 -0.7936 -0.3757
vn -0.4177 -0.8580 -0.2989
vn -0.3862 -0.8733 -0.2970
vn -0.3556 -0.8865 -0.2962
vn -0.3258 -0.8979 -0.2962
vn -0.2967 -0.9077 -0.2967
vn -0.2683 -0.9162 -0.2975
vn -0.2404 -0.9236 -0.2985
vn -0.2128 -0.9300 -0.2997
vn -0.1856 -0.9354 -0.3009
vn -0.1585 -0.9400 -0.3021
vn -0.1311 -0.9438 -0.3033
vn -0.1034 -0.9469 -0.3046
vn -0.0751 -0.9491 -0.3059
vn -0.0459 -0.9505 -0.3073
vn -0.0156 -0.9510 -0.3088
vn 0.0157 -0.9504 -0.3106
vn 0.0467 -0.9487 -0.3126
vn 0.0773 -0.9461 -0.3147
vn 0.1076 -0.9424 -0.3167
vn 0.1378 -0.9378 -0.3188
vn 0.1682 -0.9321 -0.3208
vn 0.1991 -0.9253 -0.3227
vn 0.2306 -0.9173 -0.3247
vn 0.2631 -0.9078 -0.3267
vn 0.2966 -0.8966 -0.3289
vn 0.3313 -0.8835 -0.3313
vn 0.3672 -0.8681 -0.3339
vn 0.4046 -0.8501 -0.3371
vn 0.4435 -0.8288 -0.3410
vn 0.4837 -0.8039 -0.3462
vn -0.4207 -0.8653 -0.2725
vn -0.3884 -0.8811 -0.2700
vn -0.3569 -0.8948 -0.2684
vn -0.3263 -0.9066 -0.2676
vn -0.2965 -0.9168 -0.2674
vn -0.2676 -0.9256 -0.2676
vn -0.2393 -0.9332 -0.2680
vn -0.2115 -0.9397 -0.2686
vn -0.1841 -0.9453 -0.2694
vn -0.1569 -0.9499 -0.2702
vn -0.1295 -0.9538 -0.2710
vn -0.1020 -0.9569 -0.2718
vn -0.0739 -0.9592 -0.2728
vn -0.0450 -0.9607 -0.2739
vn -0.0153 -0.9613 -0.2752
vn 0.0154 -0.9608 -0.2768
vn 0.0458 -0.9593 -0.2786
vn 0.0760 -0.9568 -0.2806
vn 0.1060 -0.9534 -0.2826
vn 0.1361 -0.9489 -0.2848
vn 0.1666 -0.9434 -0.2869
vn 0.1975 -0.9367 -0.2890
vn 0.2293 -0.9288 -0.2912
vn 0.2621 -0.9193 -0.2935
vn 0.2961 -0.9081 -0.2961
vn 0.3315 -0.8948 -0.2989
vn 0.3684 -0.8792 -0.3022
vn 0.4069 -0.8606 -0.3061
vn 0.4470 -0.8388 -0.3108
vn 0.4886 -0.8131 -0.3164
vn -0.4236 -0.8719 -0.2456
vn -0.3903 -0.8881 -0.2428
vn -0.3581 -0.9021 -0.2408
vn -0.3268 -0.9142 -0.2395
vn -0.2965 -0.9247 -0.2388
vn -0.2671 -0.9337 -0.2385
vn -0.2385 -0.9414 -0.2385
vn -0.2105 -0.9480 -0.2387
vn -0.1829 -0.9536 -0.2390
vn -0.1555 -0.9584 -0.2394
vn -0.1281 -0.9623 -0.2398
vn -0.1006 -0.9655 -0.2404
vn -0.0727 -0.9678 -0.2410
vn -0.0442 -0.9693 -0.2418
vn -0.0150 -0.9699 -0.2429
vn 0.0150 -0.9696 -0.2443
vn 0.0450 -0.9682 -0.2459
vn 0.0748 -0.9659 -0.2478
vn 0.1046 -0.9626 -0.2499
vn 0.1346 -0.9583 -0.2520
vn 0.1651 -0.9529 -0.2542
vn 0.1962 -0.9464 -0.2565
vn 0.2282 -0.9386 -0.2588
vn 0.2614 -0.9292 -0.2614
vn 0.2958 -0.9180 -0.2641
vn 0.3319 -0.9047 -0.2672
vn 0.3696 -0.8888 -0.2709
vn 0.4091 -0.8700 -0.2751
vn 0.4503 -0.8478 -0.2801
vn 0.4931 -0.8216 -0.2859
vn -0.4263 -0.8779 -0.2180
vn -0.3922 -0.8943 -0.2153
vn -0.3593 -0.9086 -0.2132
vn -0.3275 -0.9208 -0.2117
vn -0.2967 -0.9314 -0.2107
vn -0.2669 -0.9406 -0.2101
vn -0.2379 -0.9484 -0.2098
vn -0.2096 -0.9551 -0.2096
vn -0.1818 -0.9607 -0.2096
vn -0.1543 -0.9655 -0.2096
vn -0.1269 -0.9695 -0.2097
vn -0.0994 -0.9726 -0.2100
vn -0.0717 -0.9750 -0.2103
vn -0.0435 -0.9765 -0.2109
vn -0.0147 -0.9772 -0.2118
vn 0.0148 -0.9769 -0.2130
vn 0.0442 -0.9757 -0.2145
vn 0.0737 -0.9736 -0.2163
vn 0.1033 -0.9704 -0.2182
vn 0.1333 -0.9663 -0.2203
vn 0.1638 -0.9610 -0.2226
vn 0.1951 -0.9546 -0.2249
vn 0.2274 -0.9469 -0.2274
vn 0.2609 -0.9376 -0.2300
vn 0.2958 -0.9264 -0.2329
vn 0.3324 -0.9131 -0.2361
vn 0.3708 -0.8972 -0.2398
vn 0.4111 -0.8783 -0.2440
vn 0.4533 -0.8559 -0.2488
vn 0.4974 -0.8294 -0.2544
vn -0.4287 -0.8831 -0.1905
vn -0.3939 -0.8997 -0.1880
vn -0.3604 -0.9141 -0.1859
vn -0.3281 -0.9265 -0.1843
vn -0.2969 -0.9372 -0.1832
vn -0.2667 -0.9464 -0.1823
vn -0.2374 -0.9543 -0.1817
vn -0.2089 -0.9610 -0.1812
vn -0.1809 -0.9667 -0.1809
vn -0.1532 -0.9715 -0.1806
vn -0.1257 -0.9755 -0.1805
vn -0.0983 -0.9787 -0.1805
vn -0.0707 -0.9810 -0.1806
vn -0.0428 -0.9825 -0.1810
vn -0.0144 -0.9833 -0.1817
vn 0.0145 -0.9831 -0.1827
vn 0.0435 -0.9820 -0.1841
vn 0.0727 -0.9799 -0.1857
vn 0.1022 -0.9769 -0.1876
vn 0.1321 -0.9729 -0.1896
vn 0.1627 -0.9679 -0.1918
vn 0.1941 -0.9616 -0.1941
vn 0.2267 -0.9539 -0.1966
vn 0.2605 -0.9447 -0.1993
vn 0.2958 -0.9336 -0.2022
vn 0.3329 -0.9203 -0.2054
vn 0.3720 -0.9044 -0.2090
vn 0.4130 -0.8855 -0.2131
vn 0.4562 -0.8629 -0.2177
vn 0.5014 -0.8361 -0.2228
vn -0.4310 -0.8875 -0.1631
vn -0.3955 -0.9043 -0.1607
vn -0.3615 -0.9188 -0.1588
vn -0.3287 -0.9313 -0.1571
vn -0.2971 -0.9420 -0.1558
vn -0.2666 -0.9513 -0.1548
vn -0.2370 -0.9592 -0.1540
vn -0.2082 -0.9660 -0.1533
vn -0.1800 -0.9717 -0.1527
vn -0.1523 -0.9765 -0.1523
vn -0.1247 -0.9805 -0.1519
vn -0.0973 -0.9836 -0.1517
vn -0.0699 -0.9859 -0.1517
vn -0.0422 -0.9875 -0.1520
vn -0.0142 -0.9882 -0.1525
vn 0.0143 -0.9881 -0.1533
vn 0.0429 -0.9871 -0.1545
vn 0.0718 -0.9851 -0.1559
vn 0.1011 -0.9823 -0.1577
vn 0.1310 -0.9785 -0.1596
vn 0.1617 -0.9735 -0.1617
vn 0.1933 -0.9674 -0.1639
vn 0.2260 -0.9598 -0.1664
vn 0.2601 -0.9507 -0.1690
vn 0.2959 -0.9396 -0.1718
vn 0.3335 -0.9264 -0.1749
vn 0.3730 -0.9105 -0.1783
vn 0.4148 -0.8915 -0.1822
vn 0.4587 -0.8688 -0.1864
vn 0.5049 -0.8417 -0.1911
vn -0.4330 -0.8912 -0.1355
vn -0.3970 -0.9081 -0.1333
vn -0.3625 -0.9227 -0.1315
vn -0.3293 -0.9353 -0.1299
vn -0.2973 -0.9461 -0.1286
vn -0.2665 -0.9554 -0.1274
vn -0.2367 -0.9633 -0.1265
vn -0.2077 -0.9701 -0.1256
vn -0.1793 -0.9758 -0.1249
vn -0.1514 -0.9806 -0.1243
vn -0.1239 -0.9845 -0.1239
vn -0.0965 -0.9876 -0.1236
vn -0.0692 -0.9899 -0.1235
vn -0.0417 -0.9915 -0.1236
vn -0.0140 -0.9922 -0.1239
vn 0.0141 -0.9921 -0.1246
vn 0.0424 -0.9912 -0.1256
vn 0.0711 -0.9894 -0.1269
vn 0.1003 -0.9866 -0.1284
vn 0.1301 -0.9829 -0.1301
vn 0.1608 -0.9781 -0.1320
vn 0.1925 -0.9721 -0.1341
vn 0.2254 -0.9647 -0.1364
vn 0.2598 -0.9556 -0.1388
vn 0.2959 -0.9447 -0.1415
vn 0.3339 -0.9315 -0.1444
vn 0.3740 -0.9156 -0.1475
vn 0.4164 -0.8966 -0.1510
vn 0.4611 -0.8738 -0.1549
vn 0.5081 -0.8465 -0.1590
vn -0.4348 -0.8941 -0.1073
vn -0.3983 -0.9112 -0.1054
vn -0.3633 -0.9259 -0.1038
vn -0.3298 -0.9385 -0.1023
vn -0.2976 -0.9493 -0.1011
vn -0.2665 -0.9586 -0.0999
vn -0.2364 -0.9666 -0.0990
vn -0.2072 -0.9734 -0.0981
vn -0.1787 -0.9791 -0.0973
vn -0.1507 -0.9838 -0.0967
vn -0.1232 -0.9877 -0.0962
vn -0.0959 -0.9908 -0.0959
vn -0.0686 -0.9930 -0.0957
vn -0.0414 -0.9946 -0.0957
vn -0.0139 -0.9953 -0.0959
vn 0.0139 -0.9952 -0.0965
vn 0.0420 -0.9944 -0.0973
vn 0.0705 -0.9927 -0.0983
vn 0.0996 -0.9900 -0.0996
vn 0.1293 -0.9864 -0.1010
vn 0.1600 -0.9818 -0.1027
vn 0.1918 -0.9758 -0.1045
vn 0.2250 -0.9685 -0.1065
vn 0.2596 -0.9596 -0.1087
vn 0.2960 -0.9487 -0.1110
vn 0.3344 -0.9356 -0.1136
vn 0.3749 -0.9197 -0.1163
vn 0.4178 -0.9007 -0.1193
vn 0.4631 -0.8778 -0.1226
vn 0.5110 -0.8503 -0.1260
vn -0.4364 -0.8964 -0.0782
vn -0.3995 -0.9135 -0.0768
vn -0.3641 -0.9283 -0.0754
vn -0.3303 -0.9410 -0.0742
vn -0.2978 -0.9518 -0.0731
vn -0.2665 -0.9611 -0.0721
vn -0.2362 -0.9691 -0.0713
vn -0.2069 -0.9758 -0.0705
vn -0.1783 -0.9815 -0.0698
vn -0.1502 -0.9862 -0.0692
vn -0.1226 -0.9901 -0.0687
vn -0.0954 -0.9931 -0.0684
vn -0.0682 -0.9953 -0.0682
vn -0.0411 -0.9968 -0.0682
vn -0.0138 -0.9976 -0.0683
vn 0.0138 -0.9975 -0.0687
vn 0.0417 -0.9967 -0.0693
vn 0.0701 -0.9951 -0.0701
vn 0.0990 -0.9925 -0.0710
vn 0.1288 -0.9890 -0.0722
vn 0.1595 -0.9845 -0.0735
vn 0.1914 -0.9787 -0.0749
vn 0.2246 -0.9714 -0.0765
vn 0.2595 -0.9626 -0.0783
vn 0.2961 -0.9518 -0.0802
vn 0.3348 -0.9387 -0.0822
vn 0.3757 -0.9229 -0.0844
vn 0.4190 -0.9038 -0.0868
vn 0.4649 -0.8808 -0.0893
vn 0.5134 -0.8532 -0.0920
vn -0.4378 -0.8978 -0.0480
vn -0.4005 -0.9151 -0.0471
vn -0.3649 -0.9299 -0.0462
vn -0.3308 -0.9426 -0.0453
vn -0.2981 -0.9535 -0.0446
vn -0.2666 -0.9628 -0.0438
vn -0.2362 -0.9707 -0.0432
vn -0.2067 -0.9775 -0.0426
vn -0.1780 -0.9831 -0.0421
vn -0.1499 -0.9878 -0.0417
vn -0.1223 -0.9916 -0.0413
vn -0.0951 -0.9946 -0.0411
vn -0.0680 -0.9968 -0.0409
vn -0.0409 -0.9983 -0.0409
vn -0.0137 -0.9991 -0.0410
vn 0.0138 -0.9991 -0.0412
vn 0.0415 -0.9983 -0.0415
vn 0.0698 -0.9967 -0.0420
vn 0.0987 -0.9942 -0.0427
vn 0.1285 -0.9908 -0.0434
vn 0.1592 -0.9863 -0.0442
vn 0.1911 -0.9805 -0.0452
vn 0.2245 -0.9734 -0.0463
vn 0.2595 -0.9646 -0.0475
vn 0.2963 -0.9538 -0.0487
vn 0.3352 -0.9408 -0.0501
vn 0.3764 -0.9250 -0.0516
vn 0.4202 -0.9059 -0.0532
vn 0.4665 -0.8828 -0.0548
vn 0.5155 -0.8550 -0.0565
vn -0.4389 -0.8984 -0.0164
vn -0.4015 -0.9157 -0.0160
vn -0.3656 -0.9306 -0.0157
vn -0.3314 -0.9434 -0.0154
vn -0.2985 -0.9543 -0.0151
vn -0.2669 -0.9636 -0.0148
vn -0.2364 -0.9715 -0.0146
vn -0.2068 -0.9783 -0.0143
vn -0.1781 -0.9839 -0.0141
vn -0.1499 -0.9886 -0.0140
vn -0.1223 -0.9924 -0.0138
vn -0.0950 -0.9954 -0.0137
vn -0.0679 -0.9976 -0.0137
vn -0.0408 -0.9991 -0.0136
vn -0.0137 -0.9998 -0.0137
vn 0.0137 -0.9998 -0.0137
vn 0.0415 -0.9990 -0.0139
vn 0.0697 -0.9975 -0.0140
vn 0.0986 -0.9950 -0.0143
vn 0.1284 -0.9916 -0.0145
vn 0.1592 -0.9871 -0.0148
vn 0.1912 -0.9814 -0.0152
vn 0.2246 -0.9743 -0.0156
vn 0.2597 -0.9655 -0.0160
vn 0.2967 -0.9548 -0.0165
vn 0.3358 -0.9418 -0.0170
vn 0.3772 -0.9259 -0.0175
vn 0.4212 -0.9068 -0.0181
vn 0.4678 -0.8836 -0.0187
vn 0.5172 -0.8556 -0.0193
vn -0.4399 -0.8979 0.0164
vn -0.4023 -0.9154 0.0161
vn -0.3664 -0.9303 0.0157
vn -0.3321 -0.9431 0.0154
vn -0.2991 -0.9541 0.0151
vn -0.2675 -0.9635 0.0148
vn -0.2369 -0.9714 0.0146
vn -0.2073 -0.9782 0.0144
vn -0.1784 -0.9839 0.0142
vn -0.1502 -0.9886 0.0140
vn -0.1225 -0.9924 0.0139
vn -0.0952 -0.9954 0.0138
vn -0.0680 -0.9976 0.0137
vn -0.0409 -0.9991 0.0137
vn -0.0137 -0.9998 0.0137
vn 0.0138 -0.9998 0.0138
vn 0.0416 -0.9990 0.0139
vn 0.0699 -0.9975 0.0141
vn 0.0989 -0.9950 0.0143
vn 0.1287 -0.9916 0.0146
vn 0.1595 -0.9871 0.0149
vn 0.1916 -0.9814 0.0152
vn 0.2251 -0.9742 0.0156
vn 0.2603 -0.9654 0.0160
vn 0.2974 -0.9546 0.0165
vn 0.3366 -0.9415 0.0170
vn 0.3781 -0.9256 0.0176
vn 0.4222 -0.9063 0.0181
vn 0.4690 -0.8830 0.0187
vn 0.5185 -0.8549 0.0193
vn -0.4405 -0.8964 0.0483
vn -0.4030 -0.9140 0.0474
vn -0.3672 -0.9290 0.0465
vn -0.3329 -0.9419 0.0456
vn -0.2999 -0.9529 0.0448
vn -0.2682 -0.9623 0.0441
vn -0.2376 -0.9704 0.0435
vn -0.2080 -0.9772 0.0429
vn -0.1791 -0.9829 0.0424
vn -0.1508 -0.9877 0.0419
vn -0.1231 -0.9915 0.0416
vn -0.0956 -0.9946 0.0413
vn -0.0684 -0.9968 0.0412
vn -0.0411 -0.9983 0.0411
vn -0.0138 -0.9991 0.0412
vn 0.0138 -0.9990 0.0414
vn 0.0418 -0.9983 0.0418
vn 0.0702 -0.9966 0.0423
vn 0.0993 -0.9941 0.0429
vn 0.1293 -0.9906 0.0437
vn 0.1602 -0.9861 0.0445
vn 0.1924 -0.9803 0.0455
vn 0.2260 -0.9730 0.0466
vn 0.2612 -0.9641 0.0478
vn 0.2983 -0.9532 0.0491
vn 0.3375 -0.9400 0.0504
vn 0.3791 -0.9239 0.0519
vn 0.4231 -0.9045 0.0535
vn 0.4698 -0.8811 0.0552
vn 0.5192 -0.8528 0.0569
vn -0.4409 -0.8941 0.0790
vn -0.4036 -0.9117 0.0776
vn -0.3679 -0.9267 0.0762
vn -0.3337 -0.9397 0.0750
vn -0.3008 -0.9508 0.0739
vn -0.2692 -0.9603 0.0729
vn -0.2386 -0.9684 0.0720
vn -0.2090 -0.9753 0.0712
vn -0.1800 -0.9811 0.0705
vn -0.1517 -0.9859 0.0699
vn -0.1239 -0.9899 0.0694
vn -0.0963 -0.9930 0.0691
vn -0.0689 -0.9952 0.0689
vn -0.0415 -0.9968 0.0689
vn -0.0139 -0.9975 0.0690
vn 0.0140 -0.9975 0.0694
vn 0.0422 -0.9967 0.0700
vn 0.0708 -0.9950 0.0708
vn 0.1001 -0.9924 0.0718
vn 0.1301 -0.9888 0.0729
vn 0.1612 -0.9841 0.0743
vn 0.1934 -0.9782 0.0757
vn 0.2271 -0.9708 0.0774
vn 0.2623 -0.9617 0.0791
vn 0.2994 -0.9507 0.0811
vn 0.3386 -0.9373 0.0831
vn 0.3800 -0.9210 0.0854
vn 0.4238 -0.9015 0.0878
vn 0.4703 -0.8779 0.0904
vn 0.5193 -0.8495 0.0931
vn -0.4409 -0.8909 0.1088
vn -0.4039 -0.9085 0.1069
vn -0.3685 -0.9237 0.1053
vn -0.3344 -0.9367 0.1038
vn -0.3018 -0.9479 0.1025
vn -0.2702 -0.9574 0.1013
vn -0.2397 -0.9656 0.1003
vn -0.2101 -0.9726 0.0995
vn -0.1812 -0.9785 0.0987
vn -0.1528 -0.9834 0.0981
vn -0.1249 -0.9874 0.0975
vn -0.0972 -0.9905 0.0972
vn -0.0696 -0.9928 0.0970
vn -0.0419 -0.9944 0.0970
vn -0.0141 -0.9952 0.0973
vn 0.0141 -0.9951 0.0978
vn 0.0426 -0.9942 0.0986
vn 0.0715 -0.9924 0.0997
vn 0.1010 -0.9897 0.1010
vn 0.1312 -0.9860 0.1025
vn 0.1624 -0.9812 0.1042
vn 0.1947 -0.9751 0.1061
vn 0.2284 -0.9676 0.1081
vn 0.2636 -0.9583 0.1103
vn 0.3006 -0.9471 0.1127
vn 0.3396 -0.9335 0.1153
vn 0.3808 -0.9171 0.1182
vn 0.4244 -0.8973 0.1212
vn 0.4704 -0.8736 0.1245
vn 0.5190 -0.8451 0.1280
vn -0.4407 -0.8870 0.1379
vn -0.4041 -0.9046 0.1357
vn -0.3689 -0.9198 0.1338
vn -0.3352 -0.9328 0.1322
vn -0.3027 -0.9441 0.1309
vn -0.2713 -0.9537 0.1297
vn -0.2409 -0.9620 0.1287
vn -0.2114 -0.9690 0.1279
vn -0.1825 -0.9749 0.1272
vn -0.1541 -0.9799 0.1266
vn -0.1261 -0.9840 0.1261
vn -0.0983 -0.9872 0.1258
vn -0.0704 -0.9896 0.1257
vn -0.0425 -0.9911 0.1258
vn -0.0143 -0.9919 0.1262
vn 0.0143 -0.9918 0.1269
vn 0.0432 -0.9908 0.1279
vn 0.0724 -0.9890 0.1292
vn 0.1021 -0.9861 0.1308
vn 0.1326 -0.9823 0.1326
vn 0.1638 -0.9773 0.1345
vn 0.1962 -0.9710 0.1367
vn 0.2298 -0.9633 0.1390
vn 0.2649 -0.9538 0.1415
vn 0.3018 -0.9424 0.1443
vn 0.3406 -0.9286 0.1472
vn 0.3815 -0.9120 0.1505
vn 0.4247 -0.8921 0.1541
vn 0.4703 -0.8683 0.1579
vn 0.5182 -0.8397 0.1621
vn -0.4402 -0.8823 0.1666
vn -0.4040 -0.8999 0.1642
vn -0.3693 -0.9151 0.1622
vn -0.3358 -0.9281 0.1605
vn -0.3036 -0.9394 0.1592
vn -0.2724 -0.9491 0.1582
vn -0.2422 -0.9574 0.1573
vn -0.2128 -0.9645 0.1566
vn -0.1840 -0.9705 0.1561
vn -0.1556 -0.9755 0.1556
vn -0.1275 -0.9796 0.1553
vn -0.0995 -0.9829 0.1551
vn -0.0714 -0.9853 0.1551
vn -0.0432 -0.9869 0.1553
vn -0.0145 -0.9877 0.1559
vn 0.0146 -0.9875 0.1567
vn 0.0439 -0.9865 0.1580
vn 0.0735 -0.9845 0.1595
vn 0.1035 -0.9815 0.1613
vn 0.1341 -0.9774 0.1633
vn 0.1654 -0.9722 0.1654
vn 0.1978 -0.9658 0.1678
vn 0.2314 -0.9578 0.1703
vn 0.2663 -0.9482 0.1730
vn 0.3030 -0.9366 0.1759
vn 0.3415 -0.9227 0.1791
vn 0.3820 -0.9059 0.1826
vn 0.4247 -0.8859 0.1866
vn 0.4697 -0.8619 0.1909
vn 0.5169 -0.8334 0.1957
vn -0.4394 -0.8768 0.1953
vn -0.4038 -0.8943 0.1927
vn -0.3695 -0.9095 0.1906
vn -0.3364 -0.9226 0.1890
vn -0.3045 -0.9338 0.1878
vn -0.2735 -0.9435 0.1870
vn -0.2435 -0.9518 0.1863
vn -0.2143 -0.9589 0.1859
vn -0.1856 -0.9650 0.1856
vn -0.1572 -0.9700 0.1853
vn -0.1290 -0.9742 0.1852
vn -0.1009 -0.9775 0.1852
vn -0.0726 -0.9800 0.1854
vn -0.0440 -0.9816 0.1858
vn -0.0148 -0.9823 0.1865
vn 0.0149 -0.9821 0.1876
vn 0.0447 -0.9810 0.1890
vn 0.0747 -0.9788 0.1907
vn 0.1049 -0.9756 0.1927
vn 0.1357 -0.9714 0.1948
vn 0.1672 -0.9660 0.1971
vn 0.1995 -0.9594 0.1995
vn 0.2330 -0.9512 0.2021
vn 0.2678 -0.9415 0.2049
vn 0.3041 -0.9297 0.2079
vn 0.3423 -0.9156 0.2112
vn 0.3824 -0.8987 0.2149
vn 0.4246 -0.8785 0.2190
vn 0.4689 -0.8545 0.2237
vn 0.5152 -0.8259 0.2290
vn -0.4384 -0.8704 0.2242
vn -0.4034 -0.8878 0.2214
vn -0.3696 -0.9029 0.2194
vn -0.3369 -0.9160 0.2179
vn -0.3054 -0.9272 0.2169
vn -0.2747 -0.9369 0.2163
vn -0.2449 -0.9452 0.2160
vn -0.2159 -0.9523 0.2159
vn -0.1873 -0.9583 0.2159
vn -0.1589 -0.9634 0.2159
vn -0.1307 -0.9676 0.2161
vn -0.1024 -0.9709 0.2164
vn -0.0738 -0.9734 0.2168
vn -0.0448 -0.9751 0.2174
vn -0.0151 -0.9758 0.2183
vn 0.0152 -0.9755 0.2196
vn 0.0456 -0.9742 0.2212
vn 0.0760 -0.9718 0.2231
vn 0.1066 -0.9685 0.2251
vn 0.1375 -0.9640 0.2274
vn 0.1691 -0.9585 0.2297
vn 0.2014 -0.9516 0.2321
vn 0.2347 -0.9433 0.2347
vn 0.2693 -0.9333 0.2374
vn 0.3053 -0.9214 0.2404
vn 0.3431 -0.9072 0.2437
vn 0.3827 -0.8901 0.2474
vn 0.4242 -0.8699 0.2518
vn 0.4677 -0.8458 0.2567
vn 0.5130 -0.8173 0.2623
vn -0.4371 -0.8630 0.2534
vn -0.4029 -0.8803 0.2506
vn -0.3697 -0.8953 0.2486
vn -0.3375 -0.9082 0.2474
vn -0.3063 -0.9194 0.2467
vn -0.2760 -0.9290 0.2464
vn -0.2465 -0.9373 0.2465
vn -0.2176 -0.9443 0.2468
vn -0.1891 -0.9503 0.2471
vn -0.1608 -0.9554 0.2476
vn -0.1326 -0.9596 0.2481
vn -0.1041 -0.9630 0.2487
vn -0.0752 -0.9655 0.2494
vn -0.0458 -0.9671 0.2503
vn -0.0155 -0.9677 0.2514
vn 0.0156 -0.9674 0.2529
vn 0.0466 -0.9659 0.2547
vn 0.0774 -0.9634 0.2567
vn 0.1084 -0.9598 0.2589
vn 0.1395 -0.9552 0.2611
vn 0.1711 -0.9494 0.2634
vn 0.2034 -0.9423 0.2658
vn 0.2365 -0.9339 0.2683
vn 0.2709 -0.9237 0.2709
vn 0.3066 -0.9116 0.2737
vn 0.3439 -0.8973 0.2769
vn 0.3829 -0.8801 0.2806
vn 0.4237 -0.8598 0.2849
vn 0.4662 -0.8358 0.2900
vn 0.5103 -0.8075 0.2959
vn -0.4355 -0.8548 0.2821
vn -0.4022 -0.8718 0.2796
vn -0.3697 -0.8866 0.2781
vn -0.3381 -0.8993 0.2774
vn -0.3074 -0.9103 0.2772
vn -0.2775 -0.9198 0.2775
vn -0.2482 -0.9279 0.2781
vn -0.2195 -0.9349 0.2788
vn -0.1911 -0.9409 0.2797
vn -0.1629 -0.9459 0.2806
vn -0.1346 -0.9501 0.2815
vn -0.1059 -0.9534 0.2825
vn -0.0768 -0.9559 0.2835
vn -0.0468 -0.9575 0.2847
vn -0.0159 -0.9581 0.2861
vn 0.0160 -0.9575 0.2878
vn 0.0477 -0.9559 0.2898
vn 0.0790 -0.9532 0.2919
vn 0.1103 -0.9494 0.2941
vn 0.1417 -0.9445 0.2963
vn 0.1733 -0.9385 0.2986
vn 0.2056 -0.9313 0.3008
vn 0.2386 -0.9226 0.3031
vn 0.2727 -0.9123 0.3054
vn 0.3080 -0.9001 0.3080
vn 0.3448 -0.8857 0.3109
vn 0.3831 -0.8686 0.3142
vn 0.4230 -0.8484 0.3182
vn 0.4644 -0.8247 0.3229
vn 0.5073 -0.7967 0.3285
vn -0.4337 -0.8459 0.3104
vn -0.4012 -0.8625 0.3085
vn -0.3695 -0.8767 0.3078
vn -0.3387 -0.8890 0.3080
vn -0.3087 -0.8997 0.3087
vn -0.2793 -0.9089 0.3097
vn -0.2503 -0.9169 0.3109
vn -0.2218 -0.9238 0.3122
vn -0.1935 -0.9296 0.3136
vn -0.1652 -0.9346 0.3150
vn -0.1368 -0.9387 0.3164
vn -0.1079 -0.9420 0.3178
vn -0.0784 -0.9444 0.3193
vn -0.0479 -0.9459 0.3208
vn -0.0163 -0.9464 0.3225
vn 0.0164 -0.9457 0.3245
vn 0.0488 -0.9439 0.3266
vn 0.0807 -0.9409 0.3288
vn 0.1124 -0.9369 0.3310
vn 0.1440 -0.9318 0.3332
vn 0.1758 -0.9256 0.3352
vn 0.2081 -0.9181 0.3373
vn 0.2410 -0.9093 0.3393
vn 0.2749 -0.8989 0.3413
vn 0.3098 -0.8866 0.3435
vn 0.3458 -0.8722 0.3458
vn 0.3832 -0.8554 0.3484
vn 0.4220 -0.8357 0.3515
vn 0.4623 -0.8124 0.3554
vn 0.5038 -0.7850 0.3605
vn -0.4316 -0.8360 0.3388
vn -0.4001 -0.8519 0.3378
vn -0.3694 -0.8655 0.3382
vn -0.3395 -0.8772 0.3395
vn -0.3103 -0.8873 0.3412
vn -0.2815 -0.8961 0.3431
vn -0.2529 -0.9039 0.3451
vn -0.2244 -0.9106 0.3471
vn -0.1961 -0.9163 0.3491
vn -0.1679 -0.9212 0.3511
vn -0.1393 -0.9252 0.3531
vn -0.1101 -0.9284 0.3550
vn -0.0802 -0.9307 0.3569
vn -0.0492 -0.9321 0.3588
vn -0.0168 -0.9325 0.3609
vn 0.0169 -0.9316 0.3631
vn 0.0501 -0.9295 0.3654
vn 0.0826 -0.9263 0.3676
vn 0.1147 -0.9220 0.3697
vn 0.1467 -0.9167 0.3718
vn 0.1786 -0.9102 0.3736
vn 0.2109 -0.9025 0.3754
vn 0.2438 -0.8935 0.3770
vn 0.2775 -0.8829 0.3787
vn 0.3119 -0.8707 0.3803
vn 0.3472 -0.8566 0.3818
vn 0.3834 -0.8402 0.3834
vn 0.4209 -0.8212 0.3854
vn 0.4599 -0.7987 0.3882
vn 0.4999 -0.7721 0.3924
vn -0.4293 -0.8253 0.3669
vn -0.3990 -0.8401 0.3674
vn -0.3694 -0.8527 0.3694
vn -0.3407 -0.8634 0.3721
vn -0.3124 -0.8728 0.3750
vn -0.2843 -0.8811 0.3779
vn -0.2561 -0.8885 0.3807
vn -0.2276 -0.8950 0.3835
vn -0.1993 -0.9006 0.3863
vn -0.1708 -0.9053 0.3890
vn -0.1420 -0.9091 0.3915
vn -0.1126 -0.9122 0.3940
vn -0.0821 -0.9144 0.3965
vn -0.0505 -0.9156 0.3989
vn -0.0172 -0.9158 0.4013
vn 0.0173 -0.9147 0.4038
vn 0.0514 -0.9123 0.4062
vn 0.0846 -0.9088 0.4085
vn 0.1173 -0.9043 0.4105
vn 0.1496 -0.8987 0.4123
vn 0.1818 -0.8920 0.4139
vn 0.2142 -0.8841 0.4153
vn 0.2472 -0.8749 0.4165
vn 0.2808 -0.8642 0.4175
vn 0.3147 -0.8520 0.4184
vn 0.3490 -0.8383 0.4190
vn 0.3840 -0.8226 0.4194
vn 0.4200 -0.8045 0.4200
vn 0.4572 -0.7834 0.4210
vn 0.4956 -0.7583 0.4235
vn -0.4269 -0.8133 0.3953
vn -0.3979 -0.8267 0.3979
vn -0.3700 -0.8376 0.4018
vn -0.3427 -0.8472 0.4059
vn -0.3152 -0.8559 0.4100
vn -0.2878 -0.8636 0.4140
vn -0.2599 -0.8706 0.4178
vn -0.2314 -0.8768 0.4216
vn -0.2029 -0.8821 0.4252
vn -0.1742 -0.8865 0.4287
vn -0.1451 -0.8901 0.4320
vn -0.1152 -0.8929 0.4352
vn -0.0842 -0.8949 0.4382
vn -0.0518 -0.8959 0.4412
vn -0.0177 -0.8958 0.4441
vn 0.0178 -0.8944 0.4468
vn 0.0528 -0.8918 0.4494
vn 0.0868 -0.8880 0.4515
vn 0.1200 -0.8832 0.4534
vn 0.1528 -0.8773 0.4549
vn 0.1854 -0.8704 0.4561
vn 0.2180 -0.8623 0.4570
vn 0.2511 -0.8530 0.4575
vn 0.2848 -0.8422 0.4578
vn 0.3183 -0.8301 0.4578
vn 0.3517 -0.8168 0.4574
vn 0.3855 -0.8018 0.4566
vn 0.4195 -0.7851 0.4556
vn 0.4545 -0.7661 0.4545
vn 0.4911 -0.7430 0.4547
vn -0.4256 -0.7986 0.4256
vn -0.3980 -0.8104 0.4298
vn -0.3720 -0.8198 0.4353
vn -0.3460 -0.8282 0.4408
vn -0.3193 -0.8361 0.4461
vn -0.2923 -0.8431 0.4513
vn -0.2646 -0.8496 0.4564
vn -0.2359 -0.8553 0.4613
vn -0.2071 -0.8602 0.4659
vn -0.1780 -0.8643 0.4704
vn -0.1485 -0.8676 0.4746
vn -0.1180 -0.8701 0.4785
vn -0.0864 -0.8717 0.4823
vn -0.0533 -0.8724 0.4858
vn -0.0182 -0.8720 0.4892
vn 0.0184 -0.8703 0.4922
vn 0.0543 -0.8673 0.4948
vn 0.0890 -0.8632 0.4969
vn 0.1230 -0.8581 0.4985
vn 0.1563 -0.8520 0.4996
vn 0.1894 -0.8449 0.5002
vn 0.2224 -0.8367 0.5005
vn 0.2558 -0.8272 0.5002
vn 0.2896 -0.8164 0.4996
vn 0.3228 -0.8046 0.4985
vn 0.3556 -0.7916 0.4969
vn 0.3884 -0.7774 0.4948
vn 0.4207 -0.7621 0.4923
vn 0.4532 -0.7450 0.4894
vn 0.4878 -0.7239 0.4878
vn -0.4277 -0.7963 -0.4277
vn -0.4046 -0.8057 -0.4327
vn -0.3798 -0.8147 -0.4382
vn -0.3562 -0.8220 -0.4443
vn -0.3324 -0.8285 -0.4506
vn -0.3070 -0.8350 -0.4567
vn -0.2813 -0.8409 -0.4624
vn -0.2547 -0.8462 -0.4680
vn -0.2271 -0.8510 -0.4735
vn -0.1994 -0.8551 -0.4786
vn -0.1715 -0.8584 -0.4834
vn -0.1430 -0.8611 -0.4879
vn -0.1137 -0.8631 -0.4921
vn -0.0833 -0.8643 -0.4961
vn -0.0514 -0.8646 -0.4998
vn -0.0176 -0.8640 -0.5032
vn 0.0177 -0.8622 -0.5062
vn 0.0523 -0.8594 -0.5087
vn 0.0857 -0.8556 -0.5105
vn 0.1182 -0.8510 -0.5117
vn 0.1502 -0.8455 -0.5124
vn 0.1818 -0.8391 -0.5127
vn 0.2135 -0.8318 -0.5124
vn 0.2455 -0.8234 -0.5117
vn 0.2778 -0.8138 -0.5104
vn 0.3094 -0.8035 -0.5086
vn 0.3404 -0.7923 -0.5063
vn 0.3714 -0.7800 -0.5036
vn 0.4009 -0.7677 -0.5000
vn 0.4302 -0.7540 -0.4964
vn 0.4612 -0.7375 -0.4933
vn 0.4903 -0.7206 -0.4903
vn 0.4964 -0.7336 -0.4642
vn 0.5031 -0.7462 -0.4360
vn 0.5104 -0.7564 -0.4092
vn 0.5178 -0.7656 -0.3819
vn 0.5247 -0.7748 -0.3527
vn 0.5312 -0.7832 -0.3231
vn 0.5374 -0.7910 -0.2924
vn 0.5432 -0.7982 -0.2606
vn 0.5485 -0.8043 -0.2285
vn 0.5532 -0.8096 -0.1962
vn 0.5575 -0.8139 -0.1634
vn 0.5612 -0.8174 -0.1297
vn 0.5645 -0.8200 -0.0948
vn 0.5672 -0.8215 -0.0583
vn 0.5692 -0.8219 -0.0199
vn 0.5706 -0.8210 0.0200
vn 0.5711 -0.8188 0.0587
vn 0.5709 -0.8154 0.0958
vn 0.5700 -0.8110 0.1317
vn 0.5684 -0.8057 0.1666
vn 0.5662 -0.7994 0.2008
vn 0.5634 -0.7922 0.2347
vn 0.5599 -0.7838 0.2686
vn 0.5558 -0.7743 0.3025
vn 0.5512 -0.7641 0.3352
vn 0.5460 -0.7531 0.3670
vn 0.5403 -0.7411 0.3985
vn 0.5339 -0.7292 0.4280
vn 0.5275 -0.7161 0.4572
vn 0.5216 -0.7001 0.4877
vn 0.5161 -0.6836 0.5161
vn 0.4863 -0.7022 0.5201
vn 0.4543 -0.7203 0.5242
vn 0.4240 -0.7353 0.5288
vn 0.3934 -0.7489 0.5333
vn 0.3610 -0.7624 0.5370
vn 0.3285 -0.7749 0.5401
vn 0.2953 -0.7864 0.5425
vn 0.2612 -0.7971 0.5444
vn 0.2273 -0.8066 0.5456
vn 0.1938 -0.8149 0.5463
vn 0.1601 -0.8221 0.5463
vn 0.1261 -0.8284 0.5457
vn 0.0914 -0.8338 0.5445
vn 0.0557 -0.8381 0.5426
vn 0.0189 -0.8415 0.5400
vn -0.0188 -0.8436 0.5367
vn -0.0547 -0.8445 0.5328
vn -0.0887 -0.8442 0.5286
vn -0.1211 -0.8430 0.5240
vn -0.1522 -0.8410 0.5192
vn -0.1823 -0.8382 0.5140
vn -0.2118 -0.8347 0.5084
vn -0.2410 -0.8303 0.5025
vn -0.2700 -0.8252 0.4962
vn -0.2978 -0.8195 0.4897
vn -0.3247 -0.8132 0.4830
vn -0.3512 -0.8062 0.4761
vn -0.3759 -0.7993 0.4688
vn -0.4002 -0.7916 0.4618
vn -0.4258 -0.7819 0.4554
vn -0.4496 -0.7719 0.4496
vn -0.4525 -0.7850 0.4231
vn -0.4558 -0.7976 0.3950
vn -0.4596 -0.8081 0.3685
vn -0.4634 -0.8175 0.3419
vn -0.4667 -0.8269 0.3137
vn -0.4697 -0.8354 0.2857
vn -0.4722 -0.8432 0.2570
vn -0.4745 -0.8503 0.2276
vn -0.4763 -0.8566 0.1984
vn -0.4778 -0.8620 0.1695
vn -0.4788 -0.8666 0.1403
vn -0.4795 -0.8705 0.1108
vn -0.4799 -0.8736 0.0806
vn -0.4798 -0.8760 0.0493
vn -0.4792 -0.8775 0.0168
vn -0.4782 -0.8781 -0.0167
vn -0.4768 -0.8777 -0.0490
vn -0.4750 -0.8764 -0.0797
vn -0.4729 -0.8743 -0.1093
vn -0.4705 -0.8715 -0.1379
vn -0.4678 -0.8681 -0.1659
vn -0.4648 -0.8640 -0.1936
vn -0.4615 -0.8591 -0.2214
vn -0.4578 -0.8535 -0.2491
vn -0.4538 -0.8472 -0.2760
vn -0.4497 -0.8405 -0.3023
vn -0.4452 -0.8330 -0.3284
vn -0.4404 -0.8255 -0.3531
vn -0.4357 -0.8171 -0.3776
vn -0.4315 -0.8069 -0.4034
vn 0.5535 -0.6760 -0.4865
vn 0.5803 -0.6403 -0.5032
vn 0.6039 -0.6039 -0.5202
vn 0.6265 -0.5651 -0.5368
vn 0.6487 -0.5226 -0.5532
vn 0.6698 -0.4773 -0.5689
vn 0.6899 -0.4282 -0.5837
vn 0.7087 -0.3750 -0.5976
vn 0.7252 -0.3194 -0.6099
vn 0.7394 -0.2616 -0.6204
vn 0.7510 -0.2013 -0.6289
vn 0.7598 -0.1383 -0.6352
vn 0.7656 -0.0726 -0.6392
vn 0.7679 -0.0039 -0.6405
vn 0.7664 0.0673 -0.6388
vn 0.7606 0.1397 -0.6340
vn 0.7512 0.2078 -0.6265
vn 0.7390 0.2706 -0.6170
vn 0.7246 0.3284 -0.6058
vn 0.7086 0.3819 -0.5934
vn 0.6910 0.4316 -0.5798
vn 0.6723 0.4779 -0.5654
vn 0.6523 0.5214 -0.5501
vn 0.6314 0.5621 -0.5342
vn 0.6102 0.5992 -0.5183
vn 0.5891 0.6329 -0.5024
vn 0.5676 0.6642 -0.4864
vn 0.5465 0.6927 -0.4707
vn 0.5249 0.7192 -0.4552
vn 0.5012 0.7448 -0.4405
vn 0.5699 -0.6825 -0.4576
vn 0.6001 -0.6451 -0.4730
vn 0.6274 -0.6060 -0.4890
vn 0.6532 -0.5645 -0.5046
vn 0.6778 -0.5201 -0.5197
vn 0.7009 -0.4729 -0.5339
vn 0.7227 -0.4222 -0.5473
vn 0.7427 -0.3679 -0.5595
vn 0.7602 -0.3113 -0.5703
vn 0.7750 -0.2526 -0.5793
vn 0.7870 -0.1915 -0.5865
vn 0.7960 -0.1279 -0.5916
vn 0.8017 -0.0618 -0.5946
vn 0.8036 0.0068 -0.5951
vn 0.8015 0.0778 -0.5929
vn 0.7949 0.1495 -0.5881
vn 0.7845 0.2169 -0.5809
vn 0.7713 0.2792 -0.5720
vn 0.7558 0.3366 -0.5617
vn 0.7385 0.3897 -0.5503
vn 0.7197 0.4389 -0.5380
vn 0.6996 0.4849 -0.5248
vn 0.6783 0.5281 -0.5110
vn 0.6558 0.5685 -0.4967
vn 0.6331 0.6056 -0.4822
vn 0.6100 0.6396 -0.4677
vn 0.5866 0.6713 -0.4531
vn 0.5627 0.7007 -0.4386
vn 0.5382 0.7283 -0.4242
vn 0.5119 0.7543 -0.4110
vn 0.5829 -0.6901 -0.4290
vn 0.6165 -0.6512 -0.4425
vn 0.6478 -0.6096 -0.4568
vn 0.6769 -0.5656 -0.4711
vn 0.7040 -0.5190 -0.4848
vn 0.7292 -0.4697 -0.4977
vn 0.7525 -0.4172 -0.5096
vn 0.7736 -0.3617 -0.5204
vn 0.7919 -0.3039 -0.5297
vn 0.8072 -0.2441 -0.5374
vn 0.8195 -0.1822 -0.5433
vn 0.8285 -0.1180 -0.5474
vn 0.8340 -0.0515 -0.5494
vn 0.8355 0.0171 -0.5492
vn 0.8327 0.0876 -0.5467
vn 0.8254 0.1585 -0.5419
vn 0.8142 0.2252 -0.5352
vn 0.8000 0.2869 -0.5270
vn 0.7835 0.3439 -0.5176
vn 0.7651 0.3967 -0.5072
vn 0.7451 0.4458 -0.4960
vn 0.7238 0.4916 -0.4842
vn 0.7012 0.5346 -0.4717
vn 0.6775 0.5749 -0.4588
vn 0.6530 0.6123 -0.4457
vn 0.6281 0.6468 -0.4325
vn 0.6025 0.6791 -0.4193
vn 0.5761 0.7093 -0.4062
vn 0.5486 0.7376 -0.3937
vn 0.5198 0.7638 -0.3826
vn 0.5948 -0.6973 -0.4001
vn 0.6314 -0.6572 -0.4117
vn 0.6658 -0.6138 -0.4242
vn 0.6977 -0.5677 -0.4369
vn 0.7273 -0.5189 -0.4491
vn 0.7546 -0.4674 -0.4606
vn 0.7793 -0.4131 -0.4711
vn 0.8014 -0.3561 -0.4805
vn 0.8204 -0.2972 -0.4885
vn 0.8362 -0.2363 -0.4949
vn 0.8486 -0.1734 -0.4998
vn 0.8576 -0.1085 -0.5028
vn 0.8627 -0.0418 -0.5040
vn 0.8637 0.0267 -0.5033
vn 0.8603 0.0967 -0.5005
vn 0.8523 0.1667 -0.4959
vn 0.8403 0.2327 -0.4896
vn 0.8253 0.2939 -0.4822
vn 0.8079 0.3506 -0.4737
vn 0.7885 0.4032 -0.4644
vn 0.7676 0.4522 -0.4543
vn 0.7451 0.4980 -0.4437
vn 0.7214 0.5409 -0.4325
vn 0.6963 0.5813 -0.4210
vn 0.6704 0.6189 -0.4093
vn 0.6436 0.6541 -0.3974
vn 0.6160 0.6869 -0.3857
vn 0.5873 0.7177 -0.3742
vn 0.5575 0.7463 -0.3635
vn 0.5267 0.7727 -0.3543
vn 0.6061 -0.7041 -0.3699
vn 0.6451 -0.6628 -0.3802
vn 0.6820 -0.6180 -0.3912
vn 0.7164 -0.5700 -0.4023
vn 0.7482 -0.5192 -0.4130
vn 0.7773 -0.4657 -0.4230
vn 0.8034 -0.4097 -0.4321
vn 0.8263 -0.3513 -0.4401
vn 0.8459 -0.2911 -0.4469
vn 0.8620 -0.2290 -0.4522
vn 0.8745 -0.1651 -0.4560
vn 0.8833 -0.0996 -0.4581
vn 0.8880 -0.0325 -0.4586
vn 0.8885 0.0358 -0.4574
vn 0.8845 0.1052 -0.4546
vn 0.8758 0.1742 -0.4501
vn 0.8632 0.2394 -0.4444
vn 0.8475 0.3001 -0.4377
vn 0.8294 0.3565 -0.4302
vn 0.8091 0.4091 -0.4219
vn 0.7872 0.4581 -0.4129
vn 0.7637 0.5039 -0.4035
vn 0.7389 0.5470 -0.3936
vn 0.7127 0.5875 -0.3833
vn 0.6853 0.6255 -0.3730
vn 0.6569 0.6611 -0.3626
vn 0.6275 0.6944 -0.3523
vn 0.5970 0.7255 -0.3424
vn 0.5654 0.7545 -0.3333
vn 0.5330 0.7811 -0.3253
vn 0.6167 -0.7104 -0.3392
vn 0.6577 -0.6679 -0.3483
vn 0.6967 -0.6218 -0.3577
vn 0.7333 -0.5723 -0.3672
vn 0.7670 -0.5197 -0.3764
vn 0.7975 -0.4644 -0.3850
vn 0.8248 -0.4068 -0.3928
vn 0.8485 -0.3470 -0.3995
vn 0.8686 -0.2854 -0.4051
vn 0.8849 -0.2221 -0.4093
vn 0.8974 -0.1573 -0.4122
vn 0.9059 -0.0911 -0.4135
vn 0.9102 -0.0238 -0.4135
vn 0.9101 0.0444 -0.4119
vn 0.9055 0.1130 -0.4090
vn 0.8963 0.1811 -0.4048
vn 0.8832 0.2455 -0.3997
vn 0.8669 0.3057 -0.3938
vn 0.8480 0.3619 -0.3871
vn 0.8270 0.4144 -0.3798
vn 0.8042 0.4635 -0.3720
vn 0.7798 0.5095 -0.3637
vn 0.7540 0.5527 -0.3550
vn 0.7267 0.5934 -0.3461
vn 0.6982 0.6316 -0.3370
vn 0.6684 0.6676 -0.3280
vn 0.6374 0.7013 -0.3192
vn 0.6054 0.7327 -0.3108
vn 0.5724 0.7619 -0.3031
vn 0.5386 0.7888 -0.2963
vn 0.6267 -0.7161 -0.3074
vn 0.6695 -0.6725 -0.3154
vn 0.7103 -0.6251 -0.3235
vn 0.7485 -0.5742 -0.3316
vn 0.7837 -0.5201 -0.3394
vn 0.8155 -0.4633 -0.3467
vn 0.8437 -0.4042 -0.3532
vn 0.8681 -0.3430 -0.3588
vn 0.8886 -0.2801 -0.3633
vn 0.9051 -0.2157 -0.3665
vn 0.9175 -0.1500 -0.3685
vn 0.9256 -0.0832 -0.3692
vn 0.9295 -0.0156 -0.3686
vn 0.9288 0.0523 -0.3668
vn 0.9236 0.1203 -0.3639
vn 0.9139 0.1873 -0.3601
vn 0.9003 0.2510 -0.3555
vn 0.8836 0.3107 -0.3504
vn 0.8641 0.3667 -0.3446
vn 0.8425 0.4192 -0.3384
vn 0.8189 0.4684 -0.3316
vn 0.7937 0.5146 -0.3245
vn 0.7669 0.5580 -0.3170
vn 0.7387 0.5989 -0.3093
vn 0.7091 0.6374 -0.3015
vn 0.6782 0.6736 -0.2937
vn 0.6461 0.7076 -0.2862
vn 0.6128 0.7393 -0.2791
vn 0.5786 0.7687 -0.2726
vn 0.5436 0.7958 -0.2667
vn 0.6360 -0.7213 -0.2743
vn 0.6805 -0.6766 -0.2814
vn 0.7228 -0.6280 -0.2885
vn 0.7623 -0.5758 -0.2955
vn 0.7987 -0.5204 -0.3021
vn 0.8315 -0.4623 -0.3082
vn 0.8604 -0.4017 -0.3136
vn 0.8853 -0.3392 -0.3180
vn 0.9061 -0.2751 -0.3214
vn 0.9226 -0.2095 -0.3238
vn 0.9349 -0.1429 -0.3249
vn 0.9427 -0.0756 -0.3250
vn 0.9460 -0.0080 -0.3241
vn 0.9448 0.0597 -0.3222
vn 0.9391 0.1270 -0.3194
vn 0.9289 0.1930 -0.3160
vn 0.9150 0.2559 -0.3120
vn 0.8978 0.3152 -0.3076
vn 0.8779 0.3710 -0.3027
vn 0.8557 0.4234 -0.2974
vn 0.8315 0.4728 -0.2918
vn 0.8055 0.5191 -0.2858
vn 0.7779 0.5628 -0.2795
vn 0.7489 0.6039 -0.2729
vn 0.7184 0.6426 -0.2663
vn 0.6866 0.6791 -0.2597
vn 0.6535 0.7133 -0.2533
vn 0.6193 0.7452 -0.2472
vn 0.5841 0.7749 -0.2416
vn 0.5481 0.8023 -0.2364
vn 0.6444 -0.7258 -0.2408
vn 0.6903 -0.6801 -0.2471
vn 0.7338 -0.6304 -0.2532
vn 0.7745 -0.5771 -0.2591
vn 0.8118 -0.5205 -0.2646
vn 0.8455 -0.4610 -0.2695
vn 0.8751 -0.3992 -0.2737
vn 0.9004 -0.3354 -0.2771
vn 0.9214 -0.2701 -0.2796
vn 0.9379 -0.2036 -0.2810
vn 0.9498 -0.1363 -0.2816
vn 0.9572 -0.0685 -0.2812
vn 0.9600 -0.0008 -0.2800
vn 0.9583 0.0665 -0.2780
vn 0.9521 0.1331 -0.2754
vn 0.9415 0.1983 -0.2724
vn 0.9273 0.2604 -0.2690
vn 0.9098 0.3192 -0.2653
vn 0.8895 0.3748 -0.2613
vn 0.8669 0.4272 -0.2570
vn 0.8421 0.4766 -0.2523
vn 0.8155 0.5232 -0.2474
vn 0.7873 0.5670 -0.2423
vn 0.7575 0.6084 -0.2369
vn 0.7262 0.6473 -0.2315
vn 0.6936 0.6840 -0.2260
vn 0.6597 0.7184 -0.2207
vn 0.6247 0.7505 -0.2156
vn 0.5887 0.7804 -0.2107
vn 0.5518 0.8081 -0.2062
vn 0.6518 -0.7296 -0.2070
vn 0.6989 -0.6830 -0.2123
vn 0.7436 -0.6323 -0.2174
vn 0.7852 -0.5780 -0.2222
vn 0.8234 -0.5202 -0.2266
vn 0.8577 -0.4596 -0.2304
vn 0.8878 -0.3965 -0.2335
vn 0.9134 -0.3316 -0.2359
vn 0.9345 -0.2652 -0.2375
vn 0.9508 -0.1978 -0.2383
vn 0.9625 -0.1299 -0.2383
vn 0.9694 -0.0619 -0.2376
vn 0.9717 0.0059 -0.2363
vn 0.9694 0.0728 -0.2344
vn 0.9628 0.1388 -0.2320
vn 0.9519 0.2030 -0.2294
vn 0.9374 0.2645 -0.2266
vn 0.9197 0.3229 -0.2236
vn 0.8991 0.3782 -0.2204
vn 0.8761 0.4305 -0.2169
vn 0.8510 0.4800 -0.2133
vn 0.8239 0.5267 -0.2094
vn 0.7950 0.5708 -0.2053
vn 0.7646 0.6123 -0.2011
vn 0.7327 0.6515 -0.1968
vn 0.6994 0.6883 -0.1924
vn 0.6648 0.7229 -0.1881
vn 0.6291 0.7552 -0.1840
vn 0.5924 0.7853 -0.1800
vn 0.5548 0.8131 -0.1762
vn 0.6584 -0.7326 -0.1725
vn 0.7066 -0.6852 -0.1768
vn 0.7522 -0.6337 -0.1809
vn 0.7947 -0.5783 -0.1846
vn 0.8336 -0.5195 -0.1879
vn 0.8684 -0.4578 -0.1907
vn 0.8988 -0.3937 -0.1929
vn 0.9246 -0.3277 -0.1944
vn 0.9455 -0.2604 -0.1953
vn 0.9617 -0.1923 -0.1955
vn 0.9729 -0.1239 -0.1952
vn 0.9794 -0.0556 -0.1942
vn 0.9812 0.0120 -0.1929
vn 0.9784 0.0786 -0.1911
vn 0.9714 0.1439 -0.1891
vn 0.9602 0.2074 -0.1870
vn 0.9455 0.2682 -0.1847
vn 0.9276 0.3261 -0.1823
vn 0.9068 0.3812 -0.1798
vn 0.8836 0.4335 -0.1772
vn 0.8581 0.4830 -0.1745
vn 0.8306 0.5298 -0.1716
vn 0.8013 0.5740 -0.1685
vn 0.7704 0.6157 -0.1653
vn 0.7380 0.6551 -0.1620
vn 0.7041 0.6921 -0.1587
vn 0.6690 0.7268 -0.1554
vn 0.6327 0.7593 -0.1522
vn 0.5954 0.7895 -0.1490
vn 0.5572 0.8174 -0.1460
vn 0.6642 -0.7349 -0.1370
vn 0.7132 -0.6868 -0.1403
vn 0.7596 -0.6344 -0.1434
vn 0.8028 -0.5781 -0.1461
vn 0.8422 -0.5184 -0.1484
vn 0.8774 -0.4557 -0.1502
vn 0.9080 -0.3906 -0.1516
vn 0.9338 -0.3238 -0.1524
vn 0.9546 -0.2557 -0.1527
vn 0.9704 -0.1871 -0.1526
vn 0.9813 -0.1183 -0.1520
vn 0.9873 -0.0499 -0.1510
vn 0.9886 0.0176 -0.1498
vn 0.9854 0.0839 -0.1483
vn 0.9780 0.1486 -0.1466
vn 0.9666 0.2114 -0.1449
vn 0.9517 0.2716 -0.1432
vn 0.9336 0.3292 -0.1415
vn 0.9127 0.3840 -0.1396
vn 0.8893 0.4361 -0.1378
vn 0.8636 0.4856 -0.1358
vn 0.8358 0.5325 -0.1337
vn 0.8062 0.5768 -0.1316
vn 0.7749 0.6187 -0.1294
vn 0.7421 0.6581 -0.1270
vn 0.7078 0.6953 -0.1247
vn 0.6723 0.7301 -0.1223
vn 0.6355 0.7627 -0.1199
vn 0.5977 0.7930 -0.1176
vn 0.5590 0.8211 -0.1153
vn 0.6691 -0.7364 -0.1001
vn 0.7188 -0.6876 -0.1024
vn 0.7659 -0.6345 -0.1045
vn 0.8095 -0.5774 -0.1063
vn 0.8493 -0.5168 -0.1077
vn 0.8847 -0.4533 -0.1088
vn 0.9154 -0.3875 -0.1095
vn 0.9411 -0.3199 -0.1098
vn 0.9617 -0.2513 -0.1098
vn 0.9772 -0.1822 -0.1094
vn 0.9876 -0.1132 -0.1088
vn 0.9931 -0.0448 -0.1079
vn 0.9940 0.0226 -0.1069
vn 0.9904 0.0886 -0.1057
vn 0.9827 0.1528 -0.1045
vn 0.9711 0.2150 -0.1033
vn 0.9561 0.2748 -0.1021
vn 0.9379 0.3320 -0.1008
vn 0.9169 0.3866 -0.0996
vn 0.8933 0.4386 -0.0984
vn 0.8674 0.4880 -0.0972
vn 0.8395 0.5348 -0.0959
vn 0.8097 0.5792 -0.0945
vn 0.7781 0.6212 -0.0931
vn 0.7450 0.6607 -0.0916
vn 0.7104 0.6980 -0.0901
vn 0.6745 0.7329 -0.0886
vn 0.6375 0.7656 -0.0870
vn 0.5993 0.7960 -0.0854
vn 0.5602 0.8241 -0.0838
vn 0.6730 -0.7371 -0.0616
vn 0.7233 -0.6876 -0.0629
vn 0.7708 -0.6339 -0.0641
vn 0.8148 -0.5761 -0.0651
vn 0.8547 -0.5149 -0.0658
vn 0.8902 -0.4507 -0.0663
vn 0.9208 -0.3843 -0.0665
vn 0.9464 -0.3162 -0.0665
vn 0.9667 -0.2472 -0.0663
vn 0.9819 -0.1778 -0.0660
vn 0.9919 -0.1086 -0.0655
vn 0.9971 -0.0402 -0.0648
vn 0.9976 0.0270 -0.0641
vn 0.9937 0.0927 -0.0634
vn 0.9857 0.1566 -0.0626
vn 0.9739 0.2184 -0.0619
vn 0.9587 0.2778 -0.0611
vn 0.9404 0.3347 -0.0604
vn 0.9193 0.3891 -0.0598
vn 0.8956 0.4409 -0.0591
vn 0.8697 0.4902 -0.0584
vn 0.8416 0.5370 -0.0578
vn 0.8116 0.5814 -0.0571
vn 0.7799 0.6233 -0.0563
vn 0.7466 0.6629 -0.0556
vn 0.7119 0.7002 -0.0548
vn 0.6758 0.7351 -0.0540
vn 0.6384 0.7678 -0.0531
vn 0.6000 0.7983 -0.0522
vn 0.5606 0.8265 -0.0513
vn 0.6759 -0.7367 -0.0210
vn 0.7265 -0.6869 -0.0215
vn 0.7741 -0.6326 -0.0218
vn 0.8183 -0.5744 -0.0221
vn 0.8583 -0.5127 -0.0223
vn 0.8937 -0.4481 -0.0224
vn 0.9242 -0.3812 -0.0224
vn 0.9496 -0.3128 -0.0224
vn 0.9696 -0.2435 -0.0223
vn 0.9845 -0.1740 -0.0221
vn 0.9943 -0.1047 -0.0219
vn 0.9991 -0.0363 -0.0216
vn 0.9993 0.0308 -0.0214
vn 0.9951 0.0963 -0.0211
vn 0.9869 0.1600 -0.0209
vn 0.9749 0.2215 -0.0206
vn 0.9596 0.2806 -0.0204
vn 0.9412 0.3373 -0.0201
vn 0.9200 0.3915 -0.0199
vn 0.8962 0.4431 -0.0197
vn 0.8702 0.4923 -0.0195
vn 0.8421 0.5390 -0.0193
vn 0.8120 0.5833 -0.0191
vn 0.7802 0.6252 -0.0189
vn 0.7469 0.6647 -0.0187
vn 0.7120 0.7019 -0.0185
vn 0.6758 0.7369 -0.0183
vn 0.6384 0.7695 -0.0180
vn 0.5998 0.7999 -0.0177
vn 0.5603 0.8281 -0.0174
vn 0.6774 -0.7353 0.0211
vn 0.7280 -0.6852 0.0215
vn 0.7757 -0.6307 0.0219
vn 0.8198 -0.5722 0.0221
vn 0.8597 -0.5103 0.0223
vn 0.8950 -0.4455 0.0224
vn 0.9254 -0.3784 0.0225
vn 0.9505 -0.3099 0.0224
vn 0.9704 -0.2405 0.0223
vn 0.9850 -0.1709 0.0221
vn 0.9946 -0.1016 0.0219
vn 0.9992 -0.0332 0.0216
vn 0.9992 0.0339 0.0214
vn 0.9948 0.0994 0.0211
vn 0.9864 0.1629 0.0208
vn 0.9743 0.2243 0.0206
vn 0.9588 0.2833 0.0203
vn 0.9403 0.3399 0.0201
vn 0.9189 0.3939 0.0199
vn 0.8951 0.4454 0.0197
vn 0.8690 0.4945 0.0195
vn 0.8408 0.5410 0.0193
vn 0.8107 0.5851 0.0191
vn 0.7789 0.6269 0.0189
vn 0.7455 0.6662 0.0187
vn 0.7107 0.7033 0.0185
vn 0.6745 0.7381 0.0182
vn 0.6371 0.7706 0.0180
vn 0.5986 0.8008 0.0177
vn 0.5592 0.8289 0.0174
vn 0.6775 -0.7329 0.0620
vn 0.7279 -0.6828 0.0633
vn 0.7753 -0.6283 0.0645
vn 0.8192 -0.5698 0.0654
vn 0.8589 -0.5078 0.0661
vn 0.8940 -0.4430 0.0665
vn 0.9242 -0.3760 0.0667
vn 0.9492 -0.3075 0.0667
vn 0.9690 -0.2381 0.0665
vn 0.9835 -0.1685 0.0661
vn 0.9929 -0.0992 0.0655
vn 0.9974 -0.0308 0.0649
vn 0.9973 0.0363 0.0641
vn 0.9928 0.1018 0.0633
vn 0.9842 0.1654 0.0625
vn 0.9720 0.2269 0.0617
vn 0.9563 0.2859 0.0610
vn 0.9376 0.3424 0.0603
vn 0.9162 0.3964 0.0596
vn 0.8922 0.4477 0.0589
vn 0.8660 0.4966 0.0582
vn 0.8378 0.5429 0.0575
vn 0.8077 0.5868 0.0568
vn 0.7760 0.6283 0.0560
vn 0.7427 0.6674 0.0553
vn 0.7079 0.7042 0.0545
vn 0.6719 0.7387 0.0536
vn 0.6347 0.7710 0.0528
vn 0.5964 0.8010 0.0519
vn 0.5572 0.8288 0.0510
vn 0.6763 -0.7297 0.1012
vn 0.7262 -0.6796 0.1035
vn 0.7732 -0.6253 0.1055
vn 0.8167 -0.5670 0.1072
vn 0.8561 -0.5052 0.1086
vn 0.8910 -0.4406 0.1096
vn 0.9209 -0.3739 0.1102
vn 0.9458 -0.3055 0.1104
vn 0.9654 -0.2363 0.1102
vn 0.9799 -0.1668 0.1097
vn 0.9892 -0.0976 0.1090
vn 0.9937 -0.0291 0.1080
vn 0.9935 0.0381 0.1068
vn 0.9890 0.1037 0.1056
vn 0.9803 0.1675 0.1042
vn 0.9679 0.2292 0.1029
vn 0.9521 0.2884 0.1016
vn 0.9333 0.3449 0.1004
vn 0.9117 0.3988 0.0991
vn 0.8877 0.4500 0.0978
vn 0.8615 0.4986 0.0965
vn 0.8333 0.5446 0.0951
vn 0.8033 0.5882 0.0937
vn 0.7716 0.6293 0.0923
vn 0.7385 0.6681 0.0908
vn 0.7040 0.7046 0.0893
vn 0.6682 0.7388 0.0877
vn 0.6313 0.7707 0.0862
vn 0.5934 0.8004 0.0846
vn 0.5546 0.8280 0.0830
vn 0.6740 -0.7256 0.1390
vn 0.7232 -0.6758 0.1423
vn 0.7697 -0.6217 0.1453
vn 0.8126 -0.5638 0.1478
vn 0.8515 -0.5024 0.1500
vn 0.8860 -0.4382 0.1517
vn 0.9157 -0.3718 0.1528
vn 0.9403 -0.3038 0.1535
vn 0.9598 -0.2349 0.1536
vn 0.9742 -0.1656 0.1532
vn 0.9836 -0.0965 0.1524
vn 0.9881 -0.0281 0.1512
vn 0.9880 0.0393 0.1497
vn 0.9834 0.1051 0.1480
vn 0.9747 0.1692 0.1461
vn 0.9621 0.2313 0.1443
vn 0.9462 0.2907 0.1424
vn 0.9272 0.3473 0.1405
vn 0.9055 0.4010 0.1385
vn 0.8815 0.4521 0.1365
vn 0.8553 0.5004 0.1345
vn 0.8272 0.5461 0.1324
vn 0.7974 0.5893 0.1302
vn 0.7660 0.6300 0.1279
vn 0.7331 0.6684 0.1255
vn 0.6990 0.7045 0.1231
vn 0.6636 0.7383 0.1207
vn 0.6272 0.7698 0.1184
vn 0.5897 0.7992 0.1160
vn 0.5514 0.8264 0.1137
vn 0.6706 -0.7207 0.1757
vn 0.7190 -0.6713 0.1800
vn 0.7647 -0.6176 0.1839
vn 0.8070 -0.5601 0.1875
vn 0.8453 -0.4992 0.1905
vn 0.8792 -0.4355 0.1931
vn 0.9085 -0.3697 0.1949
vn 0.9328 -0.3022 0.1962
vn 0.9522 -0.2338 0.1967
vn 0.9665 -0.1648 0.1965
vn 0.9760 -0.0959 0.1958
vn 0.9805 -0.0275 0.1945
vn 0.9804 0.0399 0.1927
vn 0.9759 0.1060 0.1906
vn 0.9672 0.1706 0.1883
vn 0.9545 0.2331 0.1858
vn 0.9384 0.2928 0.1833
vn 0.9194 0.3494 0.1807
vn 0.8976 0.4032 0.1780
vn 0.8736 0.4540 0.1752
vn 0.8475 0.5020 0.1723
vn 0.8196 0.5473 0.1693
vn 0.7901 0.5900 0.1661
vn 0.7591 0.6303 0.1629
vn 0.7267 0.6682 0.1596
vn 0.6930 0.7038 0.1562
vn 0.6582 0.7372 0.1529
vn 0.6223 0.7684 0.1497
vn 0.5854 0.7974 0.1465
vn 0.5477 0.8243 0.1435
vn 0.6663 -0.7150 0.2116
vn 0.7137 -0.6660 0.2168
vn 0.7584 -0.6129 0.2218
vn 0.7998 -0.5559 0.2263
vn 0.8374 -0.4956 0.2304
vn 0.8707 -0.4326 0.2339
vn 0.8995 -0.3674 0.2366
vn 0.9234 -0.3007 0.2385
vn 0.9426 -0.2328 0.2396
vn 0.9568 -0.1643 0.2398
vn 0.9662 -0.0957 0.2393
vn 0.9709 -0.0275 0.2380
vn 0.9709 0.0401 0.2361
vn 0.9665 0.1065 0.2336
vn 0.9578 0.1715 0.2308
vn 0.9450 0.2346 0.2278
vn 0.9289 0.2946 0.2246
vn 0.9097 0.3514 0.2212
vn 0.8880 0.4050 0.2177
vn 0.8641 0.4556 0.2140
vn 0.8382 0.5032 0.2101
vn 0.8106 0.5481 0.2061
vn 0.7815 0.5903 0.2019
vn 0.7510 0.6301 0.1975
vn 0.7192 0.6675 0.1931
vn 0.6861 0.7026 0.1888
vn 0.6519 0.7355 0.1845
vn 0.6166 0.7663 0.1803
vn 0.5805 0.7950 0.1763
vn 0.5435 0.8215 0.1726
vn 0.6609 -0.7086 0.2470
vn 0.7072 -0.6601 0.2531
vn 0.7508 -0.6075 0.2591
vn 0.7912 -0.5512 0.2647
vn 0.8279 -0.4917 0.2698
vn 0.8604 -0.4295 0.2743
vn 0.8885 -0.3651 0.2779
vn 0.9120 -0.2991 0.2807
vn 0.9308 -0.2320 0.2824
vn 0.9449 -0.1641 0.2832
vn 0.9543 -0.0959 0.2829
vn 0.9591 -0.0278 0.2817
vn 0.9592 0.0397 0.2798
vn 0.9549 0.1065 0.2770
vn 0.9463 0.1720 0.2738
vn 0.9335 0.2357 0.2701
vn 0.9173 0.2962 0.2661
vn 0.8982 0.3531 0.2619
vn 0.8765 0.4066 0.2575
vn 0.8528 0.4569 0.2528
vn 0.8273 0.5041 0.2479
vn 0.8001 0.5485 0.2428
vn 0.7716 0.5902 0.2375
vn 0.7417 0.6293 0.2320
vn 0.7105 0.6662 0.2265
vn 0.6782 0.7009 0.2210
vn 0.6447 0.7334 0.2157
vn 0.6103 0.7637 0.2106
vn 0.5749 0.7919 0.2058
vn 0.5387 0.8181 0.2013
vn 0.6545 -0.7014 0.2823
vn 0.6995 -0.6535 0.2893
vn 0.7418 -0.6016 0.2962
vn 0.7811 -0.5461 0.3028
vn 0.8167 -0.4874 0.3090
vn 0.8483 -0.4260 0.3145
vn 0.8756 -0.3626 0.3191
vn 0.8985 -0.2975 0.3228
vn 0.9169 -0.2312 0.3253
vn 0.9308 -0.1641 0.3266
vn 0.9402 -0.0964 0.3268
vn 0.9450 -0.0286 0.3258
vn 0.9453 0.0390 0.3238
vn 0.9412 0.1060 0.3209
vn 0.9326 0.1721 0.3172
vn 0.9199 0.2365 0.3129
vn 0.9037 0.2974 0.3081
vn 0.8846 0.3545 0.3030
vn 0.8632 0.4079 0.2976
vn 0.8398 0.4578 0.2919
vn 0.8147 0.5046 0.2859
vn 0.7881 0.5484 0.2796
vn 0.7602 0.5895 0.2731
vn 0.7311 0.6281 0.2664
vn 0.7007 0.6645 0.2598
vn 0.6692 0.6986 0.2532
vn 0.6366 0.7306 0.2468
vn 0.6030 0.7605 0.2407
vn 0.5686 0.7883 0.2351
vn 0.5333 0.8140 0.2300
vn 0.6470 -0.6933 0.3174
vn 0.6904 -0.6463 0.3252
vn 0.7313 -0.5952 0.3331
vn 0.7692 -0.5406 0.3408
vn 0.8036 -0.4829 0.3480
vn 0.8341 -0.4225 0.3546
vn 0.8606 -0.3600 0.3603
vn 0.8828 -0.2960 0.3649
vn 0.9007 -0.2306 0.3682
vn 0.9143 -0.1642 0.3702
vn 0.9236 -0.0972 0.3709
vn 0.9284 -0.0298 0.3703
vn 0.9289 0.0377 0.3684
vn 0.9250 0.1050 0.3653
vn 0.9166 0.1717 0.3611
vn 0.9039 0.2369 0.3561
vn 0.8878 0.2983 0.3506
vn 0.8689 0.3555 0.3445
vn 0.8477 0.4087 0.3381
vn 0.8247 0.4584 0.3312
vn 0.8002 0.5046 0.3240
vn 0.7743 0.5479 0.3166
vn 0.7472 0.5884 0.3089
vn 0.7190 0.6265 0.3010
vn 0.6895 0.6623 0.2931
vn 0.6590 0.6959 0.2854
vn 0.6274 0.7274 0.2780
vn 0.5948 0.7568 0.2709
vn 0.5614 0.7841 0.2645
vn 0.5273 0.8094 0.2586
vn 0.6386 -0.6847 0.3513
vn 0.6802 -0.6385 0.3602
vn 0.7193 -0.5884 0.3693
vn 0.7555 -0.5348 0.3784
vn 0.7884 -0.4782 0.3869
vn 0.8177 -0.4190 0.3947
vn 0.8431 -0.3576 0.4015
vn 0.8646 -0.2946 0.4071
vn 0.8819 -0.2302 0.4113
vn 0.8952 -0.1647 0.4141
vn 0.9043 -0.0984 0.4153
vn 0.9092 -0.0313 0.4151
vn 0.9099 0.0361 0.4133
vn 0.9061 0.1036 0.4101
vn 0.8980 0.1709 0.4056
vn 0.8854 0.2368 0.3999
vn 0.8694 0.2987 0.3935
vn 0.8508 0.3561 0.3865
vn 0.8301 0.4092 0.3789
vn 0.8076 0.4584 0.3709
vn 0.7838 0.5042 0.3625
vn 0.7587 0.5470 0.3538
vn 0.7325 0.5869 0.3449
vn 0.7052 0.6244 0.3358
vn 0.6768 0.6597 0.3267
vn 0.6474 0.6927 0.3177
vn 0.6171 0.7237 0.3090
vn 0.5858 0.7526 0.3008
vn 0.5537 0.7794 0.2932
vn 0.5208 0.8042 0.2865
vn 0.6294 -0.6755 0.3841
vn 0.6689 -0.6301 0.3943
vn 0.7060 -0.5810 0.4050
vn 0.7401 -0.5287 0.4156
vn 0.7711 -0.4735 0.4256
vn 0.7989 -0.4157 0.4348
vn 0.8231 -0.3556 0.4427
vn 0.8437 -0.2936 0.4494
vn 0.8605 -0.2302 0.4546
vn 0.8733 -0.1656 0.4581
vn 0.8823 -0.0999 0.4600
vn 0.8872 -0.0334 0.4602
vn 0.8880 0.0339 0.4586
vn 0.8845 0.1017 0.4554
vn 0.8765 0.1695 0.4505
vn 0.8642 0.2363 0.4442
vn 0.8485 0.2987 0.4368
vn 0.8302 0.3561 0.4288
vn 0.8100 0.4091 0.4201
vn 0.7882 0.4581 0.4110
vn 0.7652 0.5034 0.4014
vn 0.7410 0.5456 0.3914
vn 0.7158 0.5851 0.3812
vn 0.6895 0.6221 0.3709
vn 0.6624 0.6567 0.3605
vn 0.6344 0.6891 0.3502
vn 0.6056 0.7195 0.3400
vn 0.5759 0.7478 0.3304
vn 0.5453 0.7742 0.3214
vn 0.5139 0.7985 0.3136
vn 0.6192 -0.6656 0.4165
vn 0.6564 -0.6212 0.4280
vn 0.6910 -0.5733 0.4403
vn 0.7227 -0.5224 0.4525
vn 0.7515 -0.4689 0.4641
vn 0.7774 -0.4128 0.4746
vn 0.8003 -0.3541 0.4838
vn 0.8200 -0.2932 0.4916
vn 0.8361 -0.2307 0.4978
vn 0.8485 -0.1670 0.5022
vn 0.8572 -0.1020 0.5048
vn 0.8621 -0.0359 0.5055
vn 0.8630 0.0313 0.5042
vn 0.8598 0.0992 0.5010
vn 0.8521 0.1676 0.4958
vn 0.8401 0.2352 0.4888
vn 0.8248 0.2980 0.4806
vn 0.8070 0.3557 0.4715
vn 0.7874 0.4086 0.4617
vn 0.7663 0.4572 0.4513
vn 0.7442 0.5022 0.4405
vn 0.7210 0.5440 0.4293
vn 0.6968 0.5830 0.4178
vn 0.6717 0.6196 0.4061
vn 0.6460 0.6536 0.3944
vn 0.6197 0.6852 0.3827
vn 0.5927 0.7148 0.3711
vn 0.5649 0.7425 0.3600
vn 0.5361 0.7684 0.3496
vn 0.5063 0.7922 0.3406
vn 0.6083 -0.6553 0.4478
vn 0.6426 -0.6119 0.4612
vn 0.6740 -0.5655 0.4753
vn 0.7029 -0.5165 0.4891
vn 0.7292 -0.4649 0.5022
vn 0.7531 -0.4106 0.5140
vn 0.7745 -0.3535 0.5246
vn 0.7932 -0.2935 0.5336
vn 0.8085 -0.2319 0.5408
vn 0.8204 -0.1690 0.5462
vn 0.8289 -0.1046 0.5495
vn 0.8337 -0.0389 0.5508
vn 0.8347 0.0281 0.5499
vn 0.8317 0.0962 0.5468
vn 0.8244 0.1651 0.5413
vn 0.8128 0.2334 0.5337
vn 0.7980 0.2968 0.5246
vn 0.7808 0.3546 0.5144
vn 0.7620 0.4074 0.5034
vn 0.7418 0.4559 0.4918
vn 0.7206 0.5006 0.4797
vn 0.6985 0.5421 0.4672
vn 0.6755 0.5808 0.4544
vn 0.6516 0.6170 0.4413
vn 0.6274 0.6503 0.4283
vn 0.6030 0.6811 0.4153
vn 0.5781 0.7099 0.4023
vn 0.5526 0.7368 0.3896
vn 0.5261 0.7621 0.3775
vn 0.4984 0.7855 0.3668
vn 0.5961 -0.6446 0.4787
vn 0.6269 -0.6023 0.4941
vn 0.6545 -0.5581 0.5101
vn 0.6800 -0.5115 0.5253
vn 0.7039 -0.4619 0.5396
vn 0.7257 -0.4095 0.5528
vn 0.7456 -0.3538 0.5646
vn 0.7632 -0.2948 0.5750
vn 0.7777 -0.2340 0.5834
vn 0.7891 -0.1717 0.5898
vn 0.7972 -0.1079 0.5940
vn 0.8019 -0.0425 0.5960
vn 0.8030 0.0244 0.5955
vn 0.8002 0.0927 0.5925
vn 0.7933 0.1620 0.5869
vn 0.7822 0.2310 0.5787
vn 0.7680 0.2948 0.5687
vn 0.7516 0.3528 0.5574
vn 0.7336 0.4057 0.5452
vn 0.7144 0.4541 0.5324
vn 0.6943 0.4986 0.5190
vn 0.6733 0.5399 0.5051
vn 0.6515 0.5784 0.4909
vn 0.6290 0.6143 0.4764
vn 0.6065 0.6471 0.4620
vn 0.5840 0.6772 0.4477
vn 0.5612 0.7051 0.4335
vn 0.5382 0.7310 0.4195
vn 0.5147 0.7553 0.4057
vn 0.4895 0.7784 0.3931
vn 0.5804 -0.6348 0.5101
vn 0.6077 -0.5942 0.5269
vn 0.6315 -0.5527 0.5439
vn 0.6538 -0.5086 0.5602
vn 0.6754 -0.4606 0.5759
vn 0.6952 -0.4099 0.5905
vn 0.7136 -0.3554 0.6038
vn 0.7299 -0.2971 0.6156
vn 0.7436 -0.2369 0.6253
vn 0.7542 -0.1752 0.6328
vn 0.7619 -0.1118 0.6380
vn 0.7664 -0.0467 0.6407
vn 0.7675 0.0201 0.6408
vn 0.7649 0.0885 0.6380
vn 0.7585 0.1583 0.6322
vn 0.7480 0.2277 0.6235
vn 0.7345 0.2919 0.6126
vn 0.7190 0.3502 0.6003
vn 0.7021 0.4033 0.5869
vn 0.6840 0.4517 0.5728
vn 0.6651 0.4962 0.5580
vn 0.6454 0.5375 0.5428
vn 0.6250 0.5759 0.5270
vn 0.6039 0.6117 0.5110
vn 0.5830 0.6442 0.4952
vn 0.5623 0.6737 0.4796
vn 0.5416 0.7010 0.4640
vn 0.5212 0.7258 0.4490
vn 0.5007 0.7489 0.4342
vn 0.4781 0.7713 0.4201
vn 0.5135 -0.6999 -0.4964
vn 0.5350 -0.6712 -0.5131
vn 0.5574 -0.6381 -0.5311
vn 0.5774 -0.6044 -0.5489
vn 0.5967 -0.5680 -0.5668
vn 0.6167 -0.5269 -0.5848
vn 0.6358 -0.4830 -0.6021
vn 0.6542 -0.4351 -0.6186
vn 0.6716 -0.3829 -0.6343
vn 0.6871 -0.3282 -0.6483
vn 0.7004 -0.2712 -0.6603
vn 0.7114 -0.2116 -0.6702
vn 0.7199 -0.1492 -0.6778
vn 0.7257 -0.0837 -0.6829
vn 0.7283 -0.0152 -0.6851
vn 0.7273 0.0563 -0.6841
vn 0.7223 0.1290 -0.6794
vn 0.7140 0.1977 -0.6717
vn 0.7030 0.2610 -0.6616
vn 0.6899 0.3195 -0.6496
vn 0.6752 0.3735 -0.6361
vn 0.6591 0.4237 -0.6214
vn 0.6418 0.4706 -0.6055
vn 0.6233 0.5146 -0.5887
vn 0.6040 0.5559 -0.5711
vn 0.5846 0.5932 -0.5536
vn 0.5652 0.6270 -0.5360
vn 0.5457 0.6584 -0.5184
vn 0.5272 0.6861 -0.5013
vn 0.5086 0.7116 -0.4846
vn 0.4884 0.7363 -0.4683
vn 0.4692 0.7577 -0.4535
vn 0.4772 0.7675 -0.4279
vn 0.4848 0.7776 -0.4004
vn 0.4904 0.7873 -0.3738
vn 0.4951 0.7965 -0.3470
vn 0.5000 0.8053 -0.3187
vn 0.5042 0.8133 -0.2904
vn 0.5080 0.8207 -0.2615
vn 0.5114 0.8275 -0.2317
vn 0.5142 0.8335 -0.2021
vn 0.5164 0.8387 -0.1727
vn 0.5182 0.8432 -0.1431
vn 0.5194 0.8470 -0.1130
vn 0.5202 0.8501 -0.0822
vn 0.5204 0.8525 -0.0503
vn 0.5199 0.8540 -0.0171
vn 0.5188 0.8547 0.0171
vn 0.5171 0.8544 0.0500
vn 0.5149 0.8534 0.0814
vn 0.5123 0.8515 0.1115
vn 0.5092 0.8491 0.1406
vn 0.5058 0.8459 0.1691
vn 0.5019 0.8421 0.1973
vn 0.4975 0.8377 0.2254
vn 0.4926 0.8325 0.2535
vn 0.4874 0.8268 0.2807
vn 0.4819 0.8206 0.3072
vn 0.4759 0.8138 0.3335
vn 0.4701 0.8066 0.3583
vn 0.4636 0.7991 0.3828
vn 0.4552 0.7913 0.4082
vn 0.4465 0.7838 0.4317
vn 0.4647 0.7652 0.4456
vn 0.4839 0.7438 0.4611
vn 0.5016 0.7218 0.4769
vn 0.5192 0.6980 0.4932
vn 0.5381 0.6709 0.5103
vn 0.5570 0.6416 0.5274
vn 0.5762 0.6092 0.5448
vn 0.5957 0.5733 0.5626
vn 0.6146 0.5347 0.5799
vn 0.6329 0.4934 0.5967
vn 0.6505 0.4487 0.6128
vn 0.6673 0.4000 0.6283
vn 0.6830 0.3468 0.6428
vn 0.6974 0.2882 0.6561
vn 0.7100 0.2236 0.6678
vn 0.7197 0.1538 0.6770
vn 0.7258 0.0838 0.6828
vn 0.7281 0.0153 0.6853
vn 0.7271 -0.0514 0.6846
vn 0.7229 -0.1163 0.6811
vn 0.7158 -0.1794 0.6749
vn 0.7060 -0.2407 0.6661
vn 0.6934 -0.3004 0.6549
vn 0.6784 -0.3582 0.6415
vn 0.6617 -0.4118 0.6266
vn 0.6437 -0.4616 0.6104
vn 0.6243 -0.5084 0.5931
vn 0.6052 -0.5501 0.5754
vn 0.5851 -0.5890 0.5575
vn 0.5622 -0.6271 0.5391
vn 0.5400 -0.6603 0.5220
vn 0.5519 -0.6711 0.4949
vn 0.5635 -0.6827 0.4653
vn 0.5724 -0.6943 0.4363
vn 0.5802 -0.7057 0.4066
vn 0.5882 -0.7166 0.3749
vn 0.5953 -0.7267 0.3429
vn 0.6018 -0.7361 0.3097
vn 0.6077 -0.7449 0.2753
vn 0.6127 -0.7528 0.2408
vn 0.6167 -0.7597 0.2062
vn 0.6200 -0.7657 0.1712
vn 0.6225 -0.7708 0.1354
vn 0.6241 -0.7751 0.0986
vn 0.6248 -0.7784 0.0604
vn 0.6245 -0.7808 0.0205
vn 0.6230 -0.7819 -0.0205
vn 0.6206 -0.7819 -0.0600
vn 0.6172 -0.7807 -0.0975
vn 0.6132 -0.7786 -0.1334
vn 0.6084 -0.7757 -0.1680
vn 0.6029 -0.7719 -0.2016
vn 0.5968 -0.7673 -0.2346
vn 0.5900 -0.7619 -0.2673
vn 0.5823 -0.7557 -0.2997
vn 0.5742 -0.7489 -0.3308
vn 0.5657 -0.7415 -0.3607
vn 0.5566 -0.7335 -0.3900
vn 0.5478 -0.7250 -0.4175
vn 0.5381 -0.7163 -0.4443
vn 0.5259 -0.7078 -0.4716
vn -0.4225 -0.7684 -0.4807
vn -0.4368 -0.7452 -0.5038
vn -0.4519 -0.7215 -0.5246
vn -0.4672 -0.6960 -0.5452
vn -0.4829 -0.6680 -0.5662
vn -0.4986 -0.6377 -0.5871
vn -0.5146 -0.6045 -0.6081
vn -0.5307 -0.5677 -0.6293
vn -0.5465 -0.5283 -0.6498
vn -0.5617 -0.4862 -0.6694
vn -0.5763 -0.4407 -0.6882
vn -0.5903 -0.3912 -0.7061
vn -0.6033 -0.3372 -0.7227
vn -0.6153 -0.2780 -0.7377
vn -0.6256 -0.2130 -0.7505
vn -0.6337 -0.1430 -0.7602
vn -0.6388 -0.0729 -0.7659
vn -0.6409 -0.0044 -0.7676
vn -0.6402 0.0622 -0.7657
vn -0.6368 0.1269 -0.7605
vn -0.6311 0.1897 -0.7522
vn -0.6231 0.2506 -0.7409
vn -0.6129 0.3099 -0.7268
vn -0.6008 0.3672 -0.7101
vn -0.5873 0.4206 -0.6915
vn -0.5727 0.4702 -0.6715
vn -0.5569 0.5171 -0.6500
vn -0.5407 0.5601 -0.6277
vn -0.5238 0.6006 -0.6041
vn -0.5072 0.6400 -0.5772
vn -0.3968 -0.7736 -0.4941
vn -0.4099 -0.7494 -0.5200
vn -0.4240 -0.7240 -0.5441
vn -0.4383 -0.6970 -0.5675
vn -0.4528 -0.6679 -0.5907
vn -0.4673 -0.6365 -0.6135
vn -0.4819 -0.6024 -0.6364
vn -0.4965 -0.5649 -0.6590
vn -0.5108 -0.5249 -0.6809
vn -0.5245 -0.4821 -0.7017
vn -0.5378 -0.4360 -0.7216
vn -0.5503 -0.3860 -0.7404
vn -0.5620 -0.3315 -0.7578
vn -0.5727 -0.2720 -0.7734
vn -0.5819 -0.2069 -0.7865
vn -0.5891 -0.1370 -0.7963
vn -0.5937 -0.0671 -0.8018
vn -0.5957 0.0013 -0.8032
vn -0.5952 0.0679 -0.8007
vn -0.5923 0.1326 -0.7948
vn -0.5872 0.1955 -0.7855
vn -0.5800 0.2565 -0.7732
vn -0.5709 0.3158 -0.7578
vn -0.5601 0.3732 -0.7396
vn -0.5479 0.4271 -0.7193
vn -0.5345 0.4777 -0.6972
vn -0.5201 0.5255 -0.6733
vn -0.5050 0.5702 -0.6479
vn -0.4893 0.6126 -0.6207
vn -0.4742 0.6530 -0.5906
vn -0.3716 -0.7792 -0.5048
vn -0.3829 -0.7542 -0.5335
vn -0.3955 -0.7274 -0.5608
vn -0.4086 -0.6988 -0.5871
vn -0.4219 -0.6684 -0.6126
vn -0.4352 -0.6357 -0.6375
vn -0.4484 -0.6004 -0.6621
vn -0.4616 -0.5622 -0.6862
vn -0.4744 -0.5214 -0.7093
vn -0.4868 -0.4778 -0.7312
vn -0.4986 -0.4309 -0.7521
vn -0.5098 -0.3802 -0.7717
vn -0.5202 -0.3253 -0.7897
vn -0.5296 -0.2655 -0.8056
vn -0.5377 -0.2004 -0.8190
vn -0.5441 -0.1308 -0.8287
vn -0.5483 -0.0611 -0.8341
vn -0.5501 0.0071 -0.8351
vn -0.5497 0.0738 -0.8321
vn -0.5472 0.1386 -0.8254
vn -0.5428 0.2016 -0.8153
vn -0.5364 0.2629 -0.8020
vn -0.5283 0.3224 -0.7854
vn -0.5187 0.3801 -0.7659
vn -0.5077 0.4347 -0.7438
vn -0.4955 0.4865 -0.7196
vn -0.4824 0.5354 -0.6932
vn -0.4687 0.5818 -0.6647
vn -0.4548 0.6257 -0.6338
vn -0.4420 0.6664 -0.6004
vn -0.3462 -0.7844 -0.5146
vn -0.3558 -0.7586 -0.5457
vn -0.3668 -0.7308 -0.5757
vn -0.3785 -0.7010 -0.6045
vn -0.3904 -0.6692 -0.6322
vn -0.4024 -0.6352 -0.6592
vn -0.4144 -0.5987 -0.6855
vn -0.4262 -0.5595 -0.7108
vn -0.4376 -0.5178 -0.7351
vn -0.4487 -0.4733 -0.7580
vn -0.4592 -0.4256 -0.7798
vn -0.4691 -0.3742 -0.8000
vn -0.4782 -0.3186 -0.8184
vn -0.4863 -0.2585 -0.8347
vn -0.4934 -0.1935 -0.8480
vn -0.4990 -0.1243 -0.8576
vn -0.5027 -0.0550 -0.8627
vn -0.5044 0.0131 -0.8634
vn -0.5042 0.0798 -0.8599
vn -0.5021 0.1448 -0.8526
vn -0.4982 0.2081 -0.8417
vn -0.4926 0.2697 -0.8274
vn -0.4855 0.3296 -0.8097
vn -0.4769 0.3876 -0.7889
vn -0.4671 0.4431 -0.7651
vn -0.4563 0.4960 -0.7388
vn -0.4446 0.5461 -0.7100
vn -0.4325 0.5935 -0.6787
vn -0.4205 0.6381 -0.6450
vn -0.4096 0.6792 -0.6090
vn -0.3199 -0.7892 -0.5242
vn -0.3284 -0.7627 -0.5572
vn -0.3380 -0.7339 -0.5892
vn -0.3482 -0.7030 -0.6201
vn -0.3587 -0.6700 -0.6499
vn -0.3694 -0.6347 -0.6788
vn -0.3800 -0.5970 -0.7065
vn -0.3905 -0.5569 -0.7331
vn -0.4006 -0.5142 -0.7584
vn -0.4104 -0.4687 -0.7823
vn -0.4196 -0.4200 -0.8047
vn -0.4282 -0.3678 -0.8255
vn -0.4360 -0.3116 -0.8443
vn -0.4431 -0.2513 -0.8606
vn -0.4491 -0.1864 -0.8738
vn -0.4539 -0.1177 -0.8832
vn -0.4572 -0.0488 -0.8880
vn -0.4588 0.0192 -0.8883
vn -0.4587 0.0859 -0.8844
vn -0.4570 0.1512 -0.8765
vn -0.4537 0.2149 -0.8649
vn -0.4488 0.2769 -0.8496
vn -0.4426 0.3372 -0.8309
vn -0.4350 0.3956 -0.8088
vn -0.4264 0.4519 -0.7836
vn -0.4169 0.5056 -0.7553
vn -0.4067 0.5567 -0.7243
vn -0.3962 0.6049 -0.6907
vn -0.3859 0.6500 -0.6547
vn -0.3763 0.6915 -0.6166
vn -0.2932 -0.7936 -0.5331
vn -0.3007 -0.7663 -0.5678
vn -0.3089 -0.7367 -0.6016
vn -0.3177 -0.7048 -0.6343
vn -0.3268 -0.6706 -0.6660
vn -0.3361 -0.6341 -0.6963
vn -0.3455 -0.5953 -0.7254
vn -0.3546 -0.5541 -0.7531
vn -0.3635 -0.5104 -0.7793
vn -0.3719 -0.4638 -0.8041
vn -0.3799 -0.4142 -0.8271
vn -0.3872 -0.3611 -0.8483
vn -0.3939 -0.3044 -0.8673
vn -0.3999 -0.2437 -0.8836
vn -0.4050 -0.1790 -0.8966
vn -0.4091 -0.1109 -0.9057
vn -0.4119 -0.0424 -0.9102
vn -0.4134 0.0254 -0.9102
vn -0.4135 0.0921 -0.9058
vn -0.4122 0.1576 -0.8974
vn -0.4094 0.2217 -0.8850
vn -0.4053 0.2842 -0.8689
vn -0.3999 0.3449 -0.8492
vn -0.3933 0.4038 -0.8260
vn -0.3858 0.4607 -0.7993
vn -0.3776 0.5151 -0.7694
vn -0.3689 0.5669 -0.7366
vn -0.3599 0.6156 -0.7010
vn -0.3511 0.6611 -0.6631
vn -0.3428 0.7029 -0.6232
vn -0.2657 -0.7974 -0.5417
vn -0.2722 -0.7694 -0.5779
vn -0.2793 -0.7389 -0.6132
vn -0.2869 -0.7061 -0.6475
vn -0.2947 -0.6709 -0.6805
vn -0.3028 -0.6334 -0.7122
vn -0.3108 -0.5935 -0.7424
vn -0.3187 -0.5512 -0.7711
vn -0.3263 -0.5064 -0.7982
vn -0.3335 -0.4588 -0.8236
vn -0.3402 -0.4081 -0.8472
vn -0.3464 -0.3542 -0.8686
vn -0.3520 -0.2969 -0.8877
vn -0.3569 -0.2360 -0.9038
vn -0.3612 -0.1715 -0.9166
vn -0.3646 -0.1040 -0.9253
vn -0.3671 -0.0360 -0.9295
vn -0.3684 0.0316 -0.9291
vn -0.3686 0.0984 -0.9244
vn -0.3676 0.1641 -0.9154
vn -0.3654 0.2285 -0.9024
vn -0.3620 0.2914 -0.8855
vn -0.3574 0.3527 -0.8648
vn -0.3519 0.4121 -0.8405
vn -0.3455 0.4694 -0.8126
vn -0.3384 0.5243 -0.7814
vn -0.3310 0.5765 -0.7470
vn -0.3234 0.6257 -0.7099
vn -0.3158 0.6714 -0.6704
vn -0.3085 0.7136 -0.6290
vn -0.2372 -0.8008 -0.5500
vn -0.2429 -0.7719 -0.5875
vn -0.2491 -0.7406 -0.6240
vn -0.2557 -0.7069 -0.6595
vn -0.2624 -0.6708 -0.6937
vn -0.2693 -0.6323 -0.7264
vn -0.2761 -0.5914 -0.7576
vn -0.2828 -0.5481 -0.7872
vn -0.2891 -0.5021 -0.8150
vn -0.2951 -0.4534 -0.8410
vn -0.3006 -0.4018 -0.8650
vn -0.3057 -0.3471 -0.8866
vn -0.3102 -0.2893 -0.9056
vn -0.3142 -0.2282 -0.9215
vn -0.3177 -0.1639 -0.9339
vn -0.3205 -0.0969 -0.9423
vn -0.3226 -0.0294 -0.9461
vn -0.3239 0.0379 -0.9453
vn -0.3242 0.1047 -0.9402
vn -0.3235 0.1705 -0.9307
vn -0.3218 0.2353 -0.9171
vn -0.3191 0.2986 -0.8995
vn -0.3154 0.3603 -0.8779
vn -0.3107 0.4201 -0.8526
vn -0.3053 0.4778 -0.8237
vn -0.2994 0.5331 -0.7913
vn -0.2930 0.5857 -0.7557
vn -0.2864 0.6351 -0.7174
vn -0.2798 0.6812 -0.6765
vn -0.2733 0.7237 -0.6337
vn -0.2084 -0.8035 -0.5576
vn -0.2134 -0.7740 -0.5962
vn -0.2187 -0.7419 -0.6339
vn -0.2243 -0.7073 -0.6704
vn -0.2299 -0.6703 -0.7056
vn -0.2356 -0.6308 -0.7393
vn -0.2413 -0.5889 -0.7713
vn -0.2467 -0.5445 -0.8017
vn -0.2519 -0.4975 -0.8301
vn -0.2567 -0.4478 -0.8565
vn -0.2611 -0.3952 -0.8807
vn -0.2651 -0.3398 -0.9024
vn -0.2687 -0.2815 -0.9212
vn -0.2718 -0.2202 -0.9368
vn -0.2745 -0.1562 -0.9488
vn -0.2768 -0.0898 -0.9567
vn -0.2786 -0.0227 -0.9601
vn -0.2797 0.0443 -0.9591
vn -0.2801 0.1110 -0.9535
vn -0.2797 0.1770 -0.9436
vn -0.2785 0.2419 -0.9295
vn -0.2765 0.3056 -0.9112
vn -0.2735 0.3676 -0.8888
vn -0.2698 0.4278 -0.8627
vn -0.2655 0.4858 -0.8328
vn -0.2605 0.5414 -0.7994
vn -0.2552 0.5942 -0.7628
vn -0.2496 0.6439 -0.7233
vn -0.2439 0.6901 -0.6814
vn -0.2382 0.7328 -0.6374
vn -0.1793 -0.8057 -0.5646
vn -0.1835 -0.7754 -0.6042
vn -0.1880 -0.7426 -0.6428
vn -0.1925 -0.7072 -0.6803
vn -0.1971 -0.6693 -0.7163
vn -0.2017 -0.6289 -0.7509
vn -0.2061 -0.5860 -0.7837
vn -0.2104 -0.5405 -0.8146
vn -0.2144 -0.4925 -0.8435
vn -0.2181 -0.4418 -0.8702
vn -0.2215 -0.3884 -0.8945
vn -0.2245 -0.3323 -0.9161
vn -0.2272 -0.2735 -0.9346
vn -0.2296 -0.2122 -0.9499
vn -0.2317 -0.1484 -0.9614
vn -0.2335 -0.0825 -0.9688
vn -0.2349 -0.0159 -0.9719
vn -0.2359 0.0508 -0.9704
vn -0.2364 0.1174 -0.9645
vn -0.2363 0.1834 -0.9542
vn -0.2355 0.2485 -0.9396
vn -0.2340 0.3123 -0.9207
vn -0.2319 0.3747 -0.8977
vn -0.2290 0.4351 -0.8708
vn -0.2256 0.4934 -0.8400
vn -0.2217 0.5492 -0.8058
vn -0.2174 0.6021 -0.7683
vn -0.2128 0.6519 -0.7279
vn -0.2081 0.6982 -0.6850
vn -0.2033 0.7409 -0.6401
vn -0.1496 -0.8072 -0.5710
vn -0.1531 -0.7763 -0.6115
vn -0.1566 -0.7427 -0.6510
vn -0.1601 -0.7066 -0.6893
vn -0.1637 -0.6678 -0.7261
vn -0.1672 -0.6265 -0.7613
vn -0.1705 -0.5826 -0.7947
vn -0.1737 -0.5362 -0.8260
vn -0.1766 -0.4871 -0.8553
vn -0.1794 -0.4355 -0.8821
vn -0.1818 -0.3814 -0.9064
vn -0.1840 -0.3247 -0.9278
vn -0.1860 -0.2655 -0.9460
vn -0.1877 -0.2041 -0.9608
vn -0.1892 -0.1405 -0.9718
vn -0.1906 -0.0751 -0.9788
vn -0.1917 -0.0089 -0.9814
vn -0.1926 0.0575 -0.9796
vn -0.1930 0.1238 -0.9733
vn -0.1931 0.1898 -0.9626
vn -0.1927 0.2550 -0.9476
vn -0.1917 0.3190 -0.9282
vn -0.1902 0.3815 -0.9046
vn -0.1882 0.4421 -0.8770
vn -0.1857 0.5005 -0.8456
vn -0.1827 0.5564 -0.8106
vn -0.1794 0.6094 -0.7723
vn -0.1758 0.6592 -0.7311
vn -0.1721 0.7055 -0.6875
vn -0.1681 0.7483 -0.6417
vn -0.1190 -0.8081 -0.5769
vn -0.1216 -0.7765 -0.6183
vn -0.1243 -0.7422 -0.6585
vn -0.1269 -0.7053 -0.6975
vn -0.1295 -0.6657 -0.7349
vn -0.1319 -0.6235 -0.7706
vn -0.1343 -0.5787 -0.8044
vn -0.1365 -0.5314 -0.8361
vn -0.1385 -0.4815 -0.8655
vn -0.1403 -0.4290 -0.8923
vn -0.1420 -0.3742 -0.9164
vn -0.1434 -0.3170 -0.9375
vn -0.1447 -0.2575 -0.9554
vn -0.1459 -0.1960 -0.9697
vn -0.1470 -0.1326 -0.9802
vn -0.1479 -0.0676 -0.9867
vn -0.1488 -0.0018 -0.9889
vn -0.1495 0.0644 -0.9867
vn -0.1499 0.1305 -0.9800
vn -0.1501 0.1964 -0.9690
vn -0.1499 0.2615 -0.9535
vn -0.1494 0.3255 -0.9337
vn -0.1485 0.3881 -0.9096
vn -0.1471 0.4487 -0.8815
vn -0.1454 0.5072 -0.8495
vn -0.1434 0.5631 -0.8139
vn -0.1410 0.6161 -0.7750
vn -0.1384 0.6658 -0.7332
vn -0.1355 0.7121 -0.6889
vn -0.1325 0.7548 -0.6425
vn -0.0871 -0.8082 -0.5824
vn -0.0890 -0.7760 -0.6244
vn -0.0908 -0.7411 -0.6653
vn -0.0925 -0.7034 -0.7047
vn -0.0942 -0.6630 -0.7426
vn -0.0958 -0.6200 -0.7787
vn -0.0972 -0.5744 -0.8128
vn -0.0986 -0.5262 -0.8446
vn -0.0998 -0.4755 -0.8740
vn -0.1009 -0.4224 -0.9008
vn -0.1019 -0.3669 -0.9246
vn -0.1027 -0.3093 -0.9454
vn -0.1035 -0.2495 -0.9628
vn -0.1042 -0.1879 -0.9766
vn -0.1049 -0.1246 -0.9866
vn -0.1055 -0.0599 -0.9926
vn -0.1061 0.0056 -0.9943
vn -0.1066 0.0715 -0.9917
vn -0.1070 0.1375 -0.9847
vn -0.1072 0.2031 -0.9733
vn -0.1072 0.2681 -0.9574
vn -0.1070 0.3321 -0.9372
vn -0.1065 0.3946 -0.9127
vn -0.1058 0.4552 -0.8841
vn -0.1047 0.5136 -0.8516
vn -0.1034 0.5694 -0.8155
vn -0.1019 0.6222 -0.7762
vn -0.1002 0.6718 -0.7339
vn -0.0982 0.7180 -0.6891
vn -0.0961 0.7605 -0.6422
vn -0.0537 -0.8076 -0.5873
vn -0.0548 -0.7748 -0.6299
vn -0.0558 -0.7392 -0.6712
vn -0.0568 -0.7008 -0.7111
vn -0.0577 -0.6598 -0.7493
vn -0.0585 -0.6160 -0.7856
vn -0.0592 -0.5696 -0.8198
vn -0.0599 -0.5207 -0.8516
vn -0.0605 -0.4694 -0.8809
vn -0.0610 -0.4156 -0.9075
vn -0.0614 -0.3597 -0.9311
vn -0.0619 -0.3016 -0.9514
vn -0.0622 -0.2416 -0.9684
vn -0.0626 -0.1798 -0.9817
vn -0.0629 -0.1166 -0.9912
vn -0.0633 -0.0520 -0.9966
vn -0.0636 0.0132 -0.9979
vn -0.0639 0.0789 -0.9948
vn -0.0642 0.1447 -0.9874
vn -0.0644 0.2102 -0.9755
vn -0.0645 0.2750 -0.9593
vn -0.0644 0.3388 -0.9386
vn -0.0642 0.4011 -0.9138
vn -0.0639 0.4615 -0.8848
vn -0.0634 0.5197 -0.8520
vn -0.0628 0.5753 -0.8155
vn -0.0619 0.6279 -0.7758
vn -0.0610 0.6773 -0.7332
vn -0.0599 0.7232 -0.6881
vn -0.0586 0.7654 -0.6409
vn -0.0184 -0.8060 -0.5916
vn -0.0187 -0.7727 -0.6345
vn -0.0191 -0.7365 -0.6761
vn -0.0193 -0.6976 -0.7163
vn -0.0196 -0.6559 -0.7546
vn -0.0198 -0.6115 -0.7910
vn -0.0200 -0.5645 -0.8252
vn -0.0202 -0.5150 -0.8570
vn -0.0203 -0.4631 -0.8861
vn -0.0205 -0.4088 -0.9124
vn -0.0206 -0.3524 -0.9356
vn -0.0207 -0.2940 -0.9556
vn -0.0208 -0.2337 -0.9721
vn -0.0209 -0.1718 -0.9849
vn -0.0210 -0.1085 -0.9939
vn -0.0211 -0.0440 -0.9988
vn -0.0212 0.0212 -0.9996
vn -0.0213 0.0868 -0.9960
vn -0.0214 0.1524 -0.9881
vn -0.0215 0.2177 -0.9758
vn -0.0215 0.2823 -0.9591
vn -0.0215 0.3458 -0.9380
vn -0.0215 0.4078 -0.9128
vn -0.0214 0.4680 -0.8835
vn -0.0213 0.5258 -0.8503
vn -0.0211 0.5810 -0.8136
vn -0.0209 0.6332 -0.7737
vn -0.0206 0.6822 -0.7309
vn -0.0203 0.7277 -0.6856
vn -0.0198 0.7695 -0.6384
vn 0.0185 -0.8035 -0.5950
vn 0.0189 -0.7697 -0.6381
vn 0.0192 -0.7331 -0.6799
vn 0.0195 -0.6936 -0.7201
vn 0.0197 -0.6515 -0.7584
vn 0.0199 -0.6066 -0.7948
vn 0.0201 -0.5591 -0.8288
vn 0.0203 -0.5091 -0.8604
vn 0.0204 -0.4568 -0.8894
vn 0.0206 -0.4021 -0.9154
vn 0.0207 -0.3453 -0.9383
vn 0.0208 -0.2865 -0.9578
vn 0.0208 -0.2260 -0.9739
vn 0.0209 -0.1638 -0.9863
vn 0.0210 -0.1003 -0.9947
vn 0.0211 -0.0357 -0.9991
vn 0.0212 0.0295 -0.9993
vn 0.0213 0.0951 -0.9952
vn 0.0214 0.1606 -0.9868
vn 0.0214 0.2257 -0.9740
vn 0.0215 0.2901 -0.9568
vn 0.0215 0.3532 -0.9353
vn 0.0214 0.4148 -0.9096
vn 0.0214 0.4745 -0.8800
vn 0.0212 0.5318 -0.8466
vn 0.0210 0.5864 -0.8097
vn 0.0208 0.6381 -0.7697
vn 0.0205 0.6865 -0.7269
vn 0.0201 0.7314 -0.6817
vn 0.0197 0.7726 -0.6346
vn 0.0546 -0.8001 -0.5974
vn 0.0557 -0.7660 -0.6405
vn 0.0567 -0.7290 -0.6822
vn 0.0577 -0.6892 -0.7222
vn 0.0585 -0.6467 -0.7605
vn 0.0593 -0.6015 -0.7967
vn 0.0600 -0.5536 -0.8306
vn 0.0606 -0.5033 -0.8620
vn 0.0611 -0.4506 -0.8907
vn 0.0616 -0.3955 -0.9164
vn 0.0620 -0.3384 -0.9390
vn 0.0623 -0.2793 -0.9582
vn 0.0626 -0.2184 -0.9739
vn 0.0629 -0.1559 -0.9858
vn 0.0631 -0.0921 -0.9937
vn 0.0634 -0.0272 -0.9976
vn 0.0636 0.0382 -0.9972
vn 0.0638 0.1038 -0.9926
vn 0.0639 0.1692 -0.9835
vn 0.0640 0.2342 -0.9701
vn 0.0640 0.2982 -0.9524
vn 0.0639 0.3609 -0.9304
vn 0.0636 0.4219 -0.9044
vn 0.0632 0.4809 -0.8745
vn 0.0626 0.5375 -0.8409
vn 0.0619 0.5914 -0.8040
vn 0.0610 0.6423 -0.7640
vn 0.0600 0.6899 -0.7214
vn 0.0589 0.7341 -0.6765
vn 0.0576 0.7747 -0.6297
vn 0.0896 -0.7959 -0.5988
vn 0.0914 -0.7615 -0.6416
vn 0.0932 -0.7243 -0.6831
vn 0.0949 -0.6843 -0.7230
vn 0.0965 -0.6416 -0.7610
vn 0.0980 -0.5961 -0.7969
vn 0.0994 -0.5480 -0.8306
vn 0.1006 -0.4974 -0.8617
vn 0.1016 -0.4444 -0.8901
vn 0.1025 -0.3891 -0.9155
vn 0.1033 -0.3316 -0.9377
vn 0.1040 -0.2722 -0.9566
vn 0.1045 -0.2109 -0.9719
vn 0.1050 -0.1480 -0.9834
vn 0.1054 -0.0838 -0.9909
vn 0.1057 -0.0185 -0.9942
vn 0.1060 0.0472 -0.9932
vn 0.1062 0.1129 -0.9879
vn 0.1063 0.1783 -0.9782
vn 0.1062 0.2429 -0.9642
vn 0.1060 0.3065 -0.9460
vn 0.1055 0.3686 -0.9236
vn 0.1047 0.4290 -0.8972
vn 0.1037 0.4872 -0.8671
vn 0.1025 0.5429 -0.8335
vn 0.1011 0.5959 -0.7967
vn 0.0994 0.6458 -0.7570
vn 0.0975 0.6926 -0.7147
vn 0.0955 0.7359 -0.6703
vn 0.0934 0.7757 -0.6241
vn 0.1236 -0.7909 -0.5993
vn 0.1263 -0.7564 -0.6418
vn 0.1289 -0.7191 -0.6829
vn 0.1314 -0.6789 -0.7224
vn 0.1339 -0.6360 -0.7600
vn 0.1362 -0.5903 -0.7956
vn 0.1384 -0.5421 -0.8289
vn 0.1403 -0.4913 -0.8596
vn 0.1420 -0.4381 -0.8876
vn 0.1435 -0.3826 -0.9127
vn 0.1448 -0.3248 -0.9346
vn 0.1458 -0.2651 -0.9531
vn 0.1467 -0.2034 -0.9680
vn 0.1473 -0.1401 -0.9791
vn 0.1479 -0.0754 -0.9861
vn 0.1483 -0.0096 -0.9889
vn 0.1486 0.0565 -0.9873
vn 0.1487 0.1223 -0.9813
vn 0.1485 0.1876 -0.9709
vn 0.1481 0.2519 -0.9563
vn 0.1474 0.3150 -0.9376
vn 0.1464 0.3764 -0.9148
vn 0.1450 0.4358 -0.8883
vn 0.1432 0.4930 -0.8581
vn 0.1412 0.5478 -0.8246
vn 0.1388 0.5997 -0.7881
vn 0.1362 0.6487 -0.7488
vn 0.1334 0.6945 -0.7071
vn 0.1305 0.7369 -0.6633
vn 0.1274 0.7759 -0.6179
vn 0.1569 -0.7852 -0.5990
vn 0.1604 -0.7506 -0.6409
vn 0.1639 -0.7132 -0.6815
vn 0.1674 -0.6729 -0.7205
vn 0.1708 -0.6299 -0.7577
vn 0.1741 -0.5841 -0.7928
vn 0.1772 -0.5358 -0.8256
vn 0.1800 -0.4849 -0.8558
vn 0.1825 -0.4316 -0.8834
vn 0.1846 -0.3759 -0.9081
vn 0.1865 -0.3180 -0.9296
vn 0.1880 -0.2579 -0.9477
vn 0.1891 -0.1959 -0.9622
vn 0.1900 -0.1321 -0.9728
vn 0.1907 -0.0668 -0.9794
vn 0.1911 -0.0003 -0.9816
vn 0.1913 0.0661 -0.9793
vn 0.1912 0.1321 -0.9726
vn 0.1907 0.1972 -0.9616
vn 0.1898 0.2611 -0.9465
vn 0.1885 0.3235 -0.9273
vn 0.1868 0.3840 -0.9042
vn 0.1845 0.4425 -0.8776
vn 0.1819 0.4986 -0.8476
vn 0.1788 0.5522 -0.8143
vn 0.1754 0.6030 -0.7782
vn 0.1718 0.6509 -0.7395
vn 0.1680 0.6956 -0.6985
vn 0.1641 0.7371 -0.6555
vn 0.1601 0.7753 -0.6110
vn 0.1899 -0.7788 -0.5979
vn 0.1942 -0.7441 -0.6392
vn 0.1986 -0.7066 -0.6791
vn 0.2030 -0.6663 -0.7175
vn 0.2075 -0.6232 -0.7540
vn 0.2118 -0.5774 -0.7885
vn 0.2159 -0.5290 -0.8207
vn 0.2196 -0.4781 -0.8504
vn 0.2230 -0.4248 -0.8774
vn 0.2260 -0.3690 -0.9015
vn 0.2284 -0.3110 -0.9226
vn 0.2305 -0.2507 -0.9402
vn 0.2320 -0.1883 -0.9543
vn 0.2332 -0.1240 -0.9645
vn 0.2339 -0.0580 -0.9705
vn 0.2343 0.0091 -0.9721
vn 0.2343 0.0761 -0.9692
vn 0.2339 0.1421 -0.9618
vn 0.2329 0.2070 -0.9502
vn 0.2314 0.2704 -0.9345
vn 0.2293 0.3319 -0.9150
vn 0.2267 0.3915 -0.8918
vn 0.2235 0.4488 -0.8652
vn 0.2198 0.5037 -0.8355
vn 0.2156 0.5560 -0.8027
vn 0.2111 0.6057 -0.7672
vn 0.2063 0.6524 -0.7292
vn 0.2015 0.6961 -0.6891
vn 0.1966 0.7367 -0.6471
vn 0.1917 0.7739 -0.6036
vn 0.2227 -0.7715 -0.5960
vn 0.2278 -0.7369 -0.6365
vn 0.2331 -0.6994 -0.6757
vn 0.2386 -0.6590 -0.7133
vn 0.2441 -0.6159 -0.7491
vn 0.2495 -0.5701 -0.7828
vn 0.2547 -0.5217 -0.8142
vn 0.2595 -0.4709 -0.8432
vn 0.2638 -0.4176 -0.8695
vn 0.2676 -0.3618 -0.8930
vn 0.2708 -0.3037 -0.9135
vn 0.2734 -0.2432 -0.9307
vn 0.2754 -0.1805 -0.9442
vn 0.2768 -0.1157 -0.9540
vn 0.2776 -0.0490 -0.9594
vn 0.2779 0.0189 -0.9604
vn 0.2776 0.0863 -0.9568
vn 0.2767 0.1524 -0.9488
vn 0.2751 0.2170 -0.9366
vn 0.2729 0.2797 -0.9205
vn 0.2699 0.3403 -0.9007
vn 0.2663 0.3988 -0.8775
vn 0.2620 0.4548 -0.8512
vn 0.2571 0.5084 -0.8219
vn 0.2517 0.5595 -0.7897
vn 0.2460 0.6079 -0.7550
vn 0.2401 0.6534 -0.7179
vn 0.2342 0.6960 -0.6787
vn 0.2283 0.7356 -0.6378
vn 0.2226 0.7719 -0.5955
vn 0.2558 -0.7633 -0.5932
vn 0.2617 -0.7288 -0.6328
vn 0.2679 -0.6913 -0.6710
vn 0.2744 -0.6510 -0.7077
vn 0.2809 -0.6079 -0.7426
vn 0.2875 -0.5622 -0.7754
vn 0.2937 -0.5139 -0.8060
vn 0.2996 -0.4632 -0.8341
vn 0.3050 -0.4100 -0.8596
vn 0.3096 -0.3542 -0.8824
vn 0.3136 -0.2961 -0.9022
vn 0.3168 -0.2354 -0.9188
vn 0.3192 -0.1724 -0.9319
vn 0.3209 -0.1071 -0.9410
vn 0.3218 -0.0398 -0.9460
vn 0.3219 0.0289 -0.9463
vn 0.3212 0.0968 -0.9420
vn 0.3198 0.1629 -0.9334
vn 0.3175 0.2270 -0.9207
vn 0.3143 0.2890 -0.9043
vn 0.3103 0.3486 -0.8844
vn 0.3056 0.4058 -0.8614
vn 0.3001 0.4605 -0.8354
vn 0.2940 0.5128 -0.8066
vn 0.2874 0.5625 -0.7753
vn 0.2805 0.6096 -0.7414
vn 0.2735 0.6539 -0.7054
vn 0.2664 0.6954 -0.6674
vn 0.2596 0.7339 -0.6277
vn 0.2530 0.7692 -0.5867
vn 0.2892 -0.7543 -0.5895
vn 0.2958 -0.7199 -0.6279
vn 0.3029 -0.6826 -0.6651
vn 0.3105 -0.6423 -0.7007
vn 0.3181 -0.5994 -0.7345
vn 0.3258 -0.5537 -0.7663
vn 0.3332 -0.5055 -0.7959
vn 0.3402 -0.4549 -0.8230
vn 0.3465 -0.4018 -0.8476
vn 0.3521 -0.3462 -0.8696
vn 0.3569 -0.2881 -0.8886
vn 0.3607 -0.2273 -0.9045
vn 0.3636 -0.1641 -0.9170
vn 0.3655 -0.0983 -0.9256
vn 0.3664 -0.0303 -0.9300
vn 0.3663 0.0392 -0.9297
vn 0.3652 0.1075 -0.9247
vn 0.3630 0.1736 -0.9155
vn 0.3599 0.2372 -0.9023
vn 0.3557 0.2983 -0.8857
vn 0.3506 0.3568 -0.8659
vn 0.3447 0.4127 -0.8431
vn 0.3380 0.4661 -0.8177
vn 0.3306 0.5169 -0.7897
vn 0.3228 0.5652 -0.7592
vn 0.3146 0.6109 -0.7265
vn 0.3064 0.6540 -0.6916
vn 0.2983 0.6943 -0.6550
vn 0.2905 0.7316 -0.6167
vn 0.2831 0.7660 -0.5772
vn 0.3218 -0.7445 -0.5850
vn 0.3294 -0.7103 -0.6221
vn 0.3378 -0.6731 -0.6579
vn 0.3466 -0.6330 -0.6922
vn 0.3556 -0.5902 -0.7247
vn 0.3646 -0.5447 -0.7552
vn 0.3732 -0.4967 -0.7836
vn 0.3812 -0.4462 -0.8097
vn 0.3886 -0.3932 -0.8333
vn 0.3952 -0.3378 -0.8543
vn 0.4007 -0.2797 -0.8725
vn 0.4052 -0.2189 -0.8876
vn 0.4085 -0.1554 -0.8994
vn 0.4107 -0.0892 -0.9074
vn 0.4115 -0.0205 -0.9112
vn 0.4111 0.0498 -0.9102
vn 0.4094 0.1185 -0.9046
vn 0.4065 0.1844 -0.8949
vn 0.4024 0.2475 -0.8814
vn 0.3971 0.3077 -0.8647
vn 0.3909 0.3650 -0.8450
vn 0.3837 0.4196 -0.8227
vn 0.3757 0.4715 -0.7979
vn 0.3670 0.5208 -0.7707
vn 0.3579 0.5677 -0.7414
vn 0.3484 0.6120 -0.7100
vn 0.3389 0.6537 -0.6766
vn 0.3294 0.6927 -0.6416
vn 0.3204 0.7289 -0.6050
vn 0.3120 0.7622 -0.5672
vn 0.3538 -0.7340 -0.5797
vn 0.3627 -0.7000 -0.6153
vn 0.3726 -0.6629 -0.6495
vn 0.3830 -0.6230 -0.6820
vn 0.3935 -0.5805 -0.7129
vn 0.4037 -0.5353 -0.7419
vn 0.4136 -0.4875 -0.7689
vn 0.4228 -0.4371 -0.7938
vn 0.4312 -0.3843 -0.8163
vn 0.4387 -0.3289 -0.8363
vn 0.4450 -0.2709 -0.8536
vn 0.4502 -0.2101 -0.8679
vn 0.4539 -0.1464 -0.8789
vn 0.4563 -0.0798 -0.8863
vn 0.4571 -0.0104 -0.8894
vn 0.4563 0.0607 -0.8878
vn 0.4539 0.1296 -0.8816
vn 0.4500 0.1954 -0.8714
vn 0.4449 0.2578 -0.8577
vn 0.4385 0.3171 -0.8410
vn 0.4310 0.3732 -0.8216
vn 0.4225 0.4264 -0.7998
vn 0.4132 0.4769 -0.7758
vn 0.4032 0.5249 -0.7496
vn 0.3927 0.5702 -0.7216
vn 0.3818 0.6129 -0.6918
vn 0.3708 0.6530 -0.6604
vn 0.3599 0.6906 -0.6274
vn 0.3494 0.7256 -0.5928
vn 0.3399 0.7578 -0.5569
vn 0.3858 -0.7227 -0.5735
vn 0.3960 -0.6888 -0.6073
vn 0.4075 -0.6519 -0.6395
vn 0.4195 -0.6124 -0.6700
vn 0.4316 -0.5704 -0.6989
vn 0.4432 -0.5257 -0.7261
vn 0.4544 -0.4782 -0.7516
vn 0.4648 -0.4279 -0.7752
vn 0.4742 -0.3751 -0.7965
vn 0.4826 -0.3198 -0.8154
vn 0.4897 -0.2618 -0.8316
vn 0.4955 -0.2009 -0.8451
vn 0.4997 -0.1369 -0.8553
vn 0.5022 -0.0699 -0.8619
vn 0.5029 0.0001 -0.8643
vn 0.5016 0.0718 -0.8621
vn 0.4984 0.1410 -0.8554
vn 0.4936 0.2065 -0.8448
vn 0.4873 0.2683 -0.8310
vn 0.4796 0.3265 -0.8145
vn 0.4708 0.3814 -0.7955
vn 0.4611 0.4333 -0.7744
vn 0.4504 0.4825 -0.7512
vn 0.4390 0.5291 -0.7262
vn 0.4271 0.5728 -0.6996
vn 0.4148 0.6137 -0.6718
vn 0.4023 0.6521 -0.6426
vn 0.3899 0.6881 -0.6120
vn 0.3780 0.7218 -0.5797
vn 0.3673 0.7530 -0.5460
vn 0.4170 -0.7108 -0.5665
vn 0.4291 -0.6770 -0.5980
vn 0.4426 -0.6404 -0.6277
vn 0.4563 -0.6015 -0.6557
vn 0.4699 -0.5601 -0.6823
vn 0.4829 -0.5160 -0.7075
vn 0.4953 -0.4689 -0.7313
vn 0.5069 -0.4186 -0.7536
vn 0.5175 -0.3657 -0.7736
vn 0.5268 -0.3104 -0.7913
vn 0.5347 -0.2523 -0.8065
vn 0.5411 -0.1913 -0.8189
vn 0.5457 -0.1271 -0.8283
vn 0.5483 -0.0597 -0.8341
vn 0.5488 0.0108 -0.8359
vn 0.5470 0.0831 -0.8330
vn 0.5429 0.1524 -0.8259
vn 0.5369 0.2176 -0.8151
vn 0.5294 0.2787 -0.8013
vn 0.5205 0.3360 -0.7850
vn 0.5103 0.3898 -0.7666
vn 0.4992 0.4405 -0.7462
vn 0.4871 0.4883 -0.7241
vn 0.4743 0.5336 -0.7003
vn 0.4610 0.5756 -0.6754
vn 0.4474 0.6147 -0.6496
vn 0.4335 0.6512 -0.6229
vn 0.4196 0.6855 -0.5950
vn 0.4060 0.7178 -0.5657
vn 0.3936 0.7478 -0.5347
vn 0.4483 -0.6982 -0.5583
vn 0.4627 -0.6644 -0.5870
vn 0.4780 -0.6287 -0.6134
vn 0.4932 -0.5908 -0.6385
vn 0.5081 -0.5501 -0.6628
vn 0.5224 -0.5066 -0.6859
vn 0.5361 -0.4598 -0.7079
vn 0.5490 -0.4093 -0.7287
vn 0.5607 -0.3563 -0.7474
vn 0.5710 -0.3008 -0.7639
vn 0.5797 -0.2425 -0.7779
vn 0.5866 -0.1813 -0.7893
vn 0.5916 -0.1169 -0.7977
vn 0.5944 -0.0491 -0.8027
vn 0.5946 0.0218 -0.8037
vn 0.5921 0.0946 -0.8003
vn 0.5870 0.1639 -0.7928
vn 0.5799 0.2287 -0.7819
vn 0.5710 0.2892 -0.7683
vn 0.5607 0.3455 -0.7525
vn 0.5492 0.3983 -0.7347
vn 0.5366 0.4478 -0.7153
vn 0.5230 0.4945 -0.6942
vn 0.5087 0.5385 -0.6717
vn 0.4941 0.5790 -0.6486
vn 0.4792 0.6162 -0.6250
vn 0.4641 0.6509 -0.6008
vn 0.4490 0.6831 -0.5760
vn 0.4338 0.7134 -0.5504
vn 0.4195 0.7423 -0.5225
vn 0.4806 -0.6856 -0.5468
vn 0.4966 -0.6523 -0.5726
vn 0.5131 -0.6179 -0.5957
vn 0.5295 -0.5812 -0.6180
vn 0.5458 -0.5409 -0.6400
vn 0.5614 -0.4978 -0.6610
vn 0.5765 -0.4510 -0.6813
vn 0.5908 -0.4002 -0.7006
vn 0.6037 -0.3468 -0.7178
vn 0.6149 -0.2910 -0.7329
vn 0.6244 -0.2325 -0.7457
vn 0.6320 -0.1709 -0.7559
vn 0.6373 -0.1062 -0.7633
vn 0.6400 -0.0382 -0.7674
vn 0.6399 0.0331 -0.7677
vn 0.6367 0.1061 -0.7638
vn 0.6306 0.1754 -0.7560
vn 0.6222 0.2398 -0.7452
vn 0.6120 0.2995 -0.7320
vn 0.6002 0.3550 -0.7167
vn 0.5872 0.4068 -0.6998
vn 0.5731 0.4553 -0.6814
vn 0.5579 0.5010 -0.6616
vn 0.5420 0.5439 -0.6406
vn 0.5260 0.5830 -0.6193
vn 0.5098 0.6186 -0.5978
vn 0.4935 0.6518 -0.5759
vn 0.4774 0.6819 -0.5542
vn 0.4614 0.7100 -0.5321
vn 0.4459 0.7374 -0.5073
vn -0.4323 -0.7830 -0.4472
vn -0.4464 -0.7642 -0.4655
vn -0.4620 -0.7426 -0.4849
vn -0.4779 -0.7203 -0.5027
vn -0.4943 -0.6963 -0.5204
vn -0.5115 -0.6690 -0.5393
vn -0.5286 -0.6394 -0.5583
vn -0.5461 -0.6068 -0.5775
vn -0.5639 -0.5705 -0.5971
vn -0.5813 -0.5316 -0.6160
vn -0.5980 -0.4900 -0.6343
vn -0.6141 -0.4449 -0.6518
vn -0.6295 -0.3960 -0.6686
vn -0.6439 -0.3424 -0.6842
vn -0.6571 -0.2835 -0.6985
vn -0.6686 -0.2186 -0.7108
vn -0.6775 -0.1486 -0.7203
vn -0.6831 -0.0785 -0.7261
vn -0.6853 -0.0100 -0.7282
vn -0.6844 0.0567 -0.7269
vn -0.6807 0.1214 -0.7225
vn -0.6742 0.1843 -0.7152
vn -0.6653 0.2453 -0.7051
vn -0.6540 0.3048 -0.6924
vn -0.6404 0.3622 -0.6773
vn -0.6254 0.4154 -0.6605
vn -0.6093 0.4648 -0.6425
vn -0.5919 0.5113 -0.6231
vn -0.5742 0.5527 -0.6040
vn -0.5563 0.5912 -0.5839
vn -0.5382 0.6288 -0.5612
vn -0.5212 0.6615 -0.5392
vn -0.4926 0.6750 -0.5493
vn -0.4614 0.6891 -0.5588
vn -0.4312 0.7029 -0.5657
vn -0.4005 0.7163 -0.5715
vn -0.3679 0.7291 -0.5771
vn -0.3352 0.7409 -0.5820
vn -0.3016 0.7520 -0.5861
vn -0.2671 0.7624 -0.5894
vn -0.2327 0.7717 -0.5919
vn -0.1985 0.7799 -0.5935
vn -0.1641 0.7873 -0.5944
vn -0.1293 0.7937 -0.5944
vn -0.0938 0.7992 -0.5937
vn -0.0572 0.8038 -0.5921
vn -0.0194 0.8075 -0.5895
vn 0.0193 0.8102 -0.5859
vn 0.0562 0.8116 -0.5815
vn 0.0911 0.8119 -0.5766
vn 0.1243 0.8114 -0.5712
vn 0.1561 0.8100 -0.5653
vn 0.1869 0.8078 -0.5590
vn 0.2170 0.8050 -0.5521
vn 0.2468 0.8014 -0.5448
vn 0.2763 0.7972 -0.5368
vn 0.3045 0.7924 -0.5286
vn 0.3316 0.7871 -0.5201
vn 0.3582 0.7813 -0.5112
vn 0.3832 0.7749 -0.5027
vn 0.4075 0.7684 -0.4935
vn 0.4323 0.7620 -0.4821
vn 0.4550 0.7560 -0.4707
vn 0.4702 0.7339 -0.4903
vn 0.4869 0.7084 -0.5110
vn 0.5037 0.6824 -0.5298
vn 0.5209 0.6543 -0.5483
vn 0.5387 0.6223 -0.5680
vn 0.5563 0.5877 -0.5875
vn 0.5739 0.5497 -0.6069
vn 0.5915 0.5077 -0.6263
vn 0.6083 0.4629 -0.6447
vn 0.6240 0.4153 -0.6619
vn 0.6386 0.3644 -0.6778
vn 0.6518 0.3097 -0.6923
vn 0.6635 0.2506 -0.7050
vn 0.6732 0.1867 -0.7155
vn 0.6804 0.1177 -0.7234
vn 0.6845 0.0447 -0.7277
vn 0.6850 -0.0268 -0.7281
vn 0.6822 -0.0951 -0.7249
vn 0.6767 -0.1602 -0.7187
vn 0.6686 -0.2221 -0.7097
vn 0.6583 -0.2811 -0.6983
vn 0.6460 -0.3374 -0.6847
vn 0.6319 -0.3914 -0.6690
vn 0.6161 -0.4428 -0.6515
vn 0.5994 -0.4899 -0.6330
vn 0.5822 -0.5331 -0.6139
vn 0.5643 -0.5734 -0.5940
vn 0.5464 -0.6092 -0.5747
vn 0.5287 -0.6423 -0.5549
vn 0.5111 -0.6744 -0.5329
vn 0.4948 -0.7022 -0.5119
vn 0.4667 -0.7150 -0.5205
vn 0.4364 -0.7282 -0.5284
vn 0.4071 -0.7410 -0.5341
vn 0.3775 -0.7532 -0.5387
vn 0.3463 -0.7649 -0.5432
vn 0.3150 -0.7756 -0.5470
vn 0.2831 -0.7856 -0.5501
vn 0.2504 -0.7949 -0.5527
vn 0.2179 -0.8032 -0.5544
vn 0.1858 -0.8105 -0.5555
vn 0.1535 -0.8169 -0.5560
vn 0.1209 -0.8225 -0.5557
vn 0.0877 -0.8273 -0.5549
vn 0.0535 -0.8313 -0.5533
vn 0.0181 -0.8344 -0.5508
vn -0.0180 -0.8365 -0.5476
vn -0.0526 -0.8376 -0.5437
vn -0.0852 -0.8377 -0.5394
vn -0.1163 -0.8370 -0.5347
vn -0.1462 -0.8356 -0.5296
vn -0.1753 -0.8334 -0.5241
vn -0.2037 -0.8306 -0.5182
vn -0.2319 -0.8272 -0.5118
vn -0.2599 -0.8231 -0.5050
vn -0.2868 -0.8185 -0.4979
vn -0.3127 -0.8134 -0.4905
vn -0.3383 -0.8078 -0.4828
vn -0.3624 -0.8017 -0.4754
vn -0.3859 -0.7954 -0.4673
vn -0.4101 -0.7891 -0.4573
vt 0.632812 0.508508
vt 0.640625 0.508417
vt 0.640625 0.516235
vt 0.632812 0.516357
vt 0.648438 0.508036
vt 0.648438 0.515845
vt 0.656250 0.507813
vt 0.656250 0.515625
vt 0.664063 0.507813
vt 0.664063 0.515625
vt 0.671875 0.507812
vt 0.671875 0.515625
vt 0.679688 0.507813
vt 0.679688 0.515625
vt 0.687500 0.507813
vt 0.687500 0.515625
vt 0.695312 0.507813
vt 0.695313 0.515625
vt 0.703125 0.507813
vt 0.703125 0.515625
vt 0.710938 0.507813
vt 0.710938 0.515625
vt 0.718750 0.507813
vt 0.718750 0.515625
vt 0.726563 0.507813
vt 0.726562 0.515625
vt 0.734375 0.507813
vt 0.734375 0.515625
vt 0.742188 0.507813
vt 0.742188 0.515625
vt 0.750000 0.507813
vt 0.750000 0.515625
vt 0.757813 0.507813
vt 0.757812 0.515625
vt 0.765625 0.507813
vt 0.765625 0.515625
vt 0.773438 0.507813
vt 0.773437 0.515625
vt 0.781250 0.507813
vt 0.781250 0.515625
vt 0.789063 0.507813
vt 0.789063 0.515625
vt 0.796875 0.507813
vt 0.796875 0.515625
vt 0.804688 0.507813
vt 0.804688 0.515625
vt 0.812500 0.507813
vt 0.812500 0.515625
vt 0.820313 0.507813
vt 0.820313 0.515625
vt 0.828125 0.507812
vt 0.828125 0.515625
vt 0.835938 0.507813
vt 0.835938 0.515625
vt 0.843750 0.507813
vt 0.843750 0.515625
vt 0.851563 0.507813
vt 0.851563 0.515625
vt 0.859375 0.507812
vt 0.859375 0.515625
vt 0.867188 0.507812
vt 0.867188 0.515625
vt 0.640625 0.523712
vt 0.632813 0.523798
vt 0.648438 0.523532
vt 0.656250 0.523438
vt 0.664063 0.523438
vt 0.671875 0.523438
vt 0.679688 0.523438
vt 0.687500 0.523438
vt 0.695313 0.523438
vt 0.703125 0.523438
vt 0.710938 0.523438
vt 0.718750 0.523438
vt 0.726562 0.523438
vt 0.734375 0.523438
vt 0.742188 0.523438
vt 0.750000 0.523438
vt 0.757812 0.523438
vt 0.765625 0.523438
vt 0.773438 0.523438
vt 0.781250 0.523438
vt 0.789062 0.523438
vt 0.796875 0.523438
vt 0.804688 0.523438
vt 0.812500 0.523438
vt 0.820312 0.523438
vt 0.828125 0.523438
vt 0.835938 0.523438
vt 0.843750 0.523438
vt 0.851562 0.523438
vt 0.859375 0.523438
vt 0.867188 0.523438
vt 0.640625 0.531250
vt 0.632812 0.531250
vt 0.648438 0.531250
vt 0.656250 0.531250
vt 0.664063 0.531250
vt 0.671875 0.531250
vt 0.679688 0.531250
vt 0.687500 0.531250
vt 0.695313 0.531250
vt 0.703125 0.531250
vt 0.710938 0.531250
vt 0.718750 0.531250
vt 0.726563 0.531250
vt 0.734375 0.531250
vt 0.742188 0.531250
vt 0.750000 0.531250
vt 0.757813 0.531250
vt 0.765625 0.531250
vt 0.773438 0.531250
vt 0.781250 0.531250
vt 0.789063 0.531250
vt 0.796875 0.531250
vt 0.804688 0.531250
vt 0.812500 0.531250
vt 0.820312 0.531250
vt 0.828125 0.531250
vt 0.835938 0.531250
vt 0.843750 0.531250
vt 0.851563 0.531250
vt 0.859375 0.531250
vt 0.867188 0.531250
vt 0.640625 0.539062
vt 0.632813 0.539063
vt 0.648438 0.539063
vt 0.656250 0.539063
vt 0.664063 0.539063
vt 0.671875 0.539062
vt 0.679688 0.539063
vt 0.687500 0.539062
vt 0.695313 0.539062
vt 0.703125 0.539062
vt 0.710938 0.539062
vt 0.718750 0.539062
vt 0.726563 0.539062
vt 0.734375 0.539062
vt 0.742188 0.539062
vt 0.750000 0.539062
vt 0.757812 0.539062
vt 0.765625 0.539062
vt 0.773438 0.539062
vt 0.781250 0.539062
vt 0.789063 0.539062
vt 0.796875 0.539062
vt 0.804688 0.539062
vt 0.812500 0.539063
vt 0.820313 0.539063
vt 0.828125 0.539062
vt 0.835938 0.539063
vt 0.843750 0.539063
vt 0.851563 0.539062
vt 0.859375 0.539062
vt 0.867188 0.539063
vt 0.640625 0.546875
vt 0.632813 0.546875
vt 0.648438 0.546875
vt 0.656250 0.546875
vt 0.664063 0.546875
vt 0.671875 0.546875
vt 0.679688 0.546875
vt 0.687500 0.546875
vt 0.695312 0.546875
vt 0.703125 0.546875
vt 0.710938 0.546875
vt 0.718750 0.546875
vt 0.726563 0.546875
vt 0.734375 0.546875
vt 0.742188 0.546875
vt 0.750000 0.546875
vt 0.757813 0.546875
vt 0.765625 0.546875
vt 0.773438 0.546875
vt 0.781250 0.546875
vt 0.789063 0.546875
vt 0.796875 0.546875
vt 0.804688 0.546875
vt 0.812500 0.546875
vt 0.820312 0.546875
vt 0.828125 0.546875
vt 0.835938 0.546875
vt 0.843750 0.546875
vt 0.851563 0.546875
vt 0.859375 0.546875
vt 0.867188 0.546875
vt 0.640625 0.554688
vt 0.632813 0.554688
vt 0.648438 0.554688
vt 0.656250 0.554688
vt 0.664063 0.554688
vt 0.671875 0.554688
vt 0.679688 0.554688
vt 0.687500 0.554688
vt 0.695313 0.554688
vt 0.703125 0.554688
vt 0.710938 0.554688
vt 0.718750 0.554688
vt 0.726563 0.554688
vt 0.734375 0.554688
vt 0.742188 0.554688
vt 0.750000 0.554688
vt 0.757813 0.554688
vt 0.765625 0.554688
vt 0.773438 0.554688
vt 0.781250 0.554688
vt 0.789063 0.554688
vt 0.796875 0.554688
vt 0.804688 0.554688
vt 0.812500 0.554688
vt 0.820312 0.554688
vt 0.828125 0.554688
vt 0.835938 0.554688
vt 0.843750 0.554688
vt 0.851563 0.554688
vt 0.859375 0.554688
vt 0.867188 0.554688
vt 0.640625 0.562500
vt 0.632813 0.562500
vt 0.648438 0.562500
vt 0.656250 0.562500
vt 0.664062 0.562500
vt 0.671875 0.562500
vt 0.679688 0.562500
vt 0.687500 0.562500
vt 0.695313 0.562500
vt 0.703125 0.562500
vt 0.710938 0.562500
vt 0.718750 0.562500
vt 0.726563 0.562500
vt 0.734375 0.562500
vt 0.742188 0.562500
vt 0.750000 0.562500
vt 0.757813 0.562500
vt 0.765625 0.562500
vt 0.773438 0.562500
vt 0.781250 0.562500
vt 0.789063 0.562500
vt 0.796875 0.562500
vt 0.804688 0.562500
vt 0.812500 0.562500
vt 0.820312 0.562500
vt 0.828125 0.562500
vt 0.835938 0.562500
vt 0.843750 0.562500
vt 0.851563 0.562500
vt 0.859375 0.562500
vt 0.867188 0.562500
vt 0.640625 0.570313
vt 0.632813 0.570312
vt 0.648438 0.570313
vt 0.656250 0.570312
vt 0.664063 0.570312
vt 0.671875 0.570313
vt 0.679688 0.570312
vt 0.687500 0.570312
vt 0.695312 0.570312
vt 0.703125 0.570313
vt 0.710938 0.570313
vt 0.718750 0.570312
vt 0.726563 0.570312
vt 0.734375 0.570313
vt 0.742188 0.570312
vt 0.750000 0.570312
vt 0.757813 0.570312
vt 0.765625 0.570313
vt 0.773438 0.570313
vt 0.781250 0.570312
vt 0.789062 0.570312
vt 0.796875 0.570313
vt 0.804688 0.570312
vt 0.812500 0.570312
vt 0.820312 0.570313
vt 0.828125 0.570313
vt 0.835938 0.570313
vt 0.843750 0.570313
vt 0.851563 0.570313
vt 0.859375 0.570313
vt 0.867188 0.570313
vt 0.640625 0.578125
vt 0.632813 0.578125
vt 0.648438 0.578125
vt 0.656250 0.578125
vt 0.664062 0.578125
vt 0.671875 0.578125
vt 0.679688 0.578125
vt 0.687500 0.578125
vt 0.695312 0.578125
vt 0.703125 0.578125
vt 0.710938 0.578125
vt 0.718750 0.578125
vt 0.726563 0.578125
vt 0.734375 0.578125
vt 0.742188 0.578125
vt 0.750000 0.578125
vt 0.757812 0.578125
vt 0.765625 0.578125
vt 0.773437 0.578125
vt 0.781250 0.578125
vt 0.789063 0.578125
vt 0.796875 0.578125
vt 0.804688 0.578125
vt 0.812500 0.578125
vt 0.820312 0.578125
vt 0.828125 0.578125
vt 0.835938 0.578125
vt 0.843750 0.578125
vt 0.851563 0.578125
vt 0.859375 0.578125
vt 0.867188 0.578125
vt 0.640625 0.585938
vt 0.632813 0.585938
vt 0.648438 0.585938
vt 0.656250 0.585938
vt 0.664063 0.585938
vt 0.671875 0.585938
vt 0.679688 0.585938
vt 0.687500 0.585938
vt 0.695313 0.585938
vt 0.703125 0.585938
vt 0.710938 0.585938
vt 0.718750 0.585938
vt 0.726563 0.585938
vt 0.734375 0.585938
vt 0.742188 0.585938
vt 0.750000 0.585938
vt 0.757813 0.585938
vt 0.765625 0.585938
vt 0.773438 0.585938
vt 0.781250 0.585938
vt 0.789063 0.585938
vt 0.796875 0.585938
vt 0.804688 0.585938
vt 0.812500 0.585938
vt 0.820313 0.585938
vt 0.828125 0.585938
vt 0.835938 0.585938
vt 0.843750 0.585938
vt 0.851563 0.585938
vt 0.859375 0.585938
vt 0.867188 0.585938
vt 0.640625 0.593750
vt 0.632813 0.593750
vt 0.648438 0.593750
vt 0.656250 0.593750
vt 0.664063 0.593750
vt 0.671875 0.593750
vt 0.679688 0.593750
vt 0.687500 0.593750
vt 0.695313 0.593750
vt 0.703125 0.593750
vt 0.710938 0.593750
vt 0.718750 0.593750
vt 0.726563 0.593750
vt 0.734375 0.593750
vt 0.742188 0.593750
vt 0.750000 0.593750
vt 0.757813 0.593750
vt 0.765625 0.593750
vt 0.773438 0.593750
vt 0.781250 0.593750
vt 0.789063 0.593750
vt 0.796875 0.593750
vt 0.804688 0.593750
vt 0.812500 0.593750
vt 0.820313 0.593750
vt 0.828125 0.593750
vt 0.835938 0.593750
vt 0.843750 0.593750
vt 0.851563 0.593750
vt 0.859375 0.593750
vt 0.867188 0.593750
vt 0.640625 0.601562
vt 0.632813 0.601563
vt 0.648438 0.601563
vt 0.656250 0.601563
vt 0.664063 0.601562
vt 0.671875 0.601562
vt 0.679688 0.601563
vt 0.687500 0.601563
vt 0.695313 0.601563
vt 0.703125 0.601562
vt 0.710938 0.601563
vt 0.718750 0.601563
vt 0.726563 0.601562
vt 0.734375 0.601562
vt 0.742188 0.601563
vt 0.750000 0.601563
vt 0.757813 0.601563
vt 0.765625 0.601562
vt 0.773438 0.601563
vt 0.781250 0.601563
vt 0.789063 0.601562
vt 0.796875 0.601562
vt 0.804688 0.601563
vt 0.812500 0.601563
vt 0.820312 0.601562
vt 0.828125 0.601562
vt 0.835938 0.601563
vt 0.843750 0.601563
vt 0.851563 0.601563
vt 0.859375 0.601562
vt 0.867188 0.601563
vt 0.640625 0.609375
vt 0.632813 0.609375
vt 0.648438 0.609375
vt 0.656250 0.609375
vt 0.664062 0.609375
vt 0.671875 0.609375
vt 0.679688 0.609375
vt 0.687500 0.609375
vt 0.695313 0.609375
vt 0.703125 0.609375
vt 0.710938 0.609375
vt 0.718750 0.609375
vt 0.726562 0.609375
vt 0.734375 0.609375
vt 0.742188 0.609375
vt 0.750000 0.609375
vt 0.757812 0.609375
vt 0.765625 0.609375
vt 0.773438 0.609375
vt 0.781250 0.609375
vt 0.789063 0.609375
vt 0.796875 0.609375
vt 0.804688 0.609375
vt 0.812500 0.609375
vt 0.820312 0.609375
vt 0.828125 0.609375
vt 0.835938 0.609375
vt 0.843750 0.609375
vt 0.851562 0.609375
vt 0.859375 0.609375
vt 0.867188 0.609375
vt 0.640625 0.617188
vt 0.632813 0.617188
vt 0.648438 0.617188
vt 0.656250 0.617188
vt 0.664063 0.617188
vt 0.671875 0.617188
vt 0.679688 0.617188
vt 0.687500 0.617188
vt 0.695312 0.617188
vt 0.703125 0.617188
vt 0.710938 0.617188
vt 0.718750 0.617188
vt 0.726563 0.617188
vt 0.734375 0.617188
vt 0.742188 0.617188
vt 0.750000 0.617188
vt 0.757813 0.617188
vt 0.765625 0.617188
vt 0.773438 0.617188
vt 0.781250 0.617188
vt 0.789063 0.617188
vt 0.796875 0.617188
vt 0.804688 0.617188
vt 0.812500 0.617188
vt 0.820312 0.617188
vt 0.828125 0.617188
vt 0.835938 0.617188
vt 0.843750 0.617188
vt 0.851563 0.617188
vt 0.859375 0.617188
vt 0.867188 0.617188
vt 0.640625 0.625000
vt 0.632813 0.625000
vt 0.648438 0.625000
vt 0.656250 0.625000
vt 0.664062 0.625000
vt 0.671875 0.625000
vt 0.679688 0.625000
vt 0.687500 0.625000
vt 0.695313 0.625000
vt 0.703125 0.625000
vt 0.710938 0.625000
vt 0.718750 0.625000
vt 0.726563 0.625000
vt 0.734375 0.625000
vt 0.742188 0.625000
vt 0.750000 0.625000
vt 0.757813 0.625000
vt 0.765625 0.625000
vt 0.773438 0.625000
vt 0.781250 0.625000
vt 0.789063 0.625000
vt 0.796875 0.625000
vt 0.804688 0.625000
vt 0.812500 0.625000
vt 0.820312 0.625000
vt 0.828125 0.625000
vt 0.835938 0.625000
vt 0.843750 0.625000
vt 0.851563 0.625000
vt 0.859375 0.625000
vt 0.867188 0.625000
vt 0.640625 0.632813
vt 0.632813 0.632813
vt 0.648438 0.632813
vt 0.656250 0.632813
vt 0.664063 0.632813
vt 0.671875 0.632813
vt 0.679688 0.632812
vt 0.687500 0.632813
vt 0.695312 0.632813
vt 0.703125 0.632813
vt 0.710938 0.632813
vt 0.718750 0.632813
vt 0.726563 0.632813
vt 0.734375 0.632813
vt 0.742188 0.632812
vt 0.750000 0.632813
vt 0.757813 0.632813
vt 0.765625 0.632813
vt 0.773438 0.632813
vt 0.781250 0.632813
vt 0.789062 0.632813
vt 0.796875 0.632813
vt 0.804688 0.632812
vt 0.812500 0.632813
vt 0.820312 0.632812
vt 0.828125 0.632812
vt 0.835938 0.632813
vt 0.843750 0.632812
vt 0.851563 0.632812
vt 0.859375 0.632813
vt 0.867188 0.632812
vt 0.640625 0.640625
vt 0.632813 0.640625
vt 0.648438 0.640625
vt 0.656250 0.640625
vt 0.664062 0.640625
vt 0.671875 0.640625
vt 0.679688 0.640625
vt 0.687500 0.640625
vt 0.695312 0.640625
vt 0.703125 0.640625
vt 0.710938 0.640625
vt 0.718750 0.640625
vt 0.726563 0.640625
vt 0.734375 0.640625
vt 0.742188 0.640625
vt 0.750000 0.640625
vt 0.757812 0.640625
vt 0.765625 0.640625
vt 0.773437 0.640625
vt 0.781250 0.640625
vt 0.789063 0.640625
vt 0.796875 0.640625
vt 0.804688 0.640625
vt 0.812500 0.640625
vt 0.820312 0.640625
vt 0.828125 0.640625
vt 0.835938 0.640625
vt 0.843750 0.640625
vt 0.851563 0.640625
vt 0.859375 0.640625
vt 0.867188 0.640625
vt 0.640625 0.648438
vt 0.632813 0.648438
vt 0.648438 0.648438
vt 0.656250 0.648438
vt 0.664063 0.648438
vt 0.671875 0.648438
vt 0.679688 0.648438
vt 0.687500 0.648438
vt 0.695313 0.648438
vt 0.703125 0.648438
vt 0.710938 0.648438
vt 0.718750 0.648438
vt 0.726563 0.648438
vt 0.734375 0.648438
vt 0.742188 0.648438
vt 0.750000 0.648438
vt 0.757813 0.648438
vt 0.765625 0.648438
vt 0.773438 0.648438
vt 0.781250 0.648438
vt 0.789063 0.648438
vt 0.796875 0.648438
vt 0.804688 0.648438
vt 0.812500 0.648438
vt 0.820313 0.648438
vt 0.828125 0.648438
vt 0.835938 0.648438
vt 0.843750 0.648438
vt 0.851563 0.648438
vt 0.859375 0.648438
vt 0.867188 0.648438
vt 0.640625 0.656250
vt 0.632813 0.656250
vt 0.648438 0.656250
vt 0.656250 0.656250
vt 0.664063 0.656250
vt 0.671875 0.656250
vt 0.679688 0.656250
vt 0.687500 0.656250
vt 0.695313 0.656250
vt 0.703125 0.656250
vt 0.710938 0.656250
vt 0.718750 0.656250
vt 0.726563 0.656250
vt 0.734375 0.656250
vt 0.742188 0.656250
vt 0.750000 0.656250
vt 0.757813 0.656250
vt 0.765625 0.656250
vt 0.773438 0.656250
vt 0.781250 0.656250
vt 0.789063 0.656250
vt 0.796875 0.656250
vt 0.804688 0.656250
vt 0.812500 0.656250
vt 0.820313 0.656250
vt 0.828125 0.656250
vt 0.835938 0.656250
vt 0.843750 0.656250
vt 0.851563 0.656250
vt 0.859375 0.656250
vt 0.867188 0.656250
vt 0.640625 0.664062
vt 0.632813 0.664063
vt 0.648438 0.664062
vt 0.656250 0.664063
vt 0.664063 0.664062
vt 0.671875 0.664062
vt 0.679688 0.664062
vt 0.687500 0.664062
vt 0.695313 0.664063
vt 0.703125 0.664062
vt 0.710938 0.664062
vt 0.718750 0.664063
vt 0.726563 0.664062
vt 0.734375 0.664062
vt 0.742188 0.664062
vt 0.750000 0.664062
vt 0.757813 0.664063
vt 0.765625 0.664062
vt 0.773438 0.664062
vt 0.781250 0.664063
vt 0.789063 0.664062
vt 0.796875 0.664062
vt 0.804688 0.664062
vt 0.812500 0.664062
vt 0.820312 0.664063
vt 0.828125 0.664062
vt 0.835938 0.664062
vt 0.843750 0.664063
vt 0.851563 0.664062
vt 0.859375 0.664062
vt 0.867188 0.664063
vt 0.640625 0.671875
vt 0.632813 0.671875
vt 0.648438 0.671875
vt 0.656250 0.671875
vt 0.664062 0.671875
vt 0.671875 0.671875
vt 0.679688 0.671875
vt 0.687500 0.671875
vt 0.695313 0.671875
vt 0.703125 0.671875
vt 0.710938 0.671875
vt 0.718750 0.671875
vt 0.726562 0.671875
vt 0.734375 0.671875
vt 0.742188 0.671875
vt 0.750000 0.671875
vt 0.757812 0.671875
vt 0.765625 0.671875
vt 0.773438 0.671875
vt 0.781250 0.671875
vt 0.789063 0.671875
vt 0.796875 0.671875
vt 0.804688 0.671875
vt 0.812500 0.671875
vt 0.820312 0.671875
vt 0.828125 0.671875
vt 0.835938 0.671875
vt 0.843750 0.671875
vt 0.851562 0.671875
vt 0.859375 0.671875
vt 0.867188 0.671875
vt 0.640625 0.679688
vt 0.632813 0.679688
vt 0.648438 0.679688
vt 0.656250 0.679688
vt 0.664063 0.679688
vt 0.671875 0.679688
vt 0.679688 0.679688
vt 0.687500 0.679688
vt 0.695312 0.679688
vt 0.703125 0.679688
vt 0.710938 0.679688
vt 0.718750 0.679688
vt 0.726563 0.679688
vt 0.734375 0.679688
vt 0.742188 0.679688
vt 0.750000 0.679688
vt 0.757813 0.679688
vt 0.765625 0.679688
vt 0.773438 0.679688
vt 0.781250 0.679688
vt 0.789063 0.679688
vt 0.796875 0.679688
vt 0.804688 0.679688
vt 0.812500 0.679688
vt 0.820312 0.679688
vt 0.828125 0.679688
vt 0.835938 0.679688
vt 0.843750 0.679688
vt 0.851563 0.679688
vt 0.859375 0.679688
vt 0.867188 0.679687
vt 0.640625 0.687500
vt 0.632812 0.687500
vt 0.648438 0.687500
vt 0.656250 0.687500
vt 0.664063 0.687500
vt 0.671875 0.687500
vt 0.679688 0.687500
vt 0.687500 0.687500
vt 0.695313 0.687500
vt 0.703125 0.687500
vt 0.710938 0.687500
vt 0.718750 0.687500
vt 0.726563 0.687500
vt 0.734375 0.687500
vt 0.742188 0.687500
vt 0.750000 0.687500
vt 0.757813 0.687500
vt 0.765625 0.687500
vt 0.773438 0.687500
vt 0.781250 0.687500
vt 0.789063 0.687500
vt 0.796875 0.687500
vt 0.804688 0.687500
vt 0.812500 0.687500
vt 0.820312 0.687500
vt 0.828125 0.687500
vt 0.835938 0.687500
vt 0.843750 0.687500
vt 0.851563 0.687500
vt 0.859375 0.687500
vt 0.867188 0.687500
vt 0.640625 0.695313
vt 0.632813 0.695313
vt 0.648438 0.695313
vt 0.656250 0.695312
vt 0.664063 0.695313
vt 0.671875 0.695313
vt 0.679688 0.695313
vt 0.687500 0.695313
vt 0.695313 0.695313
vt 0.703125 0.695313
vt 0.710938 0.695313
vt 0.718750 0.695313
vt 0.726563 0.695313
vt 0.734375 0.695313
vt 0.742188 0.695312
vt 0.750000 0.695313
vt 0.757813 0.695313
vt 0.765625 0.695313
vt 0.773438 0.695313
vt 0.781250 0.695313
vt 0.789063 0.695313
vt 0.796875 0.695313
vt 0.804688 0.695312
vt 0.812500 0.695312
vt 0.820313 0.695313
vt 0.828125 0.695313
vt 0.835938 0.695313
vt 0.843750 0.695312
vt 0.851563 0.695313
vt 0.859375 0.695313
vt 0.867188 0.695313
vt 0.640625 0.703125
vt 0.632813 0.703125
vt 0.648438 0.703125
vt 0.656250 0.703125
vt 0.664063 0.703125
vt 0.671875 0.703125
vt 0.679688 0.703125
vt 0.687500 0.703125
vt 0.695313 0.703125
vt 0.703125 0.703125
vt 0.710938 0.703125
vt 0.718750 0.703125
vt 0.726563 0.703125
vt 0.734375 0.703125
vt 0.742187 0.703125
vt 0.750000 0.703125
vt 0.757813 0.703125
vt 0.765625 0.703125
vt 0.773438 0.703125
vt 0.781250 0.703125
vt 0.789063 0.703125
vt 0.796875 0.703125
vt 0.804688 0.703125
vt 0.812500 0.703125
vt 0.820312 0.703125
vt 0.828125 0.703125
vt 0.835938 0.703125
vt 0.843750 0.703125
vt 0.851563 0.703125
vt 0.859375 0.703125
vt 0.867188 0.703125
vt 0.640625 0.710938
vt 0.632813 0.710938
vt 0.648438 0.710938
vt 0.656250 0.710938
vt 0.664063 0.710938
vt 0.671875 0.710938
vt 0.679688 0.710938
vt 0.687500 0.710938
vt 0.695313 0.710938
vt 0.703125 0.710938
vt 0.710938 0.710938
vt 0.718750 0.710938
vt 0.726563 0.710938
vt 0.734375 0.710938
vt 0.742188 0.710938
vt 0.750000 0.710938
vt 0.757813 0.710938
vt 0.765625 0.710938
vt 0.773438 0.710938
vt 0.781250 0.710938
vt 0.789063 0.710938
vt 0.796875 0.710938
vt 0.804688 0.710938
vt 0.812500 0.710938
vt 0.820312 0.710938
vt 0.828125 0.710938
vt 0.835938 0.710938
vt 0.843750 0.710938
vt 0.851563 0.710938
vt 0.859375 0.710938
vt 0.867188 0.710938
vt 0.640625 0.718750
vt 0.632812 0.718750
vt 0.648438 0.718750
vt 0.656250 0.718750
vt 0.664063 0.718750
vt 0.671875 0.718750
vt 0.679688 0.718750
vt 0.687500 0.718750
vt 0.695313 0.718750
vt 0.703125 0.718750
vt 0.710938 0.718750
vt 0.718750 0.718750
vt 0.726563 0.718750
vt 0.734375 0.718750
vt 0.742188 0.718750
vt 0.750000 0.718750
vt 0.757813 0.718750
vt 0.765625 0.718750
vt 0.773438 0.718750
vt 0.781250 0.718750
vt 0.789063 0.718750
vt 0.796875 0.718750
vt 0.804688 0.718750
vt 0.812500 0.718750
vt 0.820312 0.718750
vt 0.828125 0.718750
vt 0.835938 0.718750
vt 0.843750 0.718750
vt 0.851563 0.718750
vt 0.859375 0.718750
vt 0.867188 0.718750
vt 0.640625 0.726288
vt 0.632812 0.726202
vt 0.648438 0.726468
vt 0.656250 0.726563
vt 0.664063 0.726562
vt 0.671875 0.726562
vt 0.679688 0.726562
vt 0.687500 0.726562
vt 0.695312 0.726562
vt 0.703125 0.726562
vt 0.710938 0.726562
vt 0.718750 0.726563
vt 0.726563 0.726563
vt 0.734375 0.726563
vt 0.742188 0.726562
vt 0.750000 0.726562
vt 0.757813 0.726562
vt 0.765625 0.726562
vt 0.773438 0.726562
vt 0.781250 0.726563
vt 0.789063 0.726563
vt 0.796875 0.726563
vt 0.804688 0.726562
vt 0.812500 0.726563
vt 0.820312 0.726562
vt 0.828125 0.726562
vt 0.835938 0.726562
vt 0.843750 0.726563
vt 0.851562 0.726562
vt 0.859375 0.726562
vt 0.867188 0.726563
vt 0.640625 0.733765
vt 0.632812 0.733643
vt 0.648438 0.734155
vt 0.656250 0.734375
vt 0.664063 0.734375
vt 0.671875 0.734375
vt 0.679688 0.734375
vt 0.687500 0.734375
vt 0.695313 0.734375
vt 0.703125 0.734375
vt 0.710938 0.734375
vt 0.718750 0.734375
vt 0.726562 0.734375
vt 0.734375 0.734375
vt 0.742188 0.734375
vt 0.750000 0.734375
vt 0.757812 0.734375
vt 0.765625 0.734375
vt 0.773438 0.734375
vt 0.781250 0.734375
vt 0.789063 0.734375
vt 0.796875 0.734375
vt 0.804688 0.734375
vt 0.812500 0.734375
vt 0.820313 0.734375
vt 0.828125 0.734375
vt 0.835938 0.734375
vt 0.843750 0.734375
vt 0.851563 0.734375
vt 0.859375 0.734375
vt 0.867188 0.734375
vt 0.640625 0.741583
vt 0.632812 0.741492
vt 0.648438 0.741964
vt 0.656250 0.742188
vt 0.664063 0.742188
vt 0.671875 0.742188
vt 0.679688 0.742188
vt 0.687500 0.742188
vt 0.695313 0.742188
vt 0.703125 0.742188
vt 0.710938 0.742188
vt 0.718750 0.742188
vt 0.726563 0.742188
vt 0.734375 0.742188
vt 0.742188 0.742188
vt 0.750000 0.742188
vt 0.757813 0.742188
vt 0.765625 0.742188
vt 0.773438 0.742188
vt 0.781250 0.742188
vt 0.789063 0.742188
vt 0.796875 0.742188
vt 0.804688 0.742188
vt 0.812500 0.742188
vt 0.820313 0.742188
vt 0.828125 0.742188
vt 0.835938 0.742188
vt 0.843750 0.742188
vt 0.851563 0.742188
vt 0.859375 0.742188
vt 0.867188 0.742188
vt 0.625000 0.500000
vt 0.632812 0.500000
vt 0.625000 0.507812
vt 0.640625 0.500000
vt 0.648438 0.500000
vt 0.656250 0.500000
vt 0.664063 0.500000
vt 0.671875 0.500000
vt 0.679688 0.500000
vt 0.687500 0.500000
vt 0.695313 0.500000
vt 0.703125 0.500000
vt 0.710938 0.500000
vt 0.718750 0.500000
vt 0.726563 0.500000
vt 0.734375 0.500000
vt 0.742188 0.500000
vt 0.750000 0.500000
vt 0.757813 0.500000
vt 0.765625 0.500000
vt 0.773438 0.500000
vt 0.781250 0.500000
vt 0.789063 0.500000
vt 0.796875 0.500000
vt 0.804688 0.500000
vt 0.812500 0.500000
vt 0.820313 0.500000
vt 0.828125 0.500000
vt 0.835938 0.500000
vt 0.843750 0.500000
vt 0.851562 0.500000
vt 0.859375 0.500000
vt 0.867188 0.500000
vt 0.875000 0.500000
vt 0.875000 0.507813
vt 0.875000 0.515625
vt 0.875000 0.523438
vt 0.875000 0.531250
vt 0.875000 0.539062
vt 0.875000 0.546875
vt 0.875000 0.554688
vt 0.875000 0.562500
vt 0.875000 0.570313
vt 0.875000 0.578125
vt 0.875000 0.585938
vt 0.875000 0.593750
vt 0.875000 0.601563
vt 0.875000 0.609375
vt 0.875000 0.617188
vt 0.875000 0.625000
vt 0.875000 0.632813
vt 0.875000 0.640625
vt 0.875000 0.648438
vt 0.875000 0.656250
vt 0.875000 0.664063
vt 0.875000 0.671875
vt 0.875000 0.679688
vt 0.875000 0.687500
vt 0.875000 0.695312
vt 0.875000 0.703125
vt 0.875000 0.710938
vt 0.875000 0.718750
vt 0.875000 0.726562
vt 0.875000 0.734375
vt 0.875000 0.742188
vt 0.875000 0.750000
vt 0.867188 0.750000
vt 0.859375 0.750000
vt 0.851563 0.750000
vt 0.843750 0.750000
vt 0.835938 0.750000
vt 0.828125 0.750000
vt 0.820313 0.750000
vt 0.812500 0.750000
vt 0.804688 0.750000
vt 0.796875 0.750000
vt 0.789063 0.750000
vt 0.781250 0.750000
vt 0.773438 0.750000
vt 0.765625 0.750000
vt 0.757813 0.750000
vt 0.750000 0.750000
vt 0.742188 0.750000
vt 0.734375 0.750000
vt 0.726563 0.750000
vt 0.718750 0.750000
vt 0.710938 0.750000
vt 0.703125 0.750000
vt 0.695313 0.750000
vt 0.687500 0.750000
vt 0.679688 0.750000
vt 0.671875 0.750000
vt 0.664063 0.750000
vt 0.656250 0.750000
vt 0.648438 0.750000
vt 0.640625 0.750000
vt 0.632812 0.750000
vt 0.625000 0.742188
vt 0.625000 0.750000
vt 0.625000 0.734375
vt 0.625000 0.726562
vt 0.625000 0.718750
vt 0.625000 0.710938
vt 0.625000 0.703125
vt 0.625000 0.695312
vt 0.625000 0.687500
vt 0.625000 0.679688
vt 0.625000 0.671875
vt 0.625000 0.664062
vt 0.625000 0.656250
vt 0.625000 0.648438
vt 0.625000 0.640625
vt 0.625000 0.632813
vt 0.625000 0.625000
vt 0.625000 0.617188
vt 0.625000 0.609375
vt 0.625000 0.601563
vt 0.625000 0.593750
vt 0.625000 0.585938
vt 0.625000 0.578125
vt 0.625000 0.570312
vt 0.625000 0.562500
vt 0.625000 0.554688
vt 0.625000 0.546875
vt 0.625000 0.539063
vt 0.625000 0.531250
vt 0.625000 0.523438
vt 0.625000 0.515625
vt 0.383508 0.757812
vt 0.391357 0.757812
vt 0.391235 0.765625
vt 0.383417 0.765625
vt 0.398798 0.757812
vt 0.398712 0.765625
vt 0.406250 0.757812
vt 0.406250 0.765625
vt 0.414063 0.757812
vt 0.414063 0.765625
vt 0.421875 0.757812
vt 0.421875 0.765625
vt 0.429688 0.757812
vt 0.429688 0.765625
vt 0.437500 0.757813
vt 0.437500 0.765625
vt 0.445312 0.757813
vt 0.445312 0.765625
vt 0.453125 0.757812
vt 0.453125 0.765625
vt 0.460938 0.757813
vt 0.460938 0.765625
vt 0.468750 0.757813
vt 0.468750 0.765625
vt 0.476563 0.757812
vt 0.476563 0.765625
vt 0.484375 0.757812
vt 0.484375 0.765625
vt 0.492188 0.757813
vt 0.492188 0.765625
vt 0.500000 0.757813
vt 0.500000 0.765625
vt 0.507813 0.757813
vt 0.507813 0.765625
vt 0.515625 0.757812
vt 0.515625 0.765625
vt 0.523437 0.757813
vt 0.523438 0.765625
vt 0.531250 0.757813
vt 0.531250 0.765625
vt 0.539062 0.757812
vt 0.539062 0.765625
vt 0.546875 0.757812
vt 0.546875 0.765625
vt 0.554688 0.757813
vt 0.554688 0.765625
vt 0.562500 0.757812
vt 0.562500 0.765625
vt 0.570312 0.757812
vt 0.570313 0.765625
vt 0.578125 0.757812
vt 0.578125 0.765625
vt 0.585938 0.757812
vt 0.585938 0.765625
vt 0.593750 0.757813
vt 0.593750 0.765625
vt 0.601202 0.757813
vt 0.601288 0.765625
vt 0.608643 0.757812
vt 0.608765 0.765625
vt 0.616492 0.757812
vt 0.616583 0.765625
vt 0.390845 0.773438
vt 0.383036 0.773438
vt 0.398532 0.773438
vt 0.406250 0.773438
vt 0.414063 0.773438
vt 0.421875 0.773438
vt 0.429688 0.773438
vt 0.437500 0.773438
vt 0.445313 0.773438
vt 0.453125 0.773438
vt 0.460938 0.773438
vt 0.468750 0.773438
vt 0.476563 0.773438
vt 0.484375 0.773438
vt 0.492188 0.773438
vt 0.500000 0.773438
vt 0.507813 0.773438
vt 0.515625 0.773438
vt 0.523438 0.773438
vt 0.531250 0.773438
vt 0.539063 0.773438
vt 0.546875 0.773438
vt 0.554688 0.773438
vt 0.562500 0.773438
vt 0.570313 0.773438
vt 0.578125 0.773438
vt 0.585938 0.773438
vt 0.593750 0.773438
vt 0.601468 0.773438
vt 0.609155 0.773438
vt 0.616964 0.773438
vt 0.390625 0.781250
vt 0.382813 0.781250
vt 0.398438 0.781250
vt 0.406250 0.781250
vt 0.414063 0.781250
vt 0.421875 0.781250
vt 0.429688 0.781250
vt 0.437500 0.781250
vt 0.445313 0.781250
vt 0.453125 0.781250
vt 0.460938 0.781250
vt 0.468750 0.781250
vt 0.476563 0.781250
vt 0.484375 0.781250
vt 0.492188 0.781250
vt 0.500000 0.781250
vt 0.507813 0.781250
vt 0.515625 0.781250
vt 0.523438 0.781250
vt 0.531250 0.781250
vt 0.539062 0.781250
vt 0.546875 0.781250
vt 0.554688 0.781250
vt 0.562500 0.781250
vt 0.570312 0.781250
vt 0.578125 0.781250
vt 0.585938 0.781250
vt 0.593750 0.781250
vt 0.601563 0.781250
vt 0.609375 0.781250
vt 0.617188 0.781250
vt 0.390625 0.789063
vt 0.382813 0.789063
vt 0.398438 0.789063
vt 0.406250 0.789063
vt 0.414063 0.789063
vt 0.421875 0.789062
vt 0.429688 0.789063
vt 0.437500 0.789063
vt 0.445312 0.789062
vt 0.453125 0.789063
vt 0.460938 0.789063
vt 0.468750 0.789062
vt 0.476563 0.789063
vt 0.484375 0.789063
vt 0.492188 0.789062
vt 0.500000 0.789063
vt 0.507813 0.789062
vt 0.515625 0.789063
vt 0.523438 0.789063
vt 0.531250 0.789062
vt 0.539062 0.789063
vt 0.546875 0.789063
vt 0.554688 0.789062
vt 0.562500 0.789063
vt 0.570312 0.789063
vt 0.578125 0.789062
vt 0.585938 0.789063
vt 0.593750 0.789063
vt 0.601563 0.789063
vt 0.609375 0.789063
vt 0.617188 0.789063
vt 0.390625 0.796875
vt 0.382812 0.796875
vt 0.398438 0.796875
vt 0.406250 0.796875
vt 0.414063 0.796875
vt 0.421875 0.796875
vt 0.429688 0.796875
vt 0.437500 0.796875
vt 0.445313 0.796875
vt 0.453125 0.796875
vt 0.460938 0.796875
vt 0.468750 0.796875
vt 0.476563 0.796875
vt 0.484375 0.796875
vt 0.492188 0.796875
vt 0.500000 0.796875
vt 0.507812 0.796875
vt 0.515625 0.796875
vt 0.523438 0.796875
vt 0.531250 0.796875
vt 0.539062 0.796875
vt 0.546875 0.796875
vt 0.554688 0.796875
vt 0.562500 0.796875
vt 0.570313 0.796875
vt 0.578125 0.796875
vt 0.585938 0.796875
vt 0.593750 0.796875
vt 0.601563 0.796875
vt 0.609375 0.796875
vt 0.617188 0.796875
vt 0.390625 0.804688
vt 0.382813 0.804688
vt 0.398438 0.804688
vt 0.406250 0.804688
vt 0.414063 0.804688
vt 0.421875 0.804688
vt 0.429688 0.804688
vt 0.437500 0.804688
vt 0.445312 0.804688
vt 0.453125 0.804688
vt 0.460938 0.804688
vt 0.468750 0.804688
vt 0.476563 0.804688
vt 0.484375 0.804688
vt 0.492188 0.804688
vt 0.500000 0.804688
vt 0.507813 0.804688
vt 0.515625 0.804688
vt 0.523438 0.804688
vt 0.531250 0.804688
vt 0.539063 0.804688
vt 0.546875 0.804688
vt 0.554688 0.804688
vt 0.562500 0.804688
vt 0.570313 0.804688
vt 0.578125 0.804688
vt 0.585938 0.804688
vt 0.593750 0.804688
vt 0.601563 0.804688
vt 0.609375 0.804688
vt 0.617188 0.804688
vt 0.390625 0.812500
vt 0.382813 0.812500
vt 0.398438 0.812500
vt 0.406250 0.812500
vt 0.414062 0.812500
vt 0.421875 0.812500
vt 0.429688 0.812500
vt 0.437500 0.812500
vt 0.445312 0.812500
vt 0.453125 0.812500
vt 0.460938 0.812500
vt 0.468750 0.812500
vt 0.476563 0.812500
vt 0.484375 0.812500
vt 0.492188 0.812500
vt 0.500000 0.812500
vt 0.507812 0.812500
vt 0.515625 0.812500
vt 0.523438 0.812500
vt 0.531250 0.812500
vt 0.539063 0.812500
vt 0.546875 0.812500
vt 0.554688 0.812500
vt 0.562500 0.812500
vt 0.570312 0.812500
vt 0.578125 0.812500
vt 0.585938 0.812500
vt 0.593750 0.812500
vt 0.601563 0.812500
vt 0.609375 0.812500
vt 0.617188 0.812500
vt 0.390625 0.820312
vt 0.382812 0.820313
vt 0.398438 0.820312
vt 0.406250 0.820313
vt 0.414063 0.820312
vt 0.421875 0.820313
vt 0.429688 0.820313
vt 0.437500 0.820312
vt 0.445312 0.820313
vt 0.453125 0.820312
vt 0.460938 0.820312
vt 0.468750 0.820313
vt 0.476563 0.820312
vt 0.484375 0.820312
vt 0.492188 0.820313
vt 0.500000 0.820312
vt 0.507813 0.820313
vt 0.515625 0.820312
vt 0.523437 0.820312
vt 0.531250 0.820313
vt 0.539062 0.820312
vt 0.546875 0.820312
vt 0.554688 0.820313
vt 0.562500 0.820312
vt 0.570313 0.820313
vt 0.578125 0.820313
vt 0.585938 0.820312
vt 0.593750 0.820313
vt 0.601563 0.820313
vt 0.609375 0.820312
vt 0.617188 0.820313
vt 0.390625 0.828125
vt 0.382813 0.828125
vt 0.398438 0.828125
vt 0.406250 0.828125
vt 0.414063 0.828125
vt 0.421875 0.828125
vt 0.429688 0.828125
vt 0.437500 0.828125
vt 0.445312 0.828125
vt 0.453125 0.828125
vt 0.460938 0.828125
vt 0.468750 0.828125
vt 0.476563 0.828125
vt 0.484375 0.828125
vt 0.492188 0.828125
vt 0.500000 0.828125
vt 0.507813 0.828125
vt 0.515625 0.828125
vt 0.523438 0.828125
vt 0.531250 0.828125
vt 0.539062 0.828125
vt 0.546875 0.828125
vt 0.554688 0.828125
vt 0.562500 0.828125
vt 0.570313 0.828125
vt 0.578125 0.828125
vt 0.585938 0.828125
vt 0.593750 0.828125
vt 0.601563 0.828125
vt 0.609375 0.828125
vt 0.617188 0.828125
vt 0.390625 0.835938
vt 0.382812 0.835938
vt 0.398438 0.835938
vt 0.406250 0.835938
vt 0.414063 0.835938
vt 0.421875 0.835938
vt 0.429688 0.835938
vt 0.437500 0.835938
vt 0.445313 0.835938
vt 0.453125 0.835938
vt 0.460938 0.835938
vt 0.468750 0.835938
vt 0.476563 0.835938
vt 0.484375 0.835938
vt 0.492188 0.835938
vt 0.500000 0.835938
vt 0.507813 0.835938
vt 0.515625 0.835938
vt 0.523438 0.835938
vt 0.531250 0.835938
vt 0.539063 0.835938
vt 0.546875 0.835938
vt 0.554688 0.835938
vt 0.562500 0.835938
vt 0.570312 0.835938
vt 0.578125 0.835938
vt 0.585938 0.835938
vt 0.593750 0.835938
vt 0.601563 0.835938
vt 0.609375 0.835938
vt 0.617188 0.835938
vt 0.390625 0.843750
vt 0.382813 0.843750
vt 0.398438 0.843750
vt 0.406250 0.843750
vt 0.414063 0.843750
vt 0.421875 0.843750
vt 0.429688 0.843750
vt 0.437500 0.843750
vt 0.445313 0.843750
vt 0.453125 0.843750
vt 0.460938 0.843750
vt 0.468750 0.843750
vt 0.476563 0.843750
vt 0.484375 0.843750
vt 0.492188 0.843750
vt 0.500000 0.843750
vt 0.507813 0.843750
vt 0.515625 0.843750
vt 0.523438 0.843750
vt 0.531250 0.843750
vt 0.539062 0.843750
vt 0.546875 0.843750
vt 0.554688 0.843750
vt 0.562500 0.843750
vt 0.570313 0.843750
vt 0.578125 0.843750
vt 0.585938 0.843750
vt 0.593750 0.843750
vt 0.601563 0.843750
vt 0.609375 0.843750
vt 0.617188 0.843750
vt 0.390625 0.851563
vt 0.382813 0.851562
vt 0.398438 0.851562
vt 0.406250 0.851563
vt 0.414063 0.851563
vt 0.421875 0.851563
vt 0.429688 0.851563
vt 0.437500 0.851563
vt 0.445312 0.851563
vt 0.453125 0.851563
vt 0.460938 0.851563
vt 0.468750 0.851563
vt 0.476563 0.851563
vt 0.484375 0.851563
vt 0.492188 0.851563
vt 0.500000 0.851563
vt 0.507813 0.851563
vt 0.515625 0.851563
vt 0.523438 0.851563
vt 0.531250 0.851563
vt 0.539062 0.851563
vt 0.546875 0.851563
vt 0.554688 0.851563
vt 0.562500 0.851563
vt 0.570313 0.851563
vt 0.578125 0.851563
vt 0.585938 0.851563
vt 0.593750 0.851562
vt 0.601563 0.851563
vt 0.609375 0.851563
vt 0.617188 0.851562
vt 0.390625 0.859375
vt 0.382813 0.859375
vt 0.398438 0.859375
vt 0.406250 0.859375
vt 0.414063 0.859375
vt 0.421875 0.859375
vt 0.429688 0.859375
vt 0.437500 0.859375
vt 0.445313 0.859375
vt 0.453125 0.859375
vt 0.460938 0.859375
vt 0.468750 0.859375
vt 0.476563 0.859375
vt 0.484375 0.859375
vt 0.492188 0.859375
vt 0.500000 0.859375
vt 0.507812 0.859375
vt 0.515625 0.859375
vt 0.523438 0.859375
vt 0.531250 0.859375
vt 0.539062 0.859375
vt 0.546875 0.859375
vt 0.554688 0.859375
vt 0.562500 0.859375
vt 0.570312 0.859375
vt 0.578125 0.859375
vt 0.585938 0.859375
vt 0.593750 0.859375
vt 0.601562 0.859375
vt 0.609375 0.859375
vt 0.617188 0.859375
vt 0.390625 0.867187
vt 0.382812 0.867188
vt 0.398438 0.867188
vt 0.406250 0.867188
vt 0.414063 0.867187
vt 0.421875 0.867188
vt 0.429688 0.867188
vt 0.437500 0.867187
vt 0.445312 0.867188
vt 0.453125 0.867187
vt 0.460938 0.867187
vt 0.468750 0.867188
vt 0.476563 0.867187
vt 0.484375 0.867187
vt 0.492188 0.867188
vt 0.500000 0.867187
vt 0.507813 0.867188
vt 0.515625 0.867187
vt 0.523438 0.867187
vt 0.531250 0.867188
vt 0.539063 0.867187
vt 0.546875 0.867187
vt 0.554688 0.867188
vt 0.562500 0.867187
vt 0.570313 0.867188
vt 0.578125 0.867188
vt 0.585938 0.867187
vt 0.593750 0.867188
vt 0.601562 0.867188
vt 0.609375 0.867188
vt 0.617188 0.867188
vt 0.390625 0.875000
vt 0.382813 0.875000
vt 0.398438 0.875000
vt 0.406250 0.875000
vt 0.414062 0.875000
vt 0.421875 0.875000
vt 0.429688 0.875000
vt 0.437500 0.875000
vt 0.445312 0.875000
vt 0.453125 0.875000
vt 0.460938 0.875000
vt 0.468750 0.875000
vt 0.476563 0.875000
vt 0.484375 0.875000
vt 0.492188 0.875000
vt 0.500000 0.875000
vt 0.507812 0.875000
vt 0.515625 0.875000
vt 0.523438 0.875000
vt 0.531250 0.875000
vt 0.539063 0.875000
vt 0.546875 0.875000
vt 0.554688 0.875000
vt 0.562500 0.875000
vt 0.570312 0.875000
vt 0.578125 0.875000
vt 0.585938 0.875000
vt 0.593750 0.875000
vt 0.601563 0.875000
vt 0.609375 0.875000
vt 0.617188 0.875000
vt 0.390625 0.882813
vt 0.382812 0.882812
vt 0.398438 0.882813
vt 0.406250 0.882813
vt 0.414063 0.882813
vt 0.421875 0.882813
vt 0.429688 0.882812
vt 0.437500 0.882813
vt 0.445312 0.882813
vt 0.453125 0.882813
vt 0.460938 0.882813
vt 0.468750 0.882813
vt 0.476563 0.882813
vt 0.484375 0.882813
vt 0.492188 0.882813
vt 0.500000 0.882813
vt 0.507813 0.882813
vt 0.515625 0.882813
vt 0.523437 0.882813
vt 0.531250 0.882813
vt 0.539062 0.882813
vt 0.546875 0.882813
vt 0.554688 0.882813
vt 0.562500 0.882813
vt 0.570313 0.882812
vt 0.578125 0.882813
vt 0.585938 0.882813
vt 0.593750 0.882813
vt 0.601563 0.882813
vt 0.609375 0.882813
vt 0.617188 0.882812
vt 0.390625 0.890625
vt 0.382813 0.890625
vt 0.398438 0.890625
vt 0.406250 0.890625
vt 0.414063 0.890625
vt 0.421875 0.890625
vt 0.429688 0.890625
vt 0.437500 0.890625
vt 0.445312 0.890625
vt 0.453125 0.890625
vt 0.460938 0.890625
vt 0.468750 0.890625
vt 0.476563 0.890625
vt 0.484375 0.890625
vt 0.492188 0.890625
vt 0.500000 0.890625
vt 0.507813 0.890625
vt 0.515625 0.890625
vt 0.523438 0.890625
vt 0.531250 0.890625
vt 0.539062 0.890625
vt 0.546875 0.890625
vt 0.554688 0.890625
vt 0.562500 0.890625
vt 0.570313 0.890625
vt 0.578125 0.890625
vt 0.585938 0.890625
vt 0.593750 0.890625
vt 0.601563 0.890625
vt 0.609375 0.890625
vt 0.617188 0.890625
vt 0.390625 0.898438
vt 0.382812 0.898438
vt 0.398438 0.898438
vt 0.406250 0.898438
vt 0.414063 0.898438
vt 0.421875 0.898438
vt 0.429688 0.898438
vt 0.437500 0.898438
vt 0.445313 0.898438
vt 0.453125 0.898438
vt 0.460938 0.898438
vt 0.468750 0.898438
vt 0.476563 0.898438
vt 0.484375 0.898438
vt 0.492188 0.898438
vt 0.500000 0.898438
vt 0.507813 0.898438
vt 0.515625 0.898438
vt 0.523438 0.898438
vt 0.531250 0.898438
vt 0.539063 0.898438
vt 0.546875 0.898438
vt 0.554688 0.898438
vt 0.562500 0.898438
vt 0.570312 0.898438
vt 0.578125 0.898438
vt 0.585938 0.898438
vt 0.593750 0.898438
vt 0.601563 0.898438
vt 0.609375 0.898438
vt 0.617188 0.898438
vt 0.390625 0.906250
vt 0.382813 0.906250
vt 0.398438 0.906250
vt 0.406250 0.906250
vt 0.414063 0.906250
vt 0.421875 0.906250
vt 0.429688 0.906250
vt 0.437500 0.906250
vt 0.445313 0.906250
vt 0.453125 0.906250
vt 0.460938 0.906250
vt 0.468750 0.906250
vt 0.476563 0.906250
vt 0.484375 0.906250
vt 0.492188 0.906250
vt 0.500000 0.906250
vt 0.507813 0.906250
vt 0.515625 0.906250
vt 0.523438 0.906250
vt 0.531250 0.906250
vt 0.539062 0.906250
vt 0.546875 0.906250
vt 0.554688 0.906250
vt 0.562500 0.906250
vt 0.570313 0.906250
vt 0.578125 0.906250
vt 0.585938 0.906250
vt 0.593750 0.906250
vt 0.601563 0.906250
vt 0.609375 0.906250
vt 0.617188 0.906250
vt 0.390625 0.914063
vt 0.382813 0.914063
vt 0.398438 0.914063
vt 0.406250 0.914063
vt 0.414063 0.914063
vt 0.421875 0.914063
vt 0.429688 0.914063
vt 0.437500 0.914063
vt 0.445312 0.914062
vt 0.453125 0.914063
vt 0.460938 0.914063
vt 0.468750 0.914063
vt 0.476563 0.914063
vt 0.484375 0.914063
vt 0.492188 0.914062
vt 0.500000 0.914063
vt 0.507813 0.914062
vt 0.515625 0.914063
vt 0.523438 0.914063
vt 0.531250 0.914063
vt 0.539062 0.914063
vt 0.546875 0.914063
vt 0.554688 0.914062
vt 0.562500 0.914063
vt 0.570313 0.914063
vt 0.578125 0.914063
vt 0.585938 0.914063
vt 0.593750 0.914063
vt 0.601563 0.914063
vt 0.609375 0.914063
vt 0.617188 0.914063
vt 0.390625 0.921875
vt 0.382813 0.921875
vt 0.398438 0.921875
vt 0.406250 0.921875
vt 0.414063 0.921875
vt 0.421875 0.921875
vt 0.429688 0.921875
vt 0.437500 0.921875
vt 0.445313 0.921875
vt 0.453125 0.921875
vt 0.460938 0.921875
vt 0.468750 0.921875
vt 0.476563 0.921875
vt 0.484375 0.921875
vt 0.492188 0.921875
vt 0.500000 0.921875
vt 0.507812 0.921875
vt 0.515625 0.921875
vt 0.523438 0.921875
vt 0.531250 0.921875
vt 0.539062 0.921875
vt 0.546875 0.921875
vt 0.554688 0.921875
vt 0.562500 0.921875
vt 0.570312 0.921875
vt 0.578125 0.921875
vt 0.585938 0.921875
vt 0.593750 0.921875
vt 0.601562 0.921875
vt 0.609375 0.921875
vt 0.617188 0.921875
vt 0.390625 0.929688
vt 0.382812 0.929688
vt 0.398438 0.929688
vt 0.406250 0.929688
vt 0.414063 0.929688
vt 0.421875 0.929688
vt 0.429688 0.929688
vt 0.437500 0.929688
vt 0.445312 0.929688
vt 0.453125 0.929688
vt 0.460938 0.929688
vt 0.468750 0.929688
vt 0.476563 0.929688
vt 0.484375 0.929688
vt 0.492188 0.929688
vt 0.500000 0.929688
vt 0.507813 0.929688
vt 0.515625 0.929688
vt 0.523438 0.929688
vt 0.531250 0.929688
vt 0.539063 0.929688
vt 0.546875 0.929688
vt 0.554688 0.929688
vt 0.562500 0.929688
vt 0.570313 0.929688
vt 0.578125 0.929688
vt 0.585938 0.929688
vt 0.593750 0.929688
vt 0.601562 0.929688
vt 0.609375 0.929688
vt 0.617188 0.929688
vt 0.390625 0.937500
vt 0.382813 0.937500
vt 0.398438 0.937500
vt 0.406250 0.937500
vt 0.414063 0.937500
vt 0.421875 0.937500
vt 0.429688 0.937500
vt 0.437500 0.937500
vt 0.445312 0.937500
vt 0.453125 0.937500
vt 0.460938 0.937500
vt 0.468750 0.937500
vt 0.476563 0.937500
vt 0.484375 0.937500
vt 0.492188 0.937500
vt 0.500000 0.937500
vt 0.507812 0.937500
vt 0.515625 0.937500
vt 0.523438 0.937500
vt 0.531250 0.937500
vt 0.539063 0.937500
vt 0.546875 0.937500
vt 0.554688 0.937500
vt 0.562500 0.937500
vt 0.570312 0.937500
vt 0.578125 0.937500
vt 0.585938 0.937500
vt 0.593750 0.937500
vt 0.601563 0.937500
vt 0.609375 0.937500
vt 0.617188 0.937500
vt 0.390625 0.945313
vt 0.382813 0.945313
vt 0.398438 0.945313
vt 0.406250 0.945313
vt 0.414063 0.945313
vt 0.421875 0.945313
vt 0.429688 0.945313
vt 0.437500 0.945313
vt 0.445312 0.945312
vt 0.453125 0.945313
vt 0.460938 0.945313
vt 0.468750 0.945313
vt 0.476563 0.945313
vt 0.484375 0.945313
vt 0.492188 0.945312
vt 0.500000 0.945313
vt 0.507812 0.945312
vt 0.515625 0.945313
vt 0.523438 0.945313
vt 0.531250 0.945313
vt 0.539062 0.945313
vt 0.546875 0.945313
vt 0.554688 0.945312
vt 0.562500 0.945313
vt 0.570312 0.945313
vt 0.578125 0.945313
vt 0.585938 0.945313
vt 0.593750 0.945313
vt 0.601563 0.945313
vt 0.609375 0.945313
vt 0.617188 0.945313
vt 0.390625 0.953125
vt 0.382812 0.953125
vt 0.398438 0.953125
vt 0.406250 0.953125
vt 0.414063 0.953125
vt 0.421875 0.953125
vt 0.429688 0.953125
vt 0.437500 0.953125
vt 0.445313 0.953125
vt 0.453125 0.953125
vt 0.460938 0.953125
vt 0.468750 0.953125
vt 0.476562 0.953125
vt 0.484375 0.953125
vt 0.492188 0.953125
vt 0.500000 0.953125
vt 0.507812 0.953125
vt 0.515625 0.953125
vt 0.523438 0.953125
vt 0.531250 0.953125
vt 0.539063 0.953125
vt 0.546875 0.953125
vt 0.554688 0.953125
vt 0.562500 0.953125
vt 0.570313 0.953125
vt 0.578125 0.953125
vt 0.585938 0.953125
vt 0.593750 0.953125
vt 0.601563 0.953125
vt 0.609375 0.953125
vt 0.617188 0.953125
vt 0.390625 0.960938
vt 0.382813 0.960938
vt 0.398438 0.960938
vt 0.406250 0.960938
vt 0.414063 0.960938
vt 0.421875 0.960938
vt 0.429688 0.960938
vt 0.437500 0.960938
vt 0.445313 0.960938
vt 0.453125 0.960938
vt 0.460938 0.960938
vt 0.468750 0.960938
vt 0.476563 0.960938
vt 0.484375 0.960938
vt 0.492188 0.960938
vt 0.500000 0.960938
vt 0.507813 0.960938
vt 0.515625 0.960938
vt 0.523438 0.960938
vt 0.531250 0.960938
vt 0.539063 0.960938
vt 0.546875 0.960938
vt 0.554688 0.960938
vt 0.562500 0.960938
vt 0.570313 0.960938
vt 0.578125 0.960938
vt 0.585938 0.960938
vt 0.593750 0.960938
vt 0.601563 0.960938
vt 0.609375 0.960938
vt 0.617188 0.960938
vt 0.390625 0.968750
vt 0.382813 0.968750
vt 0.398438 0.968750
vt 0.406250 0.968750
vt 0.414063 0.968750
vt 0.421875 0.968750
vt 0.429688 0.968750
vt 0.437500 0.968750
vt 0.445313 0.968750
vt 0.453125 0.968750
vt 0.460938 0.968750
vt 0.468750 0.968750
vt 0.476563 0.968750
vt 0.484375 0.968750
vt 0.492188 0.968750
vt 0.500000 0.968750
vt 0.507813 0.968750
vt 0.515625 0.968750
vt 0.523438 0.968750
vt 0.531250 0.968750
vt 0.539063 0.968750
vt 0.546875 0.968750
vt 0.554688 0.968750
vt 0.562500 0.968750
vt 0.570312 0.968750
vt 0.578125 0.968750
vt 0.585938 0.968750
vt 0.593750 0.968750
vt 0.601563 0.968750
vt 0.609375 0.968750
vt 0.617188 0.968750
vt 0.390625 0.976563
vt 0.382812 0.976563
vt 0.398438 0.976562
vt 0.406250 0.976563
vt 0.414062 0.976563
vt 0.421875 0.976563
vt 0.429688 0.976563
vt 0.437500 0.976563
vt 0.445313 0.976563
vt 0.453125 0.976563
vt 0.460938 0.976563
vt 0.468750 0.976563
vt 0.476563 0.976563
vt 0.484375 0.976563
vt 0.492188 0.976563
vt 0.500000 0.976563
vt 0.507812 0.976563
vt 0.515625 0.976563
vt 0.523438 0.976563
vt 0.531250 0.976563
vt 0.539063 0.976563
vt 0.546875 0.976563
vt 0.554688 0.976563
vt 0.562500 0.976563
vt 0.570312 0.976563
vt 0.578125 0.976563
vt 0.585938 0.976563
vt 0.593750 0.976563
vt 0.601562 0.976562
vt 0.609375 0.976563
vt 0.617188 0.976563
vt 0.390625 0.984375
vt 0.382813 0.984375
vt 0.398438 0.984375
vt 0.406250 0.984375
vt 0.414063 0.984375
vt 0.421875 0.984375
vt 0.429688 0.984375
vt 0.437500 0.984375
vt 0.445313 0.984375
vt 0.453125 0.984375
vt 0.460938 0.984375
vt 0.468750 0.984375
vt 0.476563 0.984375
vt 0.484375 0.984375
vt 0.492188 0.984375
vt 0.500000 0.984375
vt 0.507813 0.984375
vt 0.515625 0.984375
vt 0.523438 0.984375
vt 0.531250 0.984375
vt 0.539062 0.984375
vt 0.546875 0.984375
vt 0.554688 0.984375
vt 0.562500 0.984375
vt 0.570313 0.984375
vt 0.578125 0.984375
vt 0.585938 0.984375
vt 0.593750 0.984375
vt 0.601563 0.984375
vt 0.609375 0.984375
vt 0.617188 0.984375
vt 0.390625 0.992188
vt 0.382813 0.992188
vt 0.398438 0.992188
vt 0.406250 0.992188
vt 0.414063 0.992188
vt 0.421875 0.992188
vt 0.429688 0.992188
vt 0.437500 0.992188
vt 0.445312 0.992188
vt 0.453125 0.992188
vt 0.460938 0.992188
vt 0.468750 0.992188
vt 0.476563 0.992188
vt 0.484375 0.992188
vt 0.492188 0.992188
vt 0.500000 0.992188
vt 0.507813 0.992188
vt 0.515625 0.992188
vt 0.523438 0.992188
vt 0.531250 0.992188
vt 0.539062 0.992188
vt 0.546875 0.992188
vt 0.554688 0.992188
vt 0.562500 0.992188
vt 0.570313 0.992188
vt 0.578125 0.992188
vt 0.585938 0.992188
vt 0.593750 0.992188
vt 0.601563 0.992188
vt 0.609375 0.992188
vt 0.617188 0.992188
vt 0.375000 0.750000
vt 0.382812 0.750000
vt 0.375000 0.757812
vt 0.390625 0.750000
vt 0.398438 0.750000
vt 0.406250 0.750000
vt 0.414063 0.750000
vt 0.421875 0.750000
vt 0.429688 0.750000
vt 0.437500 0.750000
vt 0.445312 0.750000
vt 0.453125 0.750000
vt 0.460938 0.750000
vt 0.468750 0.750000
vt 0.476563 0.750000
vt 0.484375 0.750000
vt 0.492188 0.750000
vt 0.500000 0.750000
vt 0.507812 0.750000
vt 0.515625 0.750000
vt 0.523438 0.750000
vt 0.531250 0.750000
vt 0.539063 0.750000
vt 0.546875 0.750000
vt 0.554688 0.750000
vt 0.562500 0.750000
vt 0.570312 0.750000
vt 0.578125 0.750000
vt 0.585938 0.750000
vt 0.593750 0.750000
vt 0.601562 0.750000
vt 0.609375 0.750000
vt 0.617188 0.750000
vt 0.625000 0.757812
vt 0.625000 0.765625
vt 0.625000 0.773438
vt 0.625000 0.781250
vt 0.625000 0.789063
vt 0.625000 0.796875
vt 0.625000 0.804688
vt 0.625000 0.812500
vt 0.625000 0.820313
vt 0.625000 0.828125
vt 0.625000 0.835938
vt 0.625000 0.843750
vt 0.625000 0.851563
vt 0.625000 0.859375
vt 0.625000 0.867188
vt 0.625000 0.875000
vt 0.625000 0.882813
vt 0.625000 0.890625
vt 0.625000 0.898438
vt 0.625000 0.906250
vt 0.625000 0.914063
vt 0.625000 0.921875
vt 0.625000 0.929688
vt 0.625000 0.937500
vt 0.625000 0.945313
vt 0.625000 0.953125
vt 0.625000 0.960938
vt 0.625000 0.968750
vt 0.625000 0.976562
vt 0.625000 0.984375
vt 0.625000 0.992188
vt 0.625000 1.000000
vt 0.617188 1.000000
vt 0.609375 1.000000
vt 0.601563 1.000000
vt 0.593750 1.000000
vt 0.585938 1.000000
vt 0.578125 1.000000
vt 0.570313 1.000000
vt 0.562500 1.000000
vt 0.554688 1.000000
vt 0.546875 1.000000
vt 0.539063 1.000000
vt 0.531250 1.000000
vt 0.523438 1.000000
vt 0.515625 1.000000
vt 0.507813 1.000000
vt 0.500000 1.000000
vt 0.492188 1.000000
vt 0.484375 1.000000
vt 0.476563 1.000000
vt 0.468750 1.000000
vt 0.460938 1.000000
vt 0.453125 1.000000
vt 0.445313 1.000000
vt 0.437500 1.000000
vt 0.429688 1.000000
vt 0.421875 1.000000
vt 0.414062 1.000000
vt 0.406250 1.000000
vt 0.398438 1.000000
vt 0.390625 1.000000
vt 0.382812 1.000000
vt 0.375000 0.992188
vt 0.375000 1.000000
vt 0.375000 0.984375
vt 0.375000 0.976563
vt 0.375000 0.968750
vt 0.375000 0.960938
vt 0.375000 0.953125
vt 0.375000 0.945313
vt 0.375000 0.937500
vt 0.375000 0.929688
vt 0.375000 0.921875
vt 0.375000 0.914063
vt 0.375000 0.906250
vt 0.375000 0.898438
vt 0.375000 0.890625
vt 0.375000 0.882813
vt 0.375000 0.875000
vt 0.375000 0.867188
vt 0.375000 0.859375
vt 0.375000 0.851563
vt 0.375000 0.843750
vt 0.375000 0.835938
vt 0.375000 0.828125
vt 0.375000 0.820313
vt 0.375000 0.812500
vt 0.375000 0.804688
vt 0.375000 0.796875
vt 0.375000 0.789063
vt 0.375000 0.781250
vt 0.375000 0.773438
vt 0.375000 0.765625
vt 0.382813 0.007813
vt 0.390625 0.007813
vt 0.390625 0.015625
vt 0.382813 0.015625
vt 0.398438 0.007813
vt 0.398438 0.015625
vt 0.406250 0.007813
vt 0.406250 0.015625
vt 0.414063 0.007813
vt 0.414063 0.015625
vt 0.421875 0.007813
vt 0.421875 0.015625
vt 0.429688 0.007813
vt 0.429688 0.015625
vt 0.437500 0.007812
vt 0.437500 0.015625
vt 0.445312 0.007812
vt 0.445312 0.015625
vt 0.453125 0.007812
vt 0.453125 0.015625
vt 0.460938 0.007812
vt 0.460938 0.015625
vt 0.468750 0.007813
vt 0.468750 0.015625
vt 0.476563 0.007812
vt 0.476563 0.015625
vt 0.484375 0.007813
vt 0.484375 0.015625
vt 0.492188 0.007812
vt 0.492188 0.015625
vt 0.500000 0.007812
vt 0.500000 0.015625
vt 0.507812 0.007812
vt 0.507813 0.015625
vt 0.515625 0.007812
vt 0.515625 0.015625
vt 0.523438 0.007812
vt 0.523438 0.015625
vt 0.531250 0.007813
vt 0.531250 0.015625
vt 0.539063 0.007812
vt 0.539062 0.015625
vt 0.546875 0.007813
vt 0.546875 0.015625
vt 0.554688 0.007812
vt 0.554688 0.015625
vt 0.562500 0.007813
vt 0.562500 0.015625
vt 0.570312 0.007813
vt 0.570313 0.015625
vt 0.578125 0.007813
vt 0.578125 0.015625
vt 0.585938 0.007813
vt 0.585938 0.015625
vt 0.593750 0.007813
vt 0.593750 0.015625
vt 0.601563 0.007813
vt 0.601563 0.015625
vt 0.609375 0.007813
vt 0.609375 0.015625
vt 0.617188 0.007813
vt 0.617188 0.015625
vt 0.390625 0.023438
vt 0.382812 0.023438
vt 0.398438 0.023438
vt 0.406250 0.023438
vt 0.414062 0.023438
vt 0.421875 0.023438
vt 0.429688 0.023438
vt 0.437500 0.023438
vt 0.445312 0.023438
vt 0.453125 0.023438
vt 0.460938 0.023438
vt 0.468750 0.023438
vt 0.476562 0.023438
vt 0.484375 0.023438
vt 0.492188 0.023438
vt 0.500000 0.023438
vt 0.507813 0.023438
vt 0.515625 0.023438
vt 0.523438 0.023438
vt 0.531250 0.023438
vt 0.539063 0.023438
vt 0.546875 0.023438
vt 0.554688 0.023438
vt 0.562500 0.023438
vt 0.570313 0.023438
vt 0.578125 0.023438
vt 0.585938 0.023438
vt 0.593750 0.023438
vt 0.601563 0.023438
vt 0.609375 0.023438
vt 0.617188 0.023438
vt 0.390625 0.031250
vt 0.382813 0.031250
vt 0.398438 0.031250
vt 0.406250 0.031250
vt 0.414063 0.031250
vt 0.421875 0.031250
vt 0.429688 0.031250
vt 0.437500 0.031250
vt 0.445313 0.031250
vt 0.453125 0.031250
vt 0.460938 0.031250
vt 0.468750 0.031250
vt 0.476563 0.031250
vt 0.484375 0.031250
vt 0.492188 0.031250
vt 0.500000 0.031250
vt 0.507813 0.031250
vt 0.515625 0.031250
vt 0.523438 0.031250
vt 0.531250 0.031250
vt 0.539063 0.031250
vt 0.546875 0.031250
vt 0.554688 0.031250
vt 0.562500 0.031250
vt 0.570312 0.031250
vt 0.578125 0.031250
vt 0.585938 0.031250
vt 0.593750 0.031250
vt 0.601563 0.031250
vt 0.609375 0.031250
vt 0.617188 0.031250
vt 0.390625 0.039062
vt 0.382813 0.039063
vt 0.398438 0.039063
vt 0.406250 0.039063
vt 0.414063 0.039063
vt 0.421875 0.039063
vt 0.429688 0.039063
vt 0.437500 0.039063
vt 0.445312 0.039062
vt 0.453125 0.039063
vt 0.460938 0.039063
vt 0.468750 0.039062
vt 0.476563 0.039063
vt 0.484375 0.039063
vt 0.492188 0.039062
vt 0.500000 0.039063
vt 0.507813 0.039062
vt 0.515625 0.039063
vt 0.523438 0.039063
vt 0.531250 0.039062
vt 0.539062 0.039063
vt 0.546875 0.039063
vt 0.554688 0.039062
vt 0.562500 0.039063
vt 0.570312 0.039063
vt 0.578125 0.039063
vt 0.585938 0.039063
vt 0.593750 0.039063
vt 0.601563 0.039063
vt 0.609375 0.039063
vt 0.617188 0.039063
vt 0.390625 0.046875
vt 0.382812 0.046875
vt 0.398438 0.046875
vt 0.406250 0.046875
vt 0.414063 0.046875
vt 0.421875 0.046875
vt 0.429688 0.046875
vt 0.437500 0.046875
vt 0.445312 0.046875
vt 0.453125 0.046875
vt 0.460938 0.046875
vt 0.468750 0.046875
vt 0.476563 0.046875
vt 0.484375 0.046875
vt 0.492188 0.046875
vt 0.500000 0.046875
vt 0.507812 0.046875
vt 0.515625 0.046875
vt 0.523438 0.046875
vt 0.531250 0.046875
vt 0.539063 0.046875
vt 0.546875 0.046875
vt 0.554688 0.046875
vt 0.562500 0.046875
vt 0.570313 0.046875
vt 0.578125 0.046875
vt 0.585938 0.046875
vt 0.593750 0.046875
vt 0.601563 0.046875
vt 0.609375 0.046875
vt 0.617188 0.046875
vt 0.390625 0.054688
vt 0.382813 0.054688
vt 0.398438 0.054688
vt 0.406250 0.054688
vt 0.414063 0.054688
vt 0.421875 0.054688
vt 0.429688 0.054688
vt 0.437500 0.054688
vt 0.445312 0.054688
vt 0.453125 0.054688
vt 0.460938 0.054688
vt 0.468750 0.054688
vt 0.476563 0.054688
vt 0.484375 0.054688
vt 0.492188 0.054688
vt 0.500000 0.054688
vt 0.507813 0.054688
vt 0.515625 0.054688
vt 0.523438 0.054688
vt 0.531250 0.054688
vt 0.539063 0.054688
vt 0.546875 0.054688
vt 0.554688 0.054688
vt 0.562500 0.054688
vt 0.570313 0.054688
vt 0.578125 0.054688
vt 0.585938 0.054688
vt 0.593750 0.054688
vt 0.601563 0.054688
vt 0.609375 0.054688
vt 0.617188 0.054688
vt 0.390625 0.062500
vt 0.382813 0.062500
vt 0.398438 0.062500
vt 0.406250 0.062500
vt 0.414062 0.062500
vt 0.421875 0.062500
vt 0.429688 0.062500
vt 0.437500 0.062500
vt 0.445312 0.062500
vt 0.453125 0.062500
vt 0.460938 0.062500
vt 0.468750 0.062500
vt 0.476563 0.062500
vt 0.484375 0.062500
vt 0.492188 0.062500
vt 0.500000 0.062500
vt 0.507812 0.062500
vt 0.515625 0.062500
vt 0.523438 0.062500
vt 0.531250 0.062500
vt 0.539063 0.062500
vt 0.546875 0.062500
vt 0.554688 0.062500
vt 0.562500 0.062500
vt 0.570312 0.062500
vt 0.578125 0.062500
vt 0.585938 0.062500
vt 0.593750 0.062500
vt 0.601563 0.062500
vt 0.609375 0.062500
vt 0.617188 0.062500
vt 0.390625 0.070312
vt 0.382812 0.070313
vt 0.398438 0.070313
vt 0.406250 0.070313
vt 0.414063 0.070312
vt 0.421875 0.070313
vt 0.429688 0.070313
vt 0.437500 0.070312
vt 0.445312 0.070313
vt 0.453125 0.070312
vt 0.460938 0.070312
vt 0.468750 0.070313
vt 0.476563 0.070312
vt 0.484375 0.070312
vt 0.492188 0.070313
vt 0.500000 0.070312
vt 0.507813 0.070313
vt 0.515625 0.070312
vt 0.523437 0.070312
vt 0.531250 0.070313
vt 0.539062 0.070312
vt 0.546875 0.070312
vt 0.554688 0.070313
vt 0.562500 0.070312
vt 0.570313 0.070313
vt 0.578125 0.070313
vt 0.585938 0.070312
vt 0.593750 0.070313
vt 0.601563 0.070313
vt 0.609375 0.070312
vt 0.617188 0.070313
vt 0.390625 0.078125
vt 0.382813 0.078125
vt 0.398438 0.078125
vt 0.406250 0.078125
vt 0.414063 0.078125
vt 0.421875 0.078125
vt 0.429688 0.078125
vt 0.437500 0.078125
vt 0.445312 0.078125
vt 0.453125 0.078125
vt 0.460938 0.078125
vt 0.468750 0.078125
vt 0.476563 0.078125
vt 0.484375 0.078125
vt 0.492188 0.078125
vt 0.500000 0.078125
vt 0.507813 0.078125
vt 0.515625 0.078125
vt 0.523438 0.078125
vt 0.531250 0.078125
vt 0.539062 0.078125
vt 0.546875 0.078125
vt 0.554688 0.078125
vt 0.562500 0.078125
vt 0.570313 0.078125
vt 0.578125 0.078125
vt 0.585938 0.078125
vt 0.593750 0.078125
vt 0.601563 0.078125
vt 0.609375 0.078125
vt 0.617188 0.078125
vt 0.390625 0.085938
vt 0.382812 0.085938
vt 0.398438 0.085938
vt 0.406250 0.085938
vt 0.414063 0.085938
vt 0.421875 0.085938
vt 0.429688 0.085938
vt 0.437500 0.085938
vt 0.445313 0.085938
vt 0.453125 0.085938
vt 0.460938 0.085938
vt 0.468750 0.085938
vt 0.476563 0.085938
vt 0.484375 0.085938
vt 0.492188 0.085938
vt 0.500000 0.085938
vt 0.507813 0.085938
vt 0.515625 0.085938
vt 0.523438 0.085938
vt 0.531250 0.085938
vt 0.539063 0.085938
vt 0.546875 0.085938
vt 0.554688 0.085938
vt 0.562500 0.085938
vt 0.570312 0.085938
vt 0.578125 0.085938
vt 0.585938 0.085938
vt 0.593750 0.085938
vt 0.601563 0.085938
vt 0.609375 0.085938
vt 0.617188 0.085938
vt 0.390625 0.093750
vt 0.382813 0.093750
vt 0.398438 0.093750
vt 0.406250 0.093750
vt 0.414063 0.093750
vt 0.421875 0.093750
vt 0.429688 0.093750
vt 0.437500 0.093750
vt 0.445313 0.093750
vt 0.453125 0.093750
vt 0.460938 0.093750
vt 0.468750 0.093750
vt 0.476563 0.093750
vt 0.484375 0.093750
vt 0.492188 0.093750
vt 0.500000 0.093750
vt 0.507813 0.093750
vt 0.515625 0.093750
vt 0.523438 0.093750
vt 0.531250 0.093750
vt 0.539062 0.093750
vt 0.546875 0.093750
vt 0.554688 0.093750
vt 0.562500 0.093750
vt 0.570313 0.093750
vt 0.578125 0.093750
vt 0.585938 0.093750
vt 0.593750 0.093750
vt 0.601563 0.093750
vt 0.609375 0.093750
vt 0.617188 0.093750
vt 0.390625 0.101563
vt 0.382813 0.101562
vt 0.398438 0.101562
vt 0.406250 0.101562
vt 0.414063 0.101563
vt 0.421875 0.101563
vt 0.429688 0.101562
vt 0.437500 0.101563
vt 0.445312 0.101563
vt 0.453125 0.101563
vt 0.460938 0.101563
vt 0.468750 0.101563
vt 0.476563 0.101563
vt 0.484375 0.101563
vt 0.492188 0.101563
vt 0.500000 0.101563
vt 0.507813 0.101563
vt 0.515625 0.101563
vt 0.523438 0.101563
vt 0.531250 0.101563
vt 0.539062 0.101563
vt 0.546875 0.101563
vt 0.554688 0.101563
vt 0.562500 0.101563
vt 0.570313 0.101562
vt 0.578125 0.101563
vt 0.585938 0.101563
vt 0.593750 0.101563
vt 0.601563 0.101563
vt 0.609375 0.101563
vt 0.617188 0.101562
vt 0.390625 0.109375
vt 0.382813 0.109375
vt 0.398438 0.109375
vt 0.406250 0.109375
vt 0.414063 0.109375
vt 0.421875 0.109375
vt 0.429688 0.109375
vt 0.437500 0.109375
vt 0.445313 0.109375
vt 0.453125 0.109375
vt 0.460938 0.109375
vt 0.468750 0.109375
vt 0.476563 0.109375
vt 0.484375 0.109375
vt 0.492188 0.109375
vt 0.500000 0.109375
vt 0.507812 0.109375
vt 0.515625 0.109375
vt 0.523438 0.109375
vt 0.531250 0.109375
vt 0.539062 0.109375
vt 0.546875 0.109375
vt 0.554688 0.109375
vt 0.562500 0.109375
vt 0.570312 0.109375
vt 0.578125 0.109375
vt 0.585938 0.109375
vt 0.593750 0.109375
vt 0.601562 0.109375
vt 0.609375 0.109375
vt 0.617188 0.109375
vt 0.390625 0.117188
vt 0.382812 0.117188
vt 0.398438 0.117188
vt 0.406250 0.117188
vt 0.414063 0.117188
vt 0.421875 0.117188
vt 0.429688 0.117188
vt 0.437500 0.117188
vt 0.445312 0.117188
vt 0.453125 0.117188
vt 0.460938 0.117188
vt 0.468750 0.117188
vt 0.476563 0.117188
vt 0.484375 0.117188
vt 0.492188 0.117188
vt 0.500000 0.117188
vt 0.507813 0.117188
vt 0.515625 0.117188
vt 0.523438 0.117188
vt 0.531250 0.117188
vt 0.539063 0.117188
vt 0.546875 0.117188
vt 0.554688 0.117188
vt 0.562500 0.117188
vt 0.570313 0.117188
vt 0.578125 0.117188
vt 0.585938 0.117188
vt 0.593750 0.117188
vt 0.601562 0.117188
vt 0.609375 0.117188
vt 0.617188 0.117188
vt 0.390625 0.125000
vt 0.382813 0.125000
vt 0.398438 0.125000
vt 0.406250 0.125000
vt 0.414062 0.125000
vt 0.421875 0.125000
vt 0.429688 0.125000
vt 0.437500 0.125000
vt 0.445312 0.125000
vt 0.453125 0.125000
vt 0.460938 0.125000
vt 0.468750 0.125000
vt 0.476563 0.125000
vt 0.484375 0.125000
vt 0.492188 0.125000
vt 0.500000 0.125000
vt 0.507812 0.125000
vt 0.515625 0.125000
vt 0.523438 0.125000
vt 0.531250 0.125000
vt 0.539063 0.125000
vt 0.546875 0.125000
vt 0.554688 0.125000
vt 0.562500 0.125000
vt 0.570312 0.125000
vt 0.578125 0.125000
vt 0.585938 0.125000
vt 0.593750 0.125000
vt 0.601563 0.125000
vt 0.609375 0.125000
vt 0.617188 0.125000
vt 0.390625 0.132812
vt 0.382812 0.132813
vt 0.398438 0.132812
vt 0.406250 0.132813
vt 0.414063 0.132812
vt 0.421875 0.132812
vt 0.429688 0.132812
vt 0.437500 0.132812
vt 0.445312 0.132813
vt 0.453125 0.132812
vt 0.460938 0.132813
vt 0.468750 0.132813
vt 0.476563 0.132812
vt 0.484375 0.132813
vt 0.492188 0.132813
vt 0.500000 0.132812
vt 0.507813 0.132813
vt 0.515625 0.132812
vt 0.523437 0.132813
vt 0.531250 0.132813
vt 0.539062 0.132812
vt 0.546875 0.132813
vt 0.554688 0.132813
vt 0.562500 0.132812
vt 0.570313 0.132812
vt 0.578125 0.132812
vt 0.585938 0.132813
vt 0.593750 0.132812
vt 0.601563 0.132812
vt 0.609375 0.132813
vt 0.617188 0.132812
vt 0.390625 0.140625
vt 0.382813 0.140625
vt 0.398438 0.140625
vt 0.406250 0.140625
vt 0.414063 0.140625
vt 0.421875 0.140625
vt 0.429688 0.140625
vt 0.437500 0.140625
vt 0.445312 0.140625
vt 0.453125 0.140625
vt 0.460938 0.140625
vt 0.468750 0.140625
vt 0.476563 0.140625
vt 0.484375 0.140625
vt 0.492188 0.140625
vt 0.500000 0.140625
vt 0.507813 0.140625
vt 0.515625 0.140625
vt 0.523438 0.140625
vt 0.531250 0.140625
vt 0.539062 0.140625
vt 0.546875 0.140625
vt 0.554688 0.140625
vt 0.562500 0.140625
vt 0.570313 0.140625
vt 0.578125 0.140625
vt 0.585938 0.140625
vt 0.593750 0.140625
vt 0.601563 0.140625
vt 0.609375 0.140625
vt 0.617188 0.140625
vt 0.390625 0.148438
vt 0.382812 0.148438
vt 0.398438 0.148438
vt 0.406250 0.148438
vt 0.414063 0.148438
vt 0.421875 0.148438
vt 0.429688 0.148438
vt 0.437500 0.148438
vt 0.445313 0.148438
vt 0.453125 0.148438
vt 0.460938 0.148438
vt 0.468750 0.148438
vt 0.476563 0.148438
vt 0.484375 0.148438
vt 0.492188 0.148438
vt 0.500000 0.148438
vt 0.507813 0.148438
vt 0.515625 0.148438
vt 0.523438 0.148438
vt 0.531250 0.148438
vt 0.539063 0.148438
vt 0.546875 0.148438
vt 0.554688 0.148438
vt 0.562500 0.148438
vt 0.570312 0.148438
vt 0.578125 0.148438
vt 0.585938 0.148438
vt 0.593750 0.148438
vt 0.601563 0.148438
vt 0.609375 0.148438
vt 0.617188 0.148438
vt 0.390625 0.156250
vt 0.382813 0.156250
vt 0.398438 0.156250
vt 0.406250 0.156250
vt 0.414063 0.156250
vt 0.421875 0.156250
vt 0.429688 0.156250
vt 0.437500 0.156250
vt 0.445313 0.156250
vt 0.453125 0.156250
vt 0.460938 0.156250
vt 0.468750 0.156250
vt 0.476563 0.156250
vt 0.484375 0.156250
vt 0.492188 0.156250
vt 0.500000 0.156250
vt 0.507813 0.156250
vt 0.515625 0.156250
vt 0.523438 0.156250
vt 0.531250 0.156250
vt 0.539062 0.156250
vt 0.546875 0.156250
vt 0.554688 0.156250
vt 0.562500 0.156250
vt 0.570313 0.156250
vt 0.578125 0.156250
vt 0.585938 0.156250
vt 0.593750 0.156250
vt 0.601563 0.156250
vt 0.609375 0.156250
vt 0.617188 0.156250
vt 0.390625 0.164062
vt 0.382813 0.164063
vt 0.398438 0.164063
vt 0.406250 0.164063
vt 0.414063 0.164063
vt 0.421875 0.164063
vt 0.429688 0.164063
vt 0.437500 0.164063
vt 0.445312 0.164062
vt 0.453125 0.164062
vt 0.460938 0.164063
vt 0.468750 0.164063
vt 0.476563 0.164063
vt 0.484375 0.164063
vt 0.492188 0.164063
vt 0.500000 0.164063
vt 0.507813 0.164062
vt 0.515625 0.164062
vt 0.523438 0.164063
vt 0.531250 0.164063
vt 0.539062 0.164063
vt 0.546875 0.164063
vt 0.554688 0.164063
vt 0.562500 0.164063
vt 0.570313 0.164063
vt 0.578125 0.164063
vt 0.585938 0.164063
vt 0.593750 0.164063
vt 0.601563 0.164063
vt 0.609375 0.164063
vt 0.617188 0.164063
vt 0.390625 0.171875
vt 0.382813 0.171875
vt 0.398438 0.171875
vt 0.406250 0.171875
vt 0.414063 0.171875
vt 0.421875 0.171875
vt 0.429688 0.171875
vt 0.437500 0.171875
vt 0.445313 0.171875
vt 0.453125 0.171875
vt 0.460938 0.171875
vt 0.468750 0.171875
vt 0.476563 0.171875
vt 0.484375 0.171875
vt 0.492188 0.171875
vt 0.500000 0.171875
vt 0.507812 0.171875
vt 0.515625 0.171875
vt 0.523438 0.171875
vt 0.531250 0.171875
vt 0.539062 0.171875
vt 0.546875 0.171875
vt 0.554688 0.171875
vt 0.562500 0.171875
vt 0.570312 0.171875
vt 0.578125 0.171875
vt 0.585938 0.171875
vt 0.593750 0.171875
vt 0.601562 0.171875
vt 0.609375 0.171875
vt 0.617188 0.171875
vt 0.390625 0.179688
vt 0.382812 0.179688
vt 0.398438 0.179688
vt 0.406250 0.179688
vt 0.414063 0.179688
vt 0.421875 0.179688
vt 0.429688 0.179688
vt 0.437500 0.179688
vt 0.445312 0.179688
vt 0.453125 0.179688
vt 0.460938 0.179688
vt 0.468750 0.179688
vt 0.476563 0.179688
vt 0.484375 0.179688
vt 0.492188 0.179688
vt 0.500000 0.179688
vt 0.507813 0.179688
vt 0.515625 0.179688
vt 0.523438 0.179688
vt 0.531250 0.179688
vt 0.539063 0.179688
vt 0.546875 0.179688
vt 0.554688 0.179688
vt 0.562500 0.179688
vt 0.570313 0.179688
vt 0.578125 0.179688
vt 0.585938 0.179688
vt 0.593750 0.179688
vt 0.601562 0.179688
vt 0.609375 0.179688
vt 0.617188 0.179688
vt 0.390625 0.187500
vt 0.382813 0.187500
vt 0.398438 0.187500
vt 0.406250 0.187500
vt 0.414063 0.187500
vt 0.421875 0.187500
vt 0.429688 0.187500
vt 0.437500 0.187500
vt 0.445312 0.187500
vt 0.453125 0.187500
vt 0.460938 0.187500
vt 0.468750 0.187500
vt 0.476563 0.187500
vt 0.484375 0.187500
vt 0.492188 0.187500
vt 0.500000 0.187500
vt 0.507812 0.187500
vt 0.515625 0.187500
vt 0.523438 0.187500
vt 0.531250 0.187500
vt 0.539063 0.187500
vt 0.546875 0.187500
vt 0.554688 0.187500
vt 0.562500 0.187500
vt 0.570312 0.187500
vt 0.578125 0.187500
vt 0.585938 0.187500
vt 0.593750 0.187500
vt 0.601563 0.187500
vt 0.609375 0.187500
vt 0.617188 0.187500
vt 0.390625 0.195313
vt 0.382813 0.195312
vt 0.398438 0.195313
vt 0.406250 0.195312
vt 0.414063 0.195312
vt 0.421875 0.195312
vt 0.429688 0.195313
vt 0.437500 0.195313
vt 0.445312 0.195313
vt 0.453125 0.195312
vt 0.460938 0.195313
vt 0.468750 0.195313
vt 0.476563 0.195312
vt 0.484375 0.195312
vt 0.492188 0.195313
vt 0.500000 0.195313
vt 0.507813 0.195313
vt 0.515625 0.195312
vt 0.523437 0.195313
vt 0.531250 0.195313
vt 0.539062 0.195312
vt 0.546875 0.195312
vt 0.554688 0.195313
vt 0.562500 0.195312
vt 0.570312 0.195312
vt 0.578125 0.195312
vt 0.585938 0.195313
vt 0.593750 0.195312
vt 0.601563 0.195313
vt 0.609375 0.195313
vt 0.617188 0.195313
vt 0.390625 0.203125
vt 0.382812 0.203125
vt 0.398438 0.203125
vt 0.406250 0.203125
vt 0.414063 0.203125
vt 0.421875 0.203125
vt 0.429688 0.203125
vt 0.437500 0.203125
vt 0.445312 0.203125
vt 0.453125 0.203125
vt 0.460938 0.203125
vt 0.468750 0.203125
vt 0.476563 0.203125
vt 0.484375 0.203125
vt 0.492188 0.203125
vt 0.500000 0.203125
vt 0.507813 0.203125
vt 0.515625 0.203125
vt 0.523438 0.203125
vt 0.531250 0.203125
vt 0.539062 0.203125
vt 0.546875 0.203125
vt 0.554688 0.203125
vt 0.562500 0.203125
vt 0.570313 0.203125
vt 0.578125 0.203125
vt 0.585938 0.203125
vt 0.593750 0.203125
vt 0.601563 0.203125
vt 0.609375 0.203125
vt 0.617188 0.203125
vt 0.390625 0.210938
vt 0.382813 0.210938
vt 0.398438 0.210938
vt 0.406250 0.210938
vt 0.414063 0.210938
vt 0.421875 0.210938
vt 0.429688 0.210938
vt 0.437500 0.210938
vt 0.445313 0.210938
vt 0.453125 0.210938
vt 0.460938 0.210938
vt 0.468750 0.210938
vt 0.476563 0.210938
vt 0.484375 0.210938
vt 0.492188 0.210938
vt 0.500000 0.210938
vt 0.507813 0.210938
vt 0.515625 0.210938
vt 0.523438 0.210938
vt 0.531250 0.210938
vt 0.539063 0.210938
vt 0.546875 0.210938
vt 0.554688 0.210938
vt 0.562500 0.210938
vt 0.570313 0.210938
vt 0.578125 0.210938
vt 0.585938 0.210938
vt 0.593750 0.210938
vt 0.601563 0.210938
vt 0.609375 0.210938
vt 0.617188 0.210938
vt 0.390625 0.218750
vt 0.382813 0.218750
vt 0.398438 0.218750
vt 0.406250 0.218750
vt 0.414063 0.218750
vt 0.421875 0.218750
vt 0.429688 0.218750
vt 0.437500 0.218750
vt 0.445313 0.218750
vt 0.453125 0.218750
vt 0.460938 0.218750
vt 0.468750 0.218750
vt 0.476563 0.218750
vt 0.484375 0.218750
vt 0.492188 0.218750
vt 0.500000 0.218750
vt 0.507813 0.218750
vt 0.515625 0.218750
vt 0.523438 0.218750
vt 0.531250 0.218750
vt 0.539062 0.218750
vt 0.546875 0.218750
vt 0.554688 0.218750
vt 0.562500 0.218750
vt 0.570312 0.218750
vt 0.578125 0.218750
vt 0.585938 0.218750
vt 0.593750 0.218750
vt 0.601563 0.218750
vt 0.609375 0.218750
vt 0.617188 0.218750
vt 0.390625 0.226562
vt 0.382812 0.226562
vt 0.398438 0.226562
vt 0.406250 0.226563
vt 0.414063 0.226563
vt 0.421875 0.226563
vt 0.429688 0.226563
vt 0.437500 0.226563
vt 0.445312 0.226563
vt 0.453125 0.226563
vt 0.460938 0.226563
vt 0.468750 0.226563
vt 0.476563 0.226563
vt 0.484375 0.226563
vt 0.492188 0.226563
vt 0.500000 0.226563
vt 0.507813 0.226563
vt 0.515625 0.226563
vt 0.523438 0.226563
vt 0.531250 0.226563
vt 0.539062 0.226563
vt 0.546875 0.226563
vt 0.554688 0.226563
vt 0.562500 0.226563
vt 0.570312 0.226563
vt 0.578125 0.226563
vt 0.585938 0.226563
vt 0.593750 0.226562
vt 0.601563 0.226562
vt 0.609375 0.226562
vt 0.617188 0.226562
vt 0.390625 0.234375
vt 0.382812 0.234375
vt 0.398438 0.234375
vt 0.406250 0.234375
vt 0.414063 0.234375
vt 0.421875 0.234375
vt 0.429688 0.234375
vt 0.437500 0.234375
vt 0.445313 0.234375
vt 0.453125 0.234375
vt 0.460938 0.234375
vt 0.468750 0.234375
vt 0.476563 0.234375
vt 0.484375 0.234375
vt 0.492188 0.234375
vt 0.500000 0.234375
vt 0.507812 0.234375
vt 0.515625 0.234375
vt 0.523438 0.234375
vt 0.531250 0.234375
vt 0.539062 0.234375
vt 0.546875 0.234375
vt 0.554688 0.234375
vt 0.562500 0.234375
vt 0.570313 0.234375
vt 0.578125 0.234375
vt 0.585938 0.234375
vt 0.593750 0.234375
vt 0.601562 0.234375
vt 0.609375 0.234375
vt 0.617188 0.234375
vt 0.390625 0.242188
vt 0.382812 0.242188
vt 0.398438 0.242188
vt 0.406250 0.242188
vt 0.414063 0.242188
vt 0.421875 0.242188
vt 0.429688 0.242188
vt 0.437500 0.242188
vt 0.445312 0.242188
vt 0.453125 0.242188
vt 0.460938 0.242188
vt 0.468750 0.242188
vt 0.476563 0.242188
vt 0.484375 0.242188
vt 0.492188 0.242188
vt 0.500000 0.242188
vt 0.507813 0.242188
vt 0.515625 0.242188
vt 0.523438 0.242188
vt 0.531250 0.242188
vt 0.539063 0.242188
vt 0.546875 0.242188
vt 0.554688 0.242188
vt 0.562500 0.242188
vt 0.570313 0.242188
vt 0.578125 0.242188
vt 0.585938 0.242188
vt 0.593750 0.242188
vt 0.601562 0.242188
vt 0.609375 0.242188
vt 0.617188 0.242188
vt 0.375000 0.000000
vt 0.382812 0.000000
vt 0.375000 0.007813
vt 0.390625 0.000000
vt 0.398438 0.000000
vt 0.406250 0.000000
vt 0.414062 0.000000
vt 0.421875 0.000000
vt 0.429688 0.000000
vt 0.437500 0.000000
vt 0.445313 0.000000
vt 0.453125 0.000000
vt 0.460938 0.000000
vt 0.468750 0.000000
vt 0.476563 0.000000
vt 0.484375 0.000000
vt 0.492188 0.000000
vt 0.500000 0.000000
vt 0.507813 0.000000
vt 0.515625 0.000000
vt 0.523438 0.000000
vt 0.531250 0.000000
vt 0.539063 0.000000
vt 0.546875 0.000000
vt 0.554688 0.000000
vt 0.562500 0.000000
vt 0.570313 0.000000
vt 0.578125 0.000000
vt 0.585938 0.000000
vt 0.593750 0.000000
vt 0.601562 0.000000
vt 0.609375 0.000000
vt 0.617188 0.000000
vt 0.625000 0.000000
vt 0.625000 0.007813
vt 0.625000 0.015625
vt 0.625000 0.023438
vt 0.625000 0.031250
vt 0.625000 0.039062
vt 0.625000 0.046875
vt 0.625000 0.054688
vt 0.625000 0.062500
vt 0.625000 0.070313
vt 0.625000 0.078125
vt 0.625000 0.085938
vt 0.625000 0.093750
vt 0.625000 0.101563
vt 0.625000 0.109375
vt 0.625000 0.117188
vt 0.625000 0.125000
vt 0.625000 0.132813
vt 0.625000 0.140625
vt 0.625000 0.148438
vt 0.625000 0.156250
vt 0.625000 0.164063
vt 0.625000 0.171875
vt 0.625000 0.179688
vt 0.625000 0.187500
vt 0.625000 0.195313
vt 0.625000 0.203125
vt 0.625000 0.210938
vt 0.625000 0.218750
vt 0.625000 0.226563
vt 0.625000 0.234375
vt 0.625000 0.242188
vt 0.625000 0.250000
vt 0.617188 0.250000
vt 0.609375 0.250000
vt 0.601562 0.250000
vt 0.593750 0.250000
vt 0.585938 0.250000
vt 0.578125 0.250000
vt 0.570312 0.250000
vt 0.562500 0.250000
vt 0.554688 0.250000
vt 0.546875 0.250000
vt 0.539063 0.250000
vt 0.531250 0.250000
vt 0.523438 0.250000
vt 0.515625 0.250000
vt 0.507812 0.250000
vt 0.500000 0.250000
vt 0.492188 0.250000
vt 0.484375 0.250000
vt 0.476563 0.250000
vt 0.468750 0.250000
vt 0.460938 0.250000
vt 0.453125 0.250000
vt 0.445312 0.250000
vt 0.437500 0.250000
vt 0.429688 0.250000
vt 0.421875 0.250000
vt 0.414063 0.250000
vt 0.406250 0.250000
vt 0.398438 0.250000
vt 0.390625 0.250000
vt 0.382812 0.250000
vt 0.375000 0.242188
vt 0.375000 0.250000
vt 0.375000 0.234375
vt 0.375000 0.226563
vt 0.375000 0.218750
vt 0.375000 0.210938
vt 0.375000 0.203125
vt 0.375000 0.195313
vt 0.375000 0.187500
vt 0.375000 0.179688
vt 0.375000 0.171875
vt 0.375000 0.164063
vt 0.375000 0.156250
vt 0.375000 0.148438
vt 0.375000 0.140625
vt 0.375000 0.132813
vt 0.375000 0.125000
vt 0.375000 0.117188
vt 0.375000 0.109375
vt 0.375000 0.101563
vt 0.375000 0.093750
vt 0.375000 0.085938
vt 0.375000 0.078125
vt 0.375000 0.070313
vt 0.375000 0.062500
vt 0.375000 0.054688
vt 0.375000 0.046875
vt 0.375000 0.039062
vt 0.375000 0.031250
vt 0.375000 0.023438
vt 0.375000 0.015625
vt 0.132812 0.507813
vt 0.140625 0.507812
vt 0.140625 0.515625
vt 0.132813 0.515625
vt 0.148438 0.507812
vt 0.148438 0.515625
vt 0.156250 0.507813
vt 0.156250 0.515625
vt 0.164062 0.507813
vt 0.164063 0.515625
vt 0.171875 0.507812
vt 0.171875 0.515625
vt 0.179688 0.507813
vt 0.179688 0.515625
vt 0.187500 0.507813
vt 0.187500 0.515625
vt 0.195313 0.507813
vt 0.195312 0.515625
vt 0.203125 0.507813
vt 0.203125 0.515625
vt 0.210938 0.507813
vt 0.210938 0.515625
vt 0.218750 0.507813
vt 0.218750 0.515625
vt 0.226563 0.507813
vt 0.226562 0.515625
vt 0.234375 0.507813
vt 0.234375 0.515625
vt 0.242188 0.507813
vt 0.242188 0.515625
vt 0.250000 0.507813
vt 0.250000 0.515625
vt 0.257812 0.507813
vt 0.257813 0.515625
vt 0.265625 0.507813
vt 0.265625 0.515625
vt 0.273438 0.507813
vt 0.273438 0.515625
vt 0.281250 0.507813
vt 0.281250 0.515625
vt 0.289063 0.507813
vt 0.289062 0.515625
vt 0.296875 0.507813
vt 0.296875 0.515625
vt 0.304688 0.507813
vt 0.304688 0.515625
vt 0.312500 0.507813
vt 0.312500 0.515625
vt 0.320312 0.507813
vt 0.320313 0.515625
vt 0.328125 0.507812
vt 0.328125 0.515625
vt 0.335938 0.507813
vt 0.335938 0.515625
vt 0.343750 0.507812
vt 0.343750 0.515625
vt 0.351562 0.508036
vt 0.351562 0.515845
vt 0.359375 0.508417
vt 0.359375 0.516235
vt 0.367188 0.508508
vt 0.367188 0.516357
vt 0.140625 0.523438
vt 0.132812 0.523438
vt 0.148438 0.523438
vt 0.156250 0.523438
vt 0.164062 0.523438
vt 0.171875 0.523438
vt 0.179688 0.523438
vt 0.187500 0.523438
vt 0.195312 0.523438
vt 0.203125 0.523438
vt 0.210938 0.523438
vt 0.218750 0.523438
vt 0.226562 0.523438
vt 0.234375 0.523438
vt 0.242188 0.523438
vt 0.250000 0.523438
vt 0.257812 0.523438
vt 0.265625 0.523438
vt 0.273438 0.523438
vt 0.281250 0.523438
vt 0.289063 0.523438
vt 0.296875 0.523438
vt 0.304688 0.523438
vt 0.312500 0.523438
vt 0.320313 0.523438
vt 0.328125 0.523438
vt 0.335938 0.523438
vt 0.343750 0.523438
vt 0.351562 0.523532
vt 0.359375 0.523712
vt 0.367188 0.523798
vt 0.140625 0.531250
vt 0.132813 0.531250
vt 0.148438 0.531250
vt 0.156250 0.531250
vt 0.164062 0.531250
vt 0.171875 0.531250
vt 0.179688 0.531250
vt 0.187500 0.531250
vt 0.195313 0.531250
vt 0.203125 0.531250
vt 0.210938 0.531250
vt 0.218750 0.531250
vt 0.226563 0.531250
vt 0.234375 0.531250
vt 0.242188 0.531250
vt 0.250000 0.531250
vt 0.257812 0.531250
vt 0.265625 0.531250
vt 0.273438 0.531250
vt 0.281250 0.531250
vt 0.289063 0.531250
vt 0.296875 0.531250
vt 0.304688 0.531250
vt 0.312500 0.531250
vt 0.320312 0.531250
vt 0.328125 0.531250
vt 0.335938 0.531250
vt 0.343750 0.531250
vt 0.351562 0.531250
vt 0.359375 0.531250
vt 0.367188 0.531250
vt 0.140625 0.539062
vt 0.132812 0.539063
vt 0.148438 0.539062
vt 0.156250 0.539063
vt 0.164062 0.539063
vt 0.171875 0.539062
vt 0.179688 0.539063
vt 0.187500 0.539062
vt 0.195312 0.539062
vt 0.203125 0.539062
vt 0.210938 0.539062
vt 0.218750 0.539062
vt 0.226562 0.539062
vt 0.234375 0.539062
vt 0.242188 0.539062
vt 0.250000 0.539062
vt 0.257813 0.539062
vt 0.265625 0.539062
vt 0.273438 0.539062
vt 0.281250 0.539062
vt 0.289062 0.539062
vt 0.296875 0.539062
vt 0.304688 0.539062
vt 0.312500 0.539063
vt 0.320312 0.539063
vt 0.328125 0.539062
vt 0.335938 0.539063
vt 0.343750 0.539063
vt 0.351563 0.539063
vt 0.359375 0.539062
vt 0.367188 0.539063
vt 0.140625 0.546875
vt 0.132813 0.546875
vt 0.148438 0.546875
vt 0.156250 0.546875
vt 0.164062 0.546875
vt 0.171875 0.546875
vt 0.179688 0.546875
vt 0.187500 0.546875
vt 0.195313 0.546875
vt 0.203125 0.546875
vt 0.210938 0.546875
vt 0.218750 0.546875
vt 0.226563 0.546875
vt 0.234375 0.546875
vt 0.242188 0.546875
vt 0.250000 0.546875
vt 0.257812 0.546875
vt 0.265625 0.546875
vt 0.273438 0.546875
vt 0.281250 0.546875
vt 0.289063 0.546875
vt 0.296875 0.546875
vt 0.304688 0.546875
vt 0.312500 0.546875
vt 0.320313 0.546875
vt 0.328125 0.546875
vt 0.335938 0.546875
vt 0.343750 0.546875
vt 0.351563 0.546875
vt 0.359375 0.546875
vt 0.367188 0.546875
vt 0.140625 0.554688
vt 0.132812 0.554688
vt 0.148438 0.554688
vt 0.156250 0.554688
vt 0.164063 0.554688
vt 0.171875 0.554688
vt 0.179688 0.554688
vt 0.187500 0.554688
vt 0.195313 0.554688
vt 0.203125 0.554688
vt 0.210938 0.554688
vt 0.218750 0.554688
vt 0.226563 0.554688
vt 0.234375 0.554688
vt 0.242188 0.554688
vt 0.250000 0.554688
vt 0.257812 0.554688
vt 0.265625 0.554688
vt 0.273438 0.554688
vt 0.281250 0.554688
vt 0.289063 0.554688
vt 0.296875 0.554688
vt 0.304688 0.554688
vt 0.312500 0.554688
vt 0.320312 0.554688
vt 0.328125 0.554688
vt 0.335938 0.554688
vt 0.343750 0.554688
vt 0.351562 0.554688
vt 0.359375 0.554688
vt 0.367188 0.554688
vt 0.140625 0.562500
vt 0.132812 0.562500
vt 0.148438 0.562500
vt 0.156250 0.562500
vt 0.164063 0.562500
vt 0.171875 0.562500
vt 0.179688 0.562500
vt 0.187500 0.562500
vt 0.195313 0.562500
vt 0.203125 0.562500
vt 0.210938 0.562500
vt 0.218750 0.562500
vt 0.226562 0.562500
vt 0.234375 0.562500
vt 0.242188 0.562500
vt 0.250000 0.562500
vt 0.257813 0.562500
vt 0.265625 0.562500
vt 0.273438 0.562500
vt 0.281250 0.562500
vt 0.289063 0.562500
vt 0.296875 0.562500
vt 0.304688 0.562500
vt 0.312500 0.562500
vt 0.320312 0.562500
vt 0.328125 0.562500
vt 0.335938 0.562500
vt 0.343750 0.562500
vt 0.351563 0.562500
vt 0.359375 0.562500
vt 0.367188 0.562500
vt 0.140625 0.570313
vt 0.132813 0.570313
vt 0.148438 0.570313
vt 0.156250 0.570313
vt 0.164063 0.570312
vt 0.171875 0.570313
vt 0.179688 0.570313
vt 0.187500 0.570312
vt 0.195312 0.570312
vt 0.203125 0.570313
vt 0.210938 0.570313
vt 0.218750 0.570312
vt 0.226563 0.570312
vt 0.234375 0.570313
vt 0.242188 0.570312
vt 0.250000 0.570312
vt 0.257813 0.570312
vt 0.265625 0.570313
vt 0.273438 0.570313
vt 0.281250 0.570312
vt 0.289063 0.570312
vt 0.296875 0.570313
vt 0.304688 0.570312
vt 0.312500 0.570312
vt 0.320313 0.570312
vt 0.328125 0.570313
vt 0.335938 0.570313
vt 0.343750 0.570312
vt 0.351563 0.570312
vt 0.359375 0.570313
vt 0.367188 0.570312
vt 0.140625 0.578125
vt 0.132813 0.578125
vt 0.148438 0.578125
vt 0.156250 0.578125
vt 0.164063 0.578125
vt 0.171875 0.578125
vt 0.179688 0.578125
vt 0.187500 0.578125
vt 0.195312 0.578125
vt 0.203125 0.578125
vt 0.210938 0.578125
vt 0.218750 0.578125
vt 0.226562 0.578125
vt 0.234375 0.578125
vt 0.242188 0.578125
vt 0.250000 0.578125
vt 0.257813 0.578125
vt 0.265625 0.578125
vt 0.273438 0.578125
vt 0.281250 0.578125
vt 0.289062 0.578125
vt 0.296875 0.578125
vt 0.304688 0.578125
vt 0.312500 0.578125
vt 0.320312 0.578125
vt 0.328125 0.578125
vt 0.335938 0.578125
vt 0.343750 0.578125
vt 0.351562 0.578125
vt 0.359375 0.578125
vt 0.367188 0.578125
vt 0.140625 0.585938
vt 0.132812 0.585938
vt 0.148438 0.585938
vt 0.156250 0.585938
vt 0.164063 0.585938
vt 0.171875 0.585938
vt 0.179688 0.585938
vt 0.187500 0.585938
vt 0.195313 0.585938
vt 0.203125 0.585938
vt 0.210938 0.585938
vt 0.218750 0.585938
vt 0.226563 0.585938
vt 0.234375 0.585938
vt 0.242188 0.585938
vt 0.250000 0.585938
vt 0.257813 0.585938
vt 0.265625 0.585938
vt 0.273438 0.585938
vt 0.281250 0.585938
vt 0.289063 0.585938
vt 0.296875 0.585938
vt 0.304688 0.585938
vt 0.312500 0.585938
vt 0.320312 0.585938
vt 0.328125 0.585938
vt 0.335938 0.585938
vt 0.343750 0.585938
vt 0.351563 0.585938
vt 0.359375 0.585938
vt 0.367188 0.585938
vt 0.140625 0.593750
vt 0.132813 0.593750
vt 0.148438 0.593750
vt 0.156250 0.593750
vt 0.164063 0.593750
vt 0.171875 0.593750
vt 0.179688 0.593750
vt 0.187500 0.593750
vt 0.195313 0.593750
vt 0.203125 0.593750
vt 0.210938 0.593750
vt 0.218750 0.593750
vt 0.226563 0.593750
vt 0.234375 0.593750
vt 0.242188 0.593750
vt 0.250000 0.593750
vt 0.257813 0.593750
vt 0.265625 0.593750
vt 0.273438 0.593750
vt 0.281250 0.593750
vt 0.289063 0.593750
vt 0.296875 0.593750
vt 0.304688 0.593750
vt 0.312500 0.593750
vt 0.320313 0.593750
vt 0.328125 0.593750
vt 0.335938 0.593750
vt 0.343750 0.593750
vt 0.351563 0.593750
vt 0.359375 0.593750
vt 0.367188 0.593750
vt 0.140625 0.601562
vt 0.132813 0.601563
vt 0.148438 0.601563
vt 0.156250 0.601563
vt 0.164063 0.601562
vt 0.171875 0.601562
vt 0.179688 0.601563
vt 0.187500 0.601563
vt 0.195312 0.601563
vt 0.203125 0.601562
vt 0.210938 0.601563
vt 0.218750 0.601563
vt 0.226562 0.601562
vt 0.234375 0.601562
vt 0.242188 0.601563
vt 0.250000 0.601563
vt 0.257813 0.601563
vt 0.265625 0.601562
vt 0.273438 0.601563
vt 0.281250 0.601563
vt 0.289062 0.601562
vt 0.296875 0.601562
vt 0.304688 0.601563
vt 0.312500 0.601563
vt 0.320312 0.601563
vt 0.328125 0.601562
vt 0.335938 0.601563
vt 0.343750 0.601563
vt 0.351563 0.601562
vt 0.359375 0.601562
vt 0.367188 0.601563
vt 0.140625 0.609375
vt 0.132813 0.609375
vt 0.148438 0.609375
vt 0.156250 0.609375
vt 0.164062 0.609375
vt 0.171875 0.609375
vt 0.179688 0.609375
vt 0.187500 0.609375
vt 0.195313 0.609375
vt 0.203125 0.609375
vt 0.210938 0.609375
vt 0.218750 0.609375
vt 0.226563 0.609375
vt 0.234375 0.609375
vt 0.242188 0.609375
vt 0.250000 0.609375
vt 0.257812 0.609375
vt 0.265625 0.609375
vt 0.273438 0.609375
vt 0.281250 0.609375
vt 0.289062 0.609375
vt 0.296875 0.609375
vt 0.304688 0.609375
vt 0.312500 0.609375
vt 0.320312 0.609375
vt 0.328125 0.609375
vt 0.335938 0.609375
vt 0.343750 0.609375
vt 0.351563 0.609375
vt 0.359375 0.609375
vt 0.367188 0.609375
vt 0.140625 0.617188
vt 0.132813 0.617188
vt 0.148438 0.617188
vt 0.156250 0.617188
vt 0.164063 0.617188
vt 0.171875 0.617188
vt 0.179688 0.617188
vt 0.187500 0.617188
vt 0.195312 0.617188
vt 0.203125 0.617188
vt 0.210938 0.617188
vt 0.218750 0.617188
vt 0.226563 0.617188
vt 0.234375 0.617188
vt 0.242188 0.617188
vt 0.250000 0.617188
vt 0.257812 0.617188
vt 0.265625 0.617188
vt 0.273438 0.617188
vt 0.281250 0.617188
vt 0.289063 0.617188
vt 0.296875 0.617188
vt 0.304688 0.617188
vt 0.312500 0.617188
vt 0.320313 0.617188
vt 0.328125 0.617188
vt 0.335938 0.617188
vt 0.343750 0.617188
vt 0.351563 0.617188
vt 0.359375 0.617188
vt 0.367188 0.617188
vt 0.140625 0.625000
vt 0.132812 0.625000
vt 0.148438 0.625000
vt 0.156250 0.625000
vt 0.164063 0.625000
vt 0.171875 0.625000
vt 0.179688 0.625000
vt 0.187500 0.625000
vt 0.195313 0.625000
vt 0.203125 0.625000
vt 0.210938 0.625000
vt 0.218750 0.625000
vt 0.226562 0.625000
vt 0.234375 0.625000
vt 0.242188 0.625000
vt 0.250000 0.625000
vt 0.257813 0.625000
vt 0.265625 0.625000
vt 0.273438 0.625000
vt 0.281250 0.625000
vt 0.289063 0.625000
vt 0.296875 0.625000
vt 0.304688 0.625000
vt 0.312500 0.625000
vt 0.320312 0.625000
vt 0.328125 0.625000
vt 0.335938 0.625000
vt 0.343750 0.625000
vt 0.351563 0.625000
vt 0.359375 0.625000
vt 0.367188 0.625000
vt 0.140625 0.632813
vt 0.132813 0.632812
vt 0.148438 0.632812
vt 0.156250 0.632812
vt 0.164063 0.632813
vt 0.171875 0.632812
vt 0.179688 0.632812
vt 0.187500 0.632813
vt 0.195312 0.632813
vt 0.203125 0.632813
vt 0.210938 0.632813
vt 0.218750 0.632813
vt 0.226563 0.632813
vt 0.234375 0.632813
vt 0.242188 0.632812
vt 0.250000 0.632813
vt 0.257813 0.632813
vt 0.265625 0.632813
vt 0.273438 0.632813
vt 0.281250 0.632813
vt 0.289063 0.632813
vt 0.296875 0.632813
vt 0.304688 0.632812
vt 0.312500 0.632813
vt 0.320313 0.632813
vt 0.328125 0.632813
vt 0.335938 0.632813
vt 0.343750 0.632813
vt 0.351563 0.632813
vt 0.359375 0.632813
vt 0.367188 0.632812
vt 0.140625 0.640625
vt 0.132813 0.640625
vt 0.148438 0.640625
vt 0.156250 0.640625
vt 0.164063 0.640625
vt 0.171875 0.640625
vt 0.179688 0.640625
vt 0.187500 0.640625
vt 0.195312 0.640625
vt 0.203125 0.640625
vt 0.210938 0.640625
vt 0.218750 0.640625
vt 0.226562 0.640625
vt 0.234375 0.640625
vt 0.242188 0.640625
vt 0.250000 0.640625
vt 0.257813 0.640625
vt 0.265625 0.640625
vt 0.273438 0.640625
vt 0.281250 0.640625
vt 0.289062 0.640625
vt 0.296875 0.640625
vt 0.304688 0.640625
vt 0.312500 0.640625
vt 0.320312 0.640625
vt 0.328125 0.640625
vt 0.335938 0.640625
vt 0.343750 0.640625
vt 0.351562 0.640625
vt 0.359375 0.640625
vt 0.367188 0.640625
vt 0.140625 0.648438
vt 0.132812 0.648438
vt 0.148438 0.648438
vt 0.156250 0.648438
vt 0.164063 0.648438
vt 0.171875 0.648438
vt 0.179688 0.648438
vt 0.187500 0.648438
vt 0.195313 0.648438
vt 0.203125 0.648438
vt 0.210938 0.648438
vt 0.218750 0.648438
vt 0.226563 0.648438
vt 0.234375 0.648438
vt 0.242188 0.648438
vt 0.250000 0.648438
vt 0.257813 0.648438
vt 0.265625 0.648438
vt 0.273438 0.648438
vt 0.281250 0.648438
vt 0.289063 0.648438
vt 0.296875 0.648438
vt 0.304688 0.648438
vt 0.312500 0.648438
vt 0.320312 0.648438
vt 0.328125 0.648438
vt 0.335938 0.648438
vt 0.343750 0.648438
vt 0.351563 0.648438
vt 0.359375 0.648438
vt 0.367188 0.648438
vt 0.140625 0.656250
vt 0.132813 0.656250
vt 0.148438 0.656250
vt 0.156250 0.656250
vt 0.164063 0.656250
vt 0.171875 0.656250
vt 0.179688 0.656250
vt 0.187500 0.656250
vt 0.195313 0.656250
vt 0.203125 0.656250
vt 0.210938 0.656250
vt 0.218750 0.656250
vt 0.226563 0.656250
vt 0.234375 0.656250
vt 0.242188 0.656250
vt 0.250000 0.656250
vt 0.257813 0.656250
vt 0.265625 0.656250
vt 0.273438 0.656250
vt 0.281250 0.656250
vt 0.289063 0.656250
vt 0.296875 0.656250
vt 0.304688 0.656250
vt 0.312500 0.656250
vt 0.320313 0.656250
vt 0.328125 0.656250
vt 0.335938 0.656250
vt 0.343750 0.656250
vt 0.351563 0.656250
vt 0.359375 0.656250
vt 0.367188 0.656250
vt 0.140625 0.664062
vt 0.132813 0.664063
vt 0.148438 0.664063
vt 0.156250 0.664063
vt 0.164063 0.664062
vt 0.171875 0.664063
vt 0.179688 0.664063
vt 0.187500 0.664062
vt 0.195312 0.664063
vt 0.203125 0.664062
vt 0.210938 0.664062
vt 0.218750 0.664063
vt 0.226562 0.664062
vt 0.234375 0.664062
vt 0.242188 0.664062
vt 0.250000 0.664062
vt 0.257813 0.664063
vt 0.265625 0.664062
vt 0.273438 0.664062
vt 0.281250 0.664063
vt 0.289062 0.664062
vt 0.296875 0.664062
vt 0.304688 0.664062
vt 0.312500 0.664062
vt 0.320312 0.664063
vt 0.328125 0.664062
vt 0.335938 0.664062
vt 0.343750 0.664063
vt 0.351563 0.664062
vt 0.359375 0.664062
vt 0.367188 0.664062
vt 0.140625 0.671875
vt 0.132813 0.671875
vt 0.148438 0.671875
vt 0.156250 0.671875
vt 0.164062 0.671875
vt 0.171875 0.671875
vt 0.179688 0.671875
vt 0.187500 0.671875
vt 0.195313 0.671875
vt 0.203125 0.671875
vt 0.210938 0.671875
vt 0.218750 0.671875
vt 0.226563 0.671875
vt 0.234375 0.671875
vt 0.242188 0.671875
vt 0.250000 0.671875
vt 0.257812 0.671875
vt 0.265625 0.671875
vt 0.273438 0.671875
vt 0.281250 0.671875
vt 0.289062 0.671875
vt 0.296875 0.671875
vt 0.304688 0.671875
vt 0.312500 0.671875
vt 0.320312 0.671875
vt 0.328125 0.671875
vt 0.335938 0.671875
vt 0.343750 0.671875
vt 0.351563 0.671875
vt 0.359375 0.671875
vt 0.367188 0.671875
vt 0.140625 0.679688
vt 0.132813 0.679687
vt 0.148438 0.679688
vt 0.156250 0.679688
vt 0.164063 0.679688
vt 0.171875 0.679688
vt 0.179688 0.679687
vt 0.187500 0.679688
vt 0.195312 0.679688
vt 0.203125 0.679688
vt 0.210938 0.679688
vt 0.218750 0.679688
vt 0.226563 0.679688
vt 0.234375 0.679688
vt 0.242188 0.679688
vt 0.250000 0.679688
vt 0.257812 0.679688
vt 0.265625 0.679688
vt 0.273438 0.679688
vt 0.281250 0.679688
vt 0.289063 0.679688
vt 0.296875 0.679688
vt 0.304688 0.679688
vt 0.312500 0.679688
vt 0.320313 0.679688
vt 0.328125 0.679688
vt 0.335938 0.679688
vt 0.343750 0.679688
vt 0.351563 0.679688
vt 0.359375 0.679688
vt 0.367188 0.679688
vt 0.140625 0.687500
vt 0.132813 0.687500
vt 0.148438 0.687500
vt 0.156250 0.687500
vt 0.164062 0.687500
vt 0.171875 0.687500
vt 0.179688 0.687500
vt 0.187500 0.687500
vt 0.195313 0.687500
vt 0.203125 0.687500
vt 0.210938 0.687500
vt 0.218750 0.687500
vt 0.226562 0.687500
vt 0.234375 0.687500
vt 0.242188 0.687500
vt 0.250000 0.687500
vt 0.257813 0.687500
vt 0.265625 0.687500
vt 0.273438 0.687500
vt 0.281250 0.687500
vt 0.289063 0.687500
vt 0.296875 0.687500
vt 0.304688 0.687500
vt 0.312500 0.687500
vt 0.320312 0.687500
vt 0.328125 0.687500
vt 0.335938 0.687500
vt 0.343750 0.687500
vt 0.351562 0.687500
vt 0.359375 0.687500
vt 0.367188 0.687500
vt 0.140625 0.695313
vt 0.132812 0.695312
vt 0.148438 0.695312
vt 0.156250 0.695312
vt 0.164062 0.695313
vt 0.171875 0.695313
vt 0.179688 0.695313
vt 0.187500 0.695313
vt 0.195313 0.695313
vt 0.203125 0.695313
vt 0.210938 0.695313
vt 0.218750 0.695313
vt 0.226562 0.695313
vt 0.234375 0.695313
vt 0.242188 0.695312
vt 0.250000 0.695313
vt 0.257812 0.695313
vt 0.265625 0.695313
vt 0.273438 0.695313
vt 0.281250 0.695313
vt 0.289063 0.695313
vt 0.296875 0.695313
vt 0.304688 0.695312
vt 0.312500 0.695312
vt 0.320312 0.695313
vt 0.328125 0.695313
vt 0.335938 0.695313
vt 0.343750 0.695312
vt 0.351563 0.695313
vt 0.359375 0.695313
vt 0.367188 0.695313
vt 0.140625 0.703125
vt 0.132813 0.703125
vt 0.148438 0.703125
vt 0.156250 0.703125
vt 0.164062 0.703125
vt 0.171875 0.703125
vt 0.179688 0.703125
vt 0.187500 0.703125
vt 0.195313 0.703125
vt 0.203125 0.703125
vt 0.210938 0.703125
vt 0.218750 0.703125
vt 0.226563 0.703125
vt 0.234375 0.703125
vt 0.242188 0.703125
vt 0.250000 0.703125
vt 0.257812 0.703125
vt 0.265625 0.703125
vt 0.273438 0.703125
vt 0.281250 0.703125
vt 0.289062 0.703125
vt 0.296875 0.703125
vt 0.304688 0.703125
vt 0.312500 0.703125
vt 0.320313 0.703125
vt 0.328125 0.703125
vt 0.335938 0.703125
vt 0.343750 0.703125
vt 0.351563 0.703125
vt 0.359375 0.703125
vt 0.367188 0.703125
vt 0.140625 0.710938
vt 0.132812 0.710938
vt 0.148438 0.710938
vt 0.156250 0.710938
vt 0.164063 0.710938
vt 0.171875 0.710938
vt 0.179688 0.710938
vt 0.187500 0.710938
vt 0.195313 0.710938
vt 0.203125 0.710938
vt 0.210938 0.710938
vt 0.218750 0.710938
vt 0.226563 0.710938
vt 0.234375 0.710938
vt 0.242188 0.710938
vt 0.250000 0.710938
vt 0.257813 0.710938
vt 0.265625 0.710938
vt 0.273438 0.710938
vt 0.281250 0.710938
vt 0.289063 0.710938
vt 0.296875 0.710938
vt 0.304688 0.710938
vt 0.312500 0.710938
vt 0.320312 0.710938
vt 0.328125 0.710938
vt 0.335938 0.710938
vt 0.343750 0.710938
vt 0.351562 0.710938
vt 0.359375 0.710938
vt 0.367188 0.710938
vt 0.140625 0.718750
vt 0.132813 0.718750
vt 0.148438 0.718750
vt 0.156250 0.718750
vt 0.164062 0.718750
vt 0.171875 0.718750
vt 0.179688 0.718750
vt 0.187500 0.718750
vt 0.195313 0.718750
vt 0.203125 0.718750
vt 0.210938 0.718750
vt 0.218750 0.718750
vt 0.226563 0.718750
vt 0.234375 0.718750
vt 0.242188 0.718750
vt 0.250000 0.718750
vt 0.257813 0.718750
vt 0.265625 0.718750
vt 0.273438 0.718750
vt 0.281250 0.718750
vt 0.289063 0.718750
vt 0.296875 0.718750
vt 0.304688 0.718750
vt 0.312500 0.718750
vt 0.320312 0.718750
vt 0.328125 0.718750
vt 0.335938 0.718750
vt 0.343750 0.718750
vt 0.351562 0.718750
vt 0.359375 0.718750
vt 0.367188 0.718750
vt 0.140625 0.726562
vt 0.132812 0.726563
vt 0.148438 0.726562
vt 0.156250 0.726563
vt 0.164062 0.726562
vt 0.171875 0.726562
vt 0.179688 0.726562
vt 0.187500 0.726562
vt 0.195313 0.726562
vt 0.203125 0.726562
vt 0.210938 0.726562
vt 0.218750 0.726563
vt 0.226563 0.726563
vt 0.234375 0.726563
vt 0.242188 0.726562
vt 0.250000 0.726562
vt 0.257813 0.726562
vt 0.265625 0.726562
vt 0.273438 0.726562
vt 0.281250 0.726563
vt 0.289063 0.726563
vt 0.296875 0.726563
vt 0.304688 0.726562
vt 0.312500 0.726563
vt 0.320312 0.726562
vt 0.328125 0.726562
vt 0.335938 0.726562
vt 0.343750 0.726562
vt 0.351562 0.726468
vt 0.359375 0.726288
vt 0.367188 0.726202
vt 0.140625 0.734375
vt 0.132813 0.734375
vt 0.148438 0.734375
vt 0.156250 0.734375
vt 0.164063 0.734375
vt 0.171875 0.734375
vt 0.179688 0.734375
vt 0.187500 0.734375
vt 0.195313 0.734375
vt 0.203125 0.734375
vt 0.210938 0.734375
vt 0.218750 0.734375
vt 0.226563 0.734375
vt 0.234375 0.734375
vt 0.242188 0.734375
vt 0.250000 0.734375
vt 0.257813 0.734375
vt 0.265625 0.734375
vt 0.273438 0.734375
vt 0.281250 0.734375
vt 0.289062 0.734375
vt 0.296875 0.734375
vt 0.304688 0.734375
vt 0.312500 0.734375
vt 0.320313 0.734375
vt 0.328125 0.734375
vt 0.335938 0.734375
vt 0.343750 0.734375
vt 0.351562 0.734155
vt 0.359375 0.733765
vt 0.367188 0.733643
vt 0.140625 0.742188
vt 0.132812 0.742188
vt 0.148438 0.742188
vt 0.156250 0.742188
vt 0.164063 0.742188
vt 0.171875 0.742188
vt 0.179688 0.742188
vt 0.187500 0.742188
vt 0.195312 0.742188
vt 0.203125 0.742188
vt 0.210938 0.742188
vt 0.218750 0.742188
vt 0.226562 0.742188
vt 0.234375 0.742188
vt 0.242188 0.742188
vt 0.250000 0.742188
vt 0.257812 0.742188
vt 0.265625 0.742188
vt 0.273438 0.742188
vt 0.281250 0.742188
vt 0.289063 0.742188
vt 0.296875 0.742188
vt 0.304688 0.742188
vt 0.312500 0.742188
vt 0.320312 0.742188
vt 0.328125 0.742188
vt 0.335938 0.742188
vt 0.343750 0.742188
vt 0.351562 0.741964
vt 0.359375 0.741583
vt 0.367188 0.741492
vt 0.125000 0.500000
vt 0.132812 0.500000
vt 0.125000 0.507813
vt 0.140625 0.500000
vt 0.148438 0.500000
vt 0.156250 0.500000
vt 0.164062 0.500000
vt 0.171875 0.500000
vt 0.179688 0.500000
vt 0.187500 0.500000
vt 0.195313 0.500000
vt 0.203125 0.500000
vt 0.210938 0.500000
vt 0.218750 0.500000
vt 0.226563 0.500000
vt 0.234375 0.500000
vt 0.242188 0.500000
vt 0.250000 0.500000
vt 0.257813 0.500000
vt 0.265625 0.500000
vt 0.273438 0.500000
vt 0.281250 0.500000
vt 0.289063 0.500000
vt 0.296875 0.500000
vt 0.304688 0.500000
vt 0.312500 0.500000
vt 0.320312 0.500000
vt 0.328125 0.500000
vt 0.335938 0.500000
vt 0.343750 0.500000
vt 0.351563 0.500000
vt 0.359375 0.500000
vt 0.367188 0.500000
vt 0.375000 0.500000
vt 0.375000 0.507812
vt 0.375000 0.515625
vt 0.375000 0.523438
vt 0.375000 0.531250
vt 0.375000 0.539063
vt 0.375000 0.546875
vt 0.375000 0.554688
vt 0.375000 0.562500
vt 0.375000 0.570312
vt 0.375000 0.578125
vt 0.375000 0.585938
vt 0.375000 0.593750
vt 0.375000 0.601563
vt 0.375000 0.609375
vt 0.375000 0.617188
vt 0.375000 0.625000
vt 0.375000 0.632813
vt 0.375000 0.640625
vt 0.375000 0.648438
vt 0.375000 0.656250
vt 0.375000 0.664062
vt 0.375000 0.671875
vt 0.375000 0.679688
vt 0.375000 0.687500
vt 0.375000 0.695312
vt 0.375000 0.703125
vt 0.375000 0.710938
vt 0.375000 0.718750
vt 0.375000 0.726562
vt 0.375000 0.734375
vt 0.375000 0.742188
vt 0.367188 0.750000
vt 0.359375 0.750000
vt 0.351563 0.750000
vt 0.343750 0.750000
vt 0.335938 0.750000
vt 0.328125 0.750000
vt 0.320312 0.750000
vt 0.312500 0.750000
vt 0.304688 0.750000
vt 0.296875 0.750000
vt 0.289063 0.750000
vt 0.281250 0.750000
vt 0.273438 0.750000
vt 0.265625 0.750000
vt 0.257813 0.750000
vt 0.250000 0.750000
vt 0.242188 0.750000
vt 0.234375 0.750000
vt 0.226563 0.750000
vt 0.218750 0.750000
vt 0.210938 0.750000
vt 0.203125 0.750000
vt 0.195313 0.750000
vt 0.187500 0.750000
vt 0.179688 0.750000
vt 0.171875 0.750000
vt 0.164062 0.750000
vt 0.156250 0.750000
vt 0.148438 0.750000
vt 0.140625 0.750000
vt 0.132812 0.750000
vt 0.125000 0.742188
vt 0.125000 0.750000
vt 0.125000 0.734375
vt 0.125000 0.726563
vt 0.125000 0.718750
vt 0.125000 0.710938
vt 0.125000 0.703125
vt 0.125000 0.695312
vt 0.125000 0.687500
vt 0.125000 0.679688
vt 0.125000 0.671875
vt 0.125000 0.664063
vt 0.125000 0.656250
vt 0.125000 0.648438
vt 0.125000 0.640625
vt 0.125000 0.632813
vt 0.125000 0.625000
vt 0.125000 0.617188
vt 0.125000 0.609375
vt 0.125000 0.601563
vt 0.125000 0.593750
vt 0.125000 0.585938
vt 0.125000 0.578125
vt 0.125000 0.570313
vt 0.125000 0.562500
vt 0.125000 0.554688
vt 0.125000 0.546875
vt 0.125000 0.539062
vt 0.125000 0.531250
vt 0.125000 0.523438
vt 0.125000 0.515625
vt 0.383199 0.508199
vt 0.391174 0.508051
vt 0.390991 0.515991
vt 0.383051 0.516174
vt 0.398746 0.507881
vt 0.398639 0.515735
vt 0.406250 0.507813
vt 0.406250 0.515625
vt 0.414063 0.507813
vt 0.414063 0.515625
vt 0.421875 0.507812
vt 0.421875 0.515625
vt 0.429688 0.507813
vt 0.429688 0.515625
vt 0.437500 0.507813
vt 0.437500 0.515625
vt 0.445312 0.507813
vt 0.445312 0.515625
vt 0.453125 0.507813
vt 0.453125 0.515625
vt 0.460938 0.507813
vt 0.460938 0.515625
vt 0.468750 0.507813
vt 0.468750 0.515625
vt 0.476563 0.507813
vt 0.476563 0.515625
vt 0.484375 0.507813
vt 0.484375 0.515625
vt 0.492188 0.507813
vt 0.492188 0.515625
vt 0.500000 0.507813
vt 0.500000 0.515625
vt 0.507813 0.507813
vt 0.507813 0.515625
vt 0.515625 0.507813
vt 0.515625 0.515625
vt 0.523437 0.507813
vt 0.523438 0.515625
vt 0.531250 0.507813
vt 0.531250 0.515625
vt 0.539062 0.507813
vt 0.539062 0.515625
vt 0.546875 0.507813
vt 0.546875 0.515625
vt 0.554688 0.507813
vt 0.554688 0.515625
vt 0.562500 0.507813
vt 0.562500 0.515625
vt 0.570312 0.507813
vt 0.570313 0.515625
vt 0.578125 0.507812
vt 0.578125 0.515625
vt 0.585938 0.507813
vt 0.585938 0.515625
vt 0.593750 0.507813
vt 0.593750 0.515625
vt 0.601254 0.507881
vt 0.601361 0.515735
vt 0.608826 0.508051
vt 0.609009 0.515991
vt 0.616801 0.508199
vt 0.616949 0.516174
vt 0.390735 0.523639
vt 0.382881 0.523746
vt 0.398498 0.523498
vt 0.406250 0.523438
vt 0.414063 0.523438
vt 0.421875 0.523438
vt 0.429688 0.523438
vt 0.437500 0.523438
vt 0.445313 0.523438
vt 0.453125 0.523438
vt 0.460938 0.523438
vt 0.468750 0.523438
vt 0.476563 0.523438
vt 0.484375 0.523438
vt 0.492188 0.523438
vt 0.500000 0.523438
vt 0.507813 0.523438
vt 0.515625 0.523438
vt 0.523438 0.523438
vt 0.531250 0.523438
vt 0.539063 0.523438
vt 0.546875 0.523438
vt 0.554688 0.523438
vt 0.562500 0.523438
vt 0.570313 0.523438
vt 0.578125 0.523438
vt 0.585938 0.523438
vt 0.593750 0.523437
vt 0.601502 0.523498
vt 0.609265 0.523639
vt 0.617119 0.523746
vt 0.390625 0.531250
vt 0.382812 0.531250
vt 0.398438 0.531250
vt 0.406250 0.531250
vt 0.414063 0.531250
vt 0.421875 0.531250
vt 0.429688 0.531250
vt 0.437500 0.531250
vt 0.445313 0.531250
vt 0.453125 0.531250
vt 0.460938 0.531250
vt 0.468750 0.531250
vt 0.476563 0.531250
vt 0.484375 0.531250
vt 0.492188 0.531250
vt 0.500000 0.531250
vt 0.507813 0.531250
vt 0.515625 0.531250
vt 0.523438 0.531250
vt 0.531250 0.531250
vt 0.539062 0.531250
vt 0.546875 0.531250
vt 0.554688 0.531250
vt 0.562500 0.531250
vt 0.570312 0.531250
vt 0.578125 0.531250
vt 0.585938 0.531250
vt 0.593750 0.531250
vt 0.601563 0.531250
vt 0.609375 0.531250
vt 0.617188 0.531250
vt 0.390625 0.539062
vt 0.382813 0.539063
vt 0.398437 0.539063
vt 0.406250 0.539063
vt 0.414063 0.539063
vt 0.421875 0.539062
vt 0.429688 0.539063
vt 0.437500 0.539062
vt 0.445312 0.539062
vt 0.453125 0.539062
vt 0.460938 0.539062
vt 0.468750 0.539062
vt 0.476563 0.539062
vt 0.484375 0.539062
vt 0.492188 0.539062
vt 0.500000 0.539062
vt 0.507813 0.539062
vt 0.515625 0.539062
vt 0.523438 0.539062
vt 0.531250 0.539062
vt 0.539062 0.539062
vt 0.546875 0.539062
vt 0.554688 0.539062
vt 0.562500 0.539063
vt 0.570312 0.539063
vt 0.578125 0.539062
vt 0.585938 0.539063
vt 0.593750 0.539063
vt 0.601563 0.539063
vt 0.609375 0.539062
vt 0.617188 0.539063
vt 0.390625 0.546875
vt 0.382812 0.546875
vt 0.398438 0.546875
vt 0.406250 0.546875
vt 0.414063 0.546875
vt 0.421875 0.546875
vt 0.429688 0.546875
vt 0.437500 0.546875
vt 0.445313 0.546875
vt 0.453125 0.546875
vt 0.460938 0.546875
vt 0.468750 0.546875
vt 0.476563 0.546875
vt 0.484375 0.546875
vt 0.492188 0.546875
vt 0.500000 0.546875
vt 0.507812 0.546875
vt 0.515625 0.546875
vt 0.523438 0.546875
vt 0.531250 0.546875
vt 0.539062 0.546875
vt 0.546875 0.546875
vt 0.554688 0.546875
vt 0.562500 0.546875
vt 0.570313 0.546875
vt 0.578125 0.546875
vt 0.585938 0.546875
vt 0.593750 0.546875
vt 0.601563 0.546875
vt 0.609375 0.546875
vt 0.617188 0.546875
vt 0.390625 0.554688
vt 0.382813 0.554688
vt 0.398438 0.554688
vt 0.406250 0.554688
vt 0.414063 0.554688
vt 0.421875 0.554688
vt 0.429688 0.554688
vt 0.437500 0.554688
vt 0.445312 0.554688
vt 0.453125 0.554688
vt 0.460938 0.554688
vt 0.468750 0.554688
vt 0.476563 0.554688
vt 0.484375 0.554688
vt 0.492188 0.554688
vt 0.500000 0.554688
vt 0.507813 0.554688
vt 0.515625 0.554688
vt 0.523438 0.554688
vt 0.531250 0.554688
vt 0.539063 0.554688
vt 0.546875 0.554688
vt 0.554688 0.554688
vt 0.562500 0.554688
vt 0.570313 0.554688
vt 0.578125 0.554688
vt 0.585938 0.554688
vt 0.593750 0.554688
vt 0.601563 0.554688
vt 0.609375 0.554688
vt 0.617188 0.554688
vt 0.390625 0.562500
vt 0.382812 0.562500
vt 0.398438 0.562500
vt 0.406250 0.562500
vt 0.414062 0.562500
vt 0.421875 0.562500
vt 0.429688 0.562500
vt 0.437500 0.562500
vt 0.445312 0.562500
vt 0.453125 0.562500
vt 0.460938 0.562500
vt 0.468750 0.562500
vt 0.476563 0.562500
vt 0.484375 0.562500
vt 0.492188 0.562500
vt 0.500000 0.562500
vt 0.507812 0.562500
vt 0.515625 0.562500
vt 0.523438 0.562500
vt 0.531250 0.562500
vt 0.539063 0.562500
vt 0.546875 0.562500
vt 0.554688 0.562500
vt 0.562500 0.562500
vt 0.570312 0.562500
vt 0.578125 0.562500
vt 0.585938 0.562500
vt 0.593750 0.562500
vt 0.601562 0.562500
vt 0.609375 0.562500
vt 0.617188 0.562500
vt 0.390625 0.570313
vt 0.382813 0.570312
vt 0.398438 0.570313
vt 0.406250 0.570312
vt 0.414063 0.570312
vt 0.421875 0.570313
vt 0.429688 0.570312
vt 0.437500 0.570312
vt 0.445312 0.570312
vt 0.453125 0.570313
vt 0.460938 0.570313
vt 0.468750 0.570312
vt 0.476563 0.570312
vt 0.484375 0.570313
vt 0.492188 0.570312
vt 0.500000 0.570312
vt 0.507813 0.570312
vt 0.515625 0.570313
vt 0.523437 0.570313
vt 0.531250 0.570312
vt 0.539062 0.570312
vt 0.546875 0.570313
vt 0.554688 0.570312
vt 0.562500 0.570312
vt 0.570313 0.570312
vt 0.578125 0.570313
vt 0.585938 0.570313
vt 0.593750 0.570312
vt 0.601563 0.570312
vt 0.609375 0.570313
vt 0.617188 0.570312
vt 0.390625 0.578125
vt 0.382812 0.578125
vt 0.398438 0.578125
vt 0.406250 0.578125
vt 0.414063 0.578125
vt 0.421875 0.578125
vt 0.429688 0.578125
vt 0.437500 0.578125
vt 0.445312 0.578125
vt 0.453125 0.578125
vt 0.460938 0.578125
vt 0.468750 0.578125
vt 0.476563 0.578125
vt 0.484375 0.578125
vt 0.492188 0.578125
vt 0.500000 0.578125
vt 0.507813 0.578125
vt 0.515625 0.578125
vt 0.523438 0.578125
vt 0.531250 0.578125
vt 0.539062 0.578125
vt 0.546875 0.578125
vt 0.554688 0.578125
vt 0.562500 0.578125
vt 0.570313 0.578125
vt 0.578125 0.578125
vt 0.585938 0.578125
vt 0.593750 0.578125
vt 0.601562 0.578125
vt 0.609375 0.578125
vt 0.617188 0.578125
vt 0.390625 0.585938
vt 0.382812 0.585938
vt 0.398438 0.585938
vt 0.406250 0.585938
vt 0.414063 0.585938
vt 0.421875 0.585938
vt 0.429688 0.585938
vt 0.437500 0.585938
vt 0.445313 0.585938
vt 0.453125 0.585938
vt 0.460938 0.585938
vt 0.468750 0.585938
vt 0.476563 0.585938
vt 0.484375 0.585938
vt 0.492188 0.585938
vt 0.500000 0.585938
vt 0.507813 0.585938
vt 0.515625 0.585938
vt 0.523438 0.585938
vt 0.531250 0.585938
vt 0.539063 0.585938
vt 0.546875 0.585938
vt 0.554688 0.585938
vt 0.562500 0.585938
vt 0.570313 0.585938
vt 0.578125 0.585938
vt 0.585938 0.585938
vt 0.593750 0.585938
vt 0.601563 0.585938
vt 0.609375 0.585938
vt 0.617188 0.585938
vt 0.390625 0.593750
vt 0.382813 0.593750
vt 0.398438 0.593750
vt 0.406250 0.593750
vt 0.414063 0.593750
vt 0.421875 0.593750
vt 0.429688 0.593750
vt 0.437500 0.593750
vt 0.445313 0.593750
vt 0.453125 0.593750
vt 0.460938 0.593750
vt 0.468750 0.593750
vt 0.476563 0.593750
vt 0.484375 0.593750
vt 0.492188 0.593750
vt 0.500000 0.593750
vt 0.507813 0.593750
vt 0.515625 0.593750
vt 0.523438 0.593750
vt 0.531250 0.593750
vt 0.539062 0.593750
vt 0.546875 0.593750
vt 0.554688 0.593750
vt 0.562500 0.593750
vt 0.570313 0.593750
vt 0.578125 0.593750
vt 0.585938 0.593750
vt 0.593750 0.593750
vt 0.601563 0.593750
vt 0.609375 0.593750
vt 0.617188 0.593750
vt 0.390625 0.601562
vt 0.382812 0.601563
vt 0.398438 0.601563
vt 0.406250 0.601563
vt 0.414063 0.601562
vt 0.421875 0.601562
vt 0.429688 0.601563
vt 0.437500 0.601563
vt 0.445312 0.601563
vt 0.453125 0.601562
vt 0.460938 0.601563
vt 0.468750 0.601563
vt 0.476563 0.601562
vt 0.484375 0.601562
vt 0.492188 0.601563
vt 0.500000 0.601563
vt 0.507813 0.601563
vt 0.515625 0.601562
vt 0.523438 0.601563
vt 0.531250 0.601563
vt 0.539062 0.601562
vt 0.546875 0.601562
vt 0.554688 0.601563
vt 0.562500 0.601563
vt 0.570312 0.601563
vt 0.578125 0.601562
vt 0.585938 0.601563
vt 0.593750 0.601563
vt 0.601562 0.601562
vt 0.609375 0.601562
vt 0.617188 0.601563
vt 0.390625 0.609375
vt 0.382812 0.609375
vt 0.398438 0.609375
vt 0.406250 0.609375
vt 0.414063 0.609375
vt 0.421875 0.609375
vt 0.429688 0.609375
vt 0.437500 0.609375
vt 0.445313 0.609375
vt 0.453125 0.609375
vt 0.460938 0.609375
vt 0.468750 0.609375
vt 0.476563 0.609375
vt 0.484375 0.609375
vt 0.492188 0.609375
vt 0.500000 0.609375
vt 0.507812 0.609375
vt 0.515625 0.609375
vt 0.523438 0.609375
vt 0.531250 0.609375
vt 0.539062 0.609375
vt 0.546875 0.609375
vt 0.554688 0.609375
vt 0.562500 0.609375
vt 0.570312 0.609375
vt 0.578125 0.609375
vt 0.585938 0.609375
vt 0.593750 0.609375
vt 0.601563 0.609375
vt 0.609375 0.609375
vt 0.617188 0.609375
vt 0.390625 0.617188
vt 0.382813 0.617188
vt 0.398438 0.617188
vt 0.406250 0.617188
vt 0.414063 0.617188
vt 0.421875 0.617188
vt 0.429688 0.617188
vt 0.437500 0.617188
vt 0.445312 0.617188
vt 0.453125 0.617188
vt 0.460938 0.617188
vt 0.468750 0.617188
vt 0.476563 0.617188
vt 0.484375 0.617188
vt 0.492188 0.617188
vt 0.500000 0.617188
vt 0.507813 0.617188
vt 0.515625 0.617188
vt 0.523438 0.617188
vt 0.531250 0.617188
vt 0.539063 0.617188
vt 0.546875 0.617188
vt 0.554688 0.617188
vt 0.562500 0.617188
vt 0.570313 0.617188
vt 0.578125 0.617188
vt 0.585938 0.617188
vt 0.593750 0.617188
vt 0.601563 0.617188
vt 0.609375 0.617188
vt 0.617188 0.617188
vt 0.390625 0.625000
vt 0.382812 0.625000
vt 0.398438 0.625000
vt 0.406250 0.625000
vt 0.414062 0.625000
vt 0.421875 0.625000
vt 0.429688 0.625000
vt 0.437500 0.625000
vt 0.445312 0.625000
vt 0.453125 0.625000
vt 0.460938 0.625000
vt 0.468750 0.625000
vt 0.476563 0.625000
vt 0.484375 0.625000
vt 0.492188 0.625000
vt 0.500000 0.625000
vt 0.507812 0.625000
vt 0.515625 0.625000
vt 0.523438 0.625000
vt 0.531250 0.625000
vt 0.539063 0.625000
vt 0.546875 0.625000
vt 0.554688 0.625000
vt 0.562500 0.625000
vt 0.570312 0.625000
vt 0.578125 0.625000
vt 0.585938 0.625000
vt 0.593750 0.625000
vt 0.601562 0.625000
vt 0.609375 0.625000
vt 0.617188 0.625000
vt 0.390625 0.632813
vt 0.382813 0.632813
vt 0.398438 0.632813
vt 0.406250 0.632813
vt 0.414063 0.632813
vt 0.421875 0.632813
vt 0.429688 0.632812
vt 0.437500 0.632813
vt 0.445312 0.632813
vt 0.453125 0.632813
vt 0.460938 0.632813
vt 0.468750 0.632813
vt 0.476563 0.632813
vt 0.484375 0.632813
vt 0.492188 0.632812
vt 0.500000 0.632813
vt 0.507813 0.632813
vt 0.515625 0.632813
vt 0.523437 0.632813
vt 0.531250 0.632813
vt 0.539062 0.632813
vt 0.546875 0.632813
vt 0.554688 0.632812
vt 0.562500 0.632813
vt 0.570313 0.632813
vt 0.578125 0.632813
vt 0.585938 0.632813
vt 0.593750 0.632813
vt 0.601563 0.632813
vt 0.609375 0.632813
vt 0.617188 0.632812
vt 0.390625 0.640625
vt 0.382812 0.640625
vt 0.398438 0.640625
vt 0.406250 0.640625
vt 0.414063 0.640625
vt 0.421875 0.640625
vt 0.429688 0.640625
vt 0.437500 0.640625
vt 0.445312 0.640625
vt 0.453125 0.640625
vt 0.460938 0.640625
vt 0.468750 0.640625
vt 0.476563 0.640625
vt 0.484375 0.640625
vt 0.492188 0.640625
vt 0.500000 0.640625
vt 0.507813 0.640625
vt 0.515625 0.640625
vt 0.523438 0.640625
vt 0.531250 0.640625
vt 0.539062 0.640625
vt 0.546875 0.640625
vt 0.554688 0.640625
vt 0.562500 0.640625
vt 0.570313 0.640625
vt 0.578125 0.640625
vt 0.585938 0.640625
vt 0.593750 0.640625
vt 0.601562 0.640625
vt 0.609375 0.640625
vt 0.617188 0.640625
vt 0.390625 0.648438
vt 0.382812 0.648438
vt 0.398438 0.648438
vt 0.406250 0.648438
vt 0.414063 0.648438
vt 0.421875 0.648438
vt 0.429688 0.648438
vt 0.437500 0.648438
vt 0.445313 0.648438
vt 0.453125 0.648438
vt 0.460938 0.648438
vt 0.468750 0.648438
vt 0.476563 0.648438
vt 0.484375 0.648438
vt 0.492188 0.648438
vt 0.500000 0.648438
vt 0.507813 0.648438
vt 0.515625 0.648438
vt 0.523438 0.648438
vt 0.531250 0.648438
vt 0.539063 0.648438
vt 0.546875 0.648438
vt 0.554688 0.648438
vt 0.562500 0.648438
vt 0.570313 0.648438
vt 0.578125 0.648438
vt 0.585938 0.648438
vt 0.593750 0.648438
vt 0.601563 0.648438
vt 0.609375 0.648438
vt 0.617188 0.648438
vt 0.390625 0.656250
vt 0.382813 0.656250
vt 0.398438 0.656250
vt 0.406250 0.656250
vt 0.414063 0.656250
vt 0.421875 0.656250
vt 0.429688 0.656250
vt 0.437500 0.656250
vt 0.445313 0.656250
vt 0.453125 0.656250
vt 0.460938 0.656250
vt 0.468750 0.656250
vt 0.476563 0.656250
vt 0.484375 0.656250
vt 0.492188 0.656250
vt 0.500000 0.656250
vt 0.507813 0.656250
vt 0.515625 0.656250
vt 0.523438 0.656250
vt 0.531250 0.656250
vt 0.539062 0.656250
vt 0.546875 0.656250
vt 0.554688 0.656250
vt 0.562500 0.656250
vt 0.570313 0.656250
vt 0.578125 0.656250
vt 0.585938 0.656250
vt 0.593750 0.656250
vt 0.601563 0.656250
vt 0.609375 0.656250
vt 0.617188 0.656250
vt 0.390625 0.664062
vt 0.382812 0.664063
vt 0.398438 0.664062
vt 0.406250 0.664063
vt 0.414063 0.664062
vt 0.421875 0.664062
vt 0.429688 0.664062
vt 0.437500 0.664062
vt 0.445312 0.664063
vt 0.453125 0.664062
vt 0.460938 0.664062
vt 0.468750 0.664063
vt 0.476563 0.664062
vt 0.484375 0.664062
vt 0.492188 0.664062
vt 0.500000 0.664062
vt 0.507813 0.664063
vt 0.515625 0.664062
vt 0.523438 0.664062
vt 0.531250 0.664063
vt 0.539062 0.664062
vt 0.546875 0.664062
vt 0.554688 0.664062
vt 0.562500 0.664062
vt 0.570312 0.664063
vt 0.578125 0.664062
vt 0.585938 0.664062
vt 0.593750 0.664063
vt 0.601562 0.664062
vt 0.609375 0.664062
vt 0.617188 0.664062
vt 0.390625 0.671875
vt 0.382812 0.671875
vt 0.398438 0.671875
vt 0.406250 0.671875
vt 0.414063 0.671875
vt 0.421875 0.671875
vt 0.429688 0.671875
vt 0.437500 0.671875
vt 0.445313 0.671875
vt 0.453125 0.671875
vt 0.460938 0.671875
vt 0.468750 0.671875
vt 0.476563 0.671875
vt 0.484375 0.671875
vt 0.492188 0.671875
vt 0.500000 0.671875
vt 0.507812 0.671875
vt 0.515625 0.671875
vt 0.523438 0.671875
vt 0.531250 0.671875
vt 0.539062 0.671875
vt 0.546875 0.671875
vt 0.554688 0.671875
vt 0.562500 0.671875
vt 0.570312 0.671875
vt 0.578125 0.671875
vt 0.585938 0.671875
vt 0.593750 0.671875
vt 0.601563 0.671875
vt 0.609375 0.671875
vt 0.617188 0.671875
vt 0.390625 0.679688
vt 0.382813 0.679688
vt 0.398438 0.679688
vt 0.406250 0.679688
vt 0.414063 0.679688
vt 0.421875 0.679688
vt 0.429688 0.679688
vt 0.437500 0.679688
vt 0.445312 0.679688
vt 0.453125 0.679688
vt 0.460938 0.679688
vt 0.468750 0.679688
vt 0.476563 0.679688
vt 0.484375 0.679688
vt 0.492188 0.679688
vt 0.500000 0.679688
vt 0.507813 0.679688
vt 0.515625 0.679688
vt 0.523438 0.679688
vt 0.531250 0.679688
vt 0.539063 0.679688
vt 0.546875 0.679688
vt 0.554688 0.679688
vt 0.562500 0.679688
vt 0.570313 0.679688
vt 0.578125 0.679688
vt 0.585938 0.679688
vt 0.593750 0.679688
vt 0.601563 0.679688
vt 0.609375 0.679688
vt 0.617188 0.679688
vt 0.390625 0.687500
vt 0.382812 0.687500
vt 0.398438 0.687500
vt 0.406250 0.687500
vt 0.414063 0.687500
vt 0.421875 0.687500
vt 0.429688 0.687500
vt 0.437500 0.687500
vt 0.445312 0.687500
vt 0.453125 0.687500
vt 0.460938 0.687500
vt 0.468750 0.687500
vt 0.476563 0.687500
vt 0.484375 0.687500
vt 0.492188 0.687500
vt 0.500000 0.687500
vt 0.507812 0.687500
vt 0.515625 0.687500
vt 0.523438 0.687500
vt 0.531250 0.687500
vt 0.539063 0.687500
vt 0.546875 0.687500
vt 0.554688 0.687500
vt 0.562500 0.687500
vt 0.570312 0.687500
vt 0.578125 0.687500
vt 0.585938 0.687500
vt 0.593750 0.687500
vt 0.601563 0.687500
vt 0.609375 0.687500
vt 0.617188 0.687500
vt 0.390625 0.695313
vt 0.382813 0.695313
vt 0.398437 0.695313
vt 0.406250 0.695312
vt 0.414063 0.695313
vt 0.421875 0.695313
vt 0.429688 0.695313
vt 0.437500 0.695313
vt 0.445312 0.695312
vt 0.453125 0.695312
vt 0.460938 0.695312
vt 0.468750 0.695313
vt 0.476563 0.695312
vt 0.484375 0.695312
vt 0.492188 0.695312
vt 0.500000 0.695313
vt 0.507813 0.695312
vt 0.515625 0.695312
vt 0.523437 0.695312
vt 0.531250 0.695313
vt 0.539062 0.695312
vt 0.546875 0.695312
vt 0.554688 0.695312
vt 0.562500 0.695312
vt 0.570312 0.695313
vt 0.578125 0.695313
vt 0.585938 0.695313
vt 0.593750 0.695312
vt 0.601563 0.695313
vt 0.609375 0.695313
vt 0.617188 0.695313
vt 0.390625 0.703125
vt 0.382812 0.703125
vt 0.398438 0.703125
vt 0.406250 0.703125
vt 0.414063 0.703125
vt 0.421875 0.703125
vt 0.429688 0.703125
vt 0.437500 0.703125
vt 0.445312 0.703125
vt 0.453125 0.703125
vt 0.460938 0.703125
vt 0.468750 0.703125
vt 0.476563 0.703125
vt 0.484375 0.703125
vt 0.492188 0.703125
vt 0.500000 0.703125
vt 0.507813 0.703125
vt 0.515625 0.703125
vt 0.523438 0.703125
vt 0.531250 0.703125
vt 0.539062 0.703125
vt 0.546875 0.703125
vt 0.554688 0.703125
vt 0.562500 0.703125
vt 0.570313 0.703125
vt 0.578125 0.703125
vt 0.585938 0.703125
vt 0.593750 0.703125
vt 0.601563 0.703125
vt 0.609375 0.703125
vt 0.617188 0.703125
vt 0.390625 0.710938
vt 0.382813 0.710938
vt 0.398438 0.710938
vt 0.406250 0.710938
vt 0.414063 0.710938
vt 0.421875 0.710938
vt 0.429688 0.710938
vt 0.437500 0.710938
vt 0.445313 0.710938
vt 0.453125 0.710938
vt 0.460938 0.710938
vt 0.468750 0.710938
vt 0.476563 0.710938
vt 0.484375 0.710938
vt 0.492188 0.710938
vt 0.500000 0.710938
vt 0.507813 0.710938
vt 0.515625 0.710938
vt 0.523438 0.710938
vt 0.531250 0.710938
vt 0.539063 0.710938
vt 0.546875 0.710938
vt 0.554688 0.710938
vt 0.562500 0.710938
vt 0.570313 0.710938
vt 0.578125 0.710938
vt 0.585938 0.710938
vt 0.593750 0.710938
vt 0.601563 0.710938
vt 0.609375 0.710938
vt 0.617188 0.710938
vt 0.390625 0.718750
vt 0.382813 0.718750
vt 0.398438 0.718750
vt 0.406250 0.718750
vt 0.414063 0.718750
vt 0.421875 0.718750
vt 0.429688 0.718750
vt 0.437500 0.718750
vt 0.445313 0.718750
vt 0.453125 0.718750
vt 0.460938 0.718750
vt 0.468750 0.718750
vt 0.476563 0.718750
vt 0.484375 0.718750
vt 0.492188 0.718750
vt 0.500000 0.718750
vt 0.507813 0.718750
vt 0.515625 0.718750
vt 0.523438 0.718750
vt 0.531250 0.718750
vt 0.539062 0.718750
vt 0.546875 0.718750
vt 0.554688 0.718750
vt 0.562500 0.718750
vt 0.570312 0.718750
vt 0.578125 0.718750
vt 0.585938 0.718750
vt 0.593750 0.718750
vt 0.601562 0.718750
vt 0.609375 0.718750
vt 0.617188 0.718750
vt 0.390735 0.726361
vt 0.382881 0.726254
vt 0.398498 0.726502
vt 0.406250 0.726563
vt 0.414063 0.726563
vt 0.421875 0.726563
vt 0.429688 0.726563
vt 0.437500 0.726563
vt 0.445312 0.726563
vt 0.453125 0.726562
vt 0.460938 0.726562
vt 0.468750 0.726563
vt 0.476563 0.726562
vt 0.484375 0.726562
vt 0.492188 0.726563
vt 0.500000 0.726563
vt 0.507813 0.726563
vt 0.515625 0.726562
vt 0.523438 0.726562
vt 0.531250 0.726563
vt 0.539062 0.726562
vt 0.546875 0.726562
vt 0.554688 0.726563
vt 0.562500 0.726563
vt 0.570312 0.726563
vt 0.578125 0.726563
vt 0.585938 0.726563
vt 0.593750 0.726563
vt 0.601502 0.726502
vt 0.609265 0.726361
vt 0.617119 0.726254
vt 0.390991 0.734009
vt 0.383051 0.733826
vt 0.398639 0.734265
vt 0.406250 0.734375
vt 0.414063 0.734375
vt 0.421875 0.734375
vt 0.429688 0.734375
vt 0.437500 0.734375
vt 0.445313 0.734375
vt 0.453125 0.734375
vt 0.460938 0.734375
vt 0.468750 0.734375
vt 0.476563 0.734375
vt 0.484375 0.734375
vt 0.492188 0.734375
vt 0.500000 0.734375
vt 0.507812 0.734375
vt 0.515625 0.734375
vt 0.523438 0.734375
vt 0.531250 0.734375
vt 0.539062 0.734375
vt 0.546875 0.734375
vt 0.554688 0.734375
vt 0.562500 0.734375
vt 0.570313 0.734375
vt 0.578125 0.734375
vt 0.585938 0.734375
vt 0.593750 0.734375
vt 0.601361 0.734265
vt 0.609009 0.734009
vt 0.616949 0.733826
vt 0.391174 0.741949
vt 0.383199 0.741801
vt 0.398746 0.742119
vt 0.406250 0.742188
vt 0.414063 0.742188
vt 0.421875 0.742188
vt 0.429688 0.742188
vt 0.437500 0.742188
vt 0.445312 0.742188
vt 0.453125 0.742188
vt 0.460938 0.742188
vt 0.468750 0.742188
vt 0.476563 0.742188
vt 0.484375 0.742188
vt 0.492188 0.742188
vt 0.500000 0.742188
vt 0.507813 0.742188
vt 0.515625 0.742188
vt 0.523438 0.742188
vt 0.531250 0.742188
vt 0.539063 0.742188
vt 0.546875 0.742188
vt 0.554688 0.742188
vt 0.562500 0.742188
vt 0.570313 0.742188
vt 0.578125 0.742188
vt 0.585938 0.742188
vt 0.593750 0.742188
vt 0.601254 0.742119
vt 0.608826 0.741950
vt 0.616801 0.741801
vt 0.382812 0.500000
vt 0.390625 0.500000
vt 0.398438 0.500000
vt 0.406250 0.500000
vt 0.414063 0.500000
vt 0.421875 0.500000
vt 0.429688 0.500000
vt 0.437500 0.500000
vt 0.445312 0.500000
vt 0.453125 0.500000
vt 0.460938 0.500000
vt 0.468750 0.500000
vt 0.476563 0.500000
vt 0.484375 0.500000
vt 0.492188 0.500000
vt 0.500000 0.500000
vt 0.507812 0.500000
vt 0.515625 0.500000
vt 0.523438 0.500000
vt 0.531250 0.500000
vt 0.539063 0.500000
vt 0.546875 0.500000
vt 0.554688 0.500000
vt 0.562500 0.500000
vt 0.570312 0.500000
vt 0.578125 0.500000
vt 0.585938 0.500000
vt 0.593750 0.500000
vt 0.601562 0.500000
vt 0.609375 0.500000
vt 0.617188 0.500000
vt 0.609375 0.750000
vt 0.382812 0.257812
vt 0.390625 0.257812
vt 0.390625 0.265625
vt 0.382812 0.265625
vt 0.398438 0.257812
vt 0.398438 0.265625
vt 0.406250 0.257812
vt 0.406250 0.265625
vt 0.414063 0.257812
vt 0.414063 0.265625
vt 0.421875 0.257812
vt 0.421875 0.265625
vt 0.429688 0.257812
vt 0.429688 0.265625
vt 0.437500 0.257813
vt 0.437500 0.265625
vt 0.445312 0.257813
vt 0.445312 0.265625
vt 0.453125 0.257813
vt 0.453125 0.265625
vt 0.460938 0.257813
vt 0.460938 0.265625
vt 0.468750 0.257813
vt 0.468750 0.265625
vt 0.476563 0.257813
vt 0.476563 0.265625
vt 0.484375 0.257813
vt 0.484375 0.265625
vt 0.492188 0.257813
vt 0.492188 0.265625
vt 0.500000 0.257813
vt 0.500000 0.265625
vt 0.507813 0.257813
vt 0.507813 0.265625
vt 0.515625 0.257813
vt 0.515625 0.265625
vt 0.523437 0.257813
vt 0.523438 0.265625
vt 0.531250 0.257813
vt 0.531250 0.265625
vt 0.539062 0.257813
vt 0.539062 0.265625
vt 0.546875 0.257813
vt 0.546875 0.265625
vt 0.554688 0.257813
vt 0.554688 0.265625
vt 0.562500 0.257812
vt 0.562500 0.265625
vt 0.570312 0.257812
vt 0.570313 0.265625
vt 0.578125 0.257812
vt 0.578125 0.265625
vt 0.585938 0.257812
vt 0.585938 0.265625
vt 0.593750 0.257812
vt 0.593750 0.265625
vt 0.601562 0.257812
vt 0.601562 0.265625
vt 0.609375 0.257812
vt 0.609375 0.265625
vt 0.617188 0.257812
vt 0.617188 0.265625
vt 0.390625 0.273438
vt 0.382812 0.273438
vt 0.398438 0.273438
vt 0.406250 0.273438
vt 0.414063 0.273438
vt 0.421875 0.273438
vt 0.429688 0.273438
vt 0.437500 0.273438
vt 0.445313 0.273438
vt 0.453125 0.273438
vt 0.460938 0.273438
vt 0.468750 0.273438
vt 0.476563 0.273438
vt 0.484375 0.273438
vt 0.492188 0.273438
vt 0.500000 0.273438
vt 0.507813 0.273438
vt 0.515625 0.273438
vt 0.523438 0.273438
vt 0.531250 0.273438
vt 0.539063 0.273438
vt 0.546875 0.273438
vt 0.554688 0.273438
vt 0.562500 0.273438
vt 0.570313 0.273438
vt 0.578125 0.273438
vt 0.585938 0.273438
vt 0.593750 0.273438
vt 0.601562 0.273438
vt 0.609375 0.273438
vt 0.617188 0.273438
vt 0.390625 0.281250
vt 0.382813 0.281250
vt 0.398438 0.281250
vt 0.406250 0.281250
vt 0.414063 0.281250
vt 0.421875 0.281250
vt 0.429688 0.281250
vt 0.437500 0.281250
vt 0.445313 0.281250
vt 0.453125 0.281250
vt 0.460938 0.281250
vt 0.468750 0.281250
vt 0.476563 0.281250
vt 0.484375 0.281250
vt 0.492188 0.281250
vt 0.500000 0.281250
vt 0.507813 0.281250
vt 0.515625 0.281250
vt 0.523438 0.281250
vt 0.531250 0.281250
vt 0.539062 0.281250
vt 0.546875 0.281250
vt 0.554688 0.281250
vt 0.562500 0.281250
vt 0.570312 0.281250
vt 0.578125 0.281250
vt 0.585938 0.281250
vt 0.593750 0.281250
vt 0.601563 0.281250
vt 0.609375 0.281250
vt 0.617188 0.281250
vt 0.390625 0.289063
vt 0.382813 0.289062
vt 0.398438 0.289062
vt 0.406250 0.289062
vt 0.414063 0.289062
vt 0.421875 0.289063
vt 0.429688 0.289062
vt 0.437500 0.289062
vt 0.445312 0.289063
vt 0.453125 0.289062
vt 0.460938 0.289062
vt 0.468750 0.289063
vt 0.476563 0.289062
vt 0.484375 0.289062
vt 0.492188 0.289063
vt 0.500000 0.289062
vt 0.507813 0.289063
vt 0.515625 0.289062
vt 0.523438 0.289062
vt 0.531250 0.289063
vt 0.539062 0.289062
vt 0.546875 0.289062
vt 0.554688 0.289063
vt 0.562500 0.289062
vt 0.570312 0.289062
vt 0.578125 0.289063
vt 0.585938 0.289062
vt 0.593750 0.289062
vt 0.601563 0.289062
vt 0.609375 0.289063
vt 0.617188 0.289062
vt 0.390625 0.296875
vt 0.382812 0.296875
vt 0.398438 0.296875
vt 0.406250 0.296875
vt 0.414063 0.296875
vt 0.421875 0.296875
vt 0.429688 0.296875
vt 0.437500 0.296875
vt 0.445313 0.296875
vt 0.453125 0.296875
vt 0.460938 0.296875
vt 0.468750 0.296875
vt 0.476563 0.296875
vt 0.484375 0.296875
vt 0.492188 0.296875
vt 0.500000 0.296875
vt 0.507812 0.296875
vt 0.515625 0.296875
vt 0.523438 0.296875
vt 0.531250 0.296875
vt 0.539062 0.296875
vt 0.546875 0.296875
vt 0.554688 0.296875
vt 0.562500 0.296875
vt 0.570313 0.296875
vt 0.578125 0.296875
vt 0.585938 0.296875
vt 0.593750 0.296875
vt 0.601563 0.296875
vt 0.609375 0.296875
vt 0.617188 0.296875
vt 0.390625 0.304688
vt 0.382813 0.304688
vt 0.398438 0.304688
vt 0.406250 0.304688
vt 0.414063 0.304688
vt 0.421875 0.304688
vt 0.429688 0.304688
vt 0.437500 0.304688
vt 0.445312 0.304688
vt 0.453125 0.304688
vt 0.460938 0.304688
vt 0.468750 0.304688
vt 0.476563 0.304688
vt 0.484375 0.304688
vt 0.492188 0.304688
vt 0.500000 0.304688
vt 0.507813 0.304688
vt 0.515625 0.304688
vt 0.523438 0.304688
vt 0.531250 0.304688
vt 0.539063 0.304688
vt 0.546875 0.304688
vt 0.554688 0.304688
vt 0.562500 0.304688
vt 0.570313 0.304688
vt 0.578125 0.304688
vt 0.585938 0.304688
vt 0.593750 0.304688
vt 0.601563 0.304688
vt 0.609375 0.304688
vt 0.617188 0.304688
vt 0.390625 0.312500
vt 0.382813 0.312500
vt 0.398438 0.312500
vt 0.406250 0.312500
vt 0.414062 0.312500
vt 0.421875 0.312500
vt 0.429688 0.312500
vt 0.437500 0.312500
vt 0.445312 0.312500
vt 0.453125 0.312500
vt 0.460938 0.312500
vt 0.468750 0.312500
vt 0.476563 0.312500
vt 0.484375 0.312500
vt 0.492188 0.312500
vt 0.500000 0.312500
vt 0.507812 0.312500
vt 0.515625 0.312500
vt 0.523438 0.312500
vt 0.531250 0.312500
vt 0.539063 0.312500
vt 0.546875 0.312500
vt 0.554688 0.312500
vt 0.562500 0.312500
vt 0.570312 0.312500
vt 0.578125 0.312500
vt 0.585938 0.312500
vt 0.593750 0.312500
vt 0.601563 0.312500
vt 0.609375 0.312500
vt 0.617188 0.312500
vt 0.390625 0.320312
vt 0.382812 0.320313
vt 0.398438 0.320313
vt 0.406250 0.320313
vt 0.414063 0.320312
vt 0.421875 0.320313
vt 0.429688 0.320313
vt 0.437500 0.320312
vt 0.445312 0.320313
vt 0.453125 0.320312
vt 0.460938 0.320312
vt 0.468750 0.320313
vt 0.476563 0.320312
vt 0.484375 0.320312
vt 0.492188 0.320313
vt 0.500000 0.320312
vt 0.507813 0.320313
vt 0.515625 0.320312
vt 0.523437 0.320312
vt 0.531250 0.320313
vt 0.539062 0.320312
vt 0.546875 0.320312
vt 0.554688 0.320313
vt 0.562500 0.320312
vt 0.570313 0.320313
vt 0.578125 0.320313
vt 0.585938 0.320312
vt 0.593750 0.320313
vt 0.601563 0.320313
vt 0.609375 0.320312
vt 0.617188 0.320313
vt 0.390625 0.328125
vt 0.382813 0.328125
vt 0.398438 0.328125
vt 0.406250 0.328125
vt 0.414063 0.328125
vt 0.421875 0.328125
vt 0.429688 0.328125
vt 0.437500 0.328125
vt 0.445312 0.328125
vt 0.453125 0.328125
vt 0.460938 0.328125
vt 0.468750 0.328125
vt 0.476563 0.328125
vt 0.484375 0.328125
vt 0.492188 0.328125
vt 0.500000 0.328125
vt 0.507813 0.328125
vt 0.515625 0.328125
vt 0.523438 0.328125
vt 0.531250 0.328125
vt 0.539062 0.328125
vt 0.546875 0.328125
vt 0.554688 0.328125
vt 0.562500 0.328125
vt 0.570313 0.328125
vt 0.578125 0.328125
vt 0.585938 0.328125
vt 0.593750 0.328125
vt 0.601563 0.328125
vt 0.609375 0.328125
vt 0.617188 0.328125
vt 0.390625 0.335938
vt 0.382812 0.335938
vt 0.398438 0.335938
vt 0.406250 0.335938
vt 0.414063 0.335938
vt 0.421875 0.335938
vt 0.429688 0.335938
vt 0.437500 0.335938
vt 0.445313 0.335938
vt 0.453125 0.335938
vt 0.460938 0.335938
vt 0.468750 0.335938
vt 0.476563 0.335938
vt 0.484375 0.335938
vt 0.492188 0.335938
vt 0.500000 0.335938
vt 0.507813 0.335938
vt 0.515625 0.335938
vt 0.523438 0.335938
vt 0.531250 0.335938
vt 0.539063 0.335938
vt 0.546875 0.335938
vt 0.554688 0.335938
vt 0.562500 0.335938
vt 0.570312 0.335938
vt 0.578125 0.335938
vt 0.585938 0.335938
vt 0.593750 0.335938
vt 0.601563 0.335938
vt 0.609375 0.335938
vt 0.617188 0.335938
vt 0.390625 0.343750
vt 0.382813 0.343750
vt 0.398438 0.343750
vt 0.406250 0.343750
vt 0.414063 0.343750
vt 0.421875 0.343750
vt 0.429688 0.343750
vt 0.437500 0.343750
vt 0.445313 0.343750
vt 0.453125 0.343750
vt 0.460938 0.343750
vt 0.468750 0.343750
vt 0.476563 0.343750
vt 0.484375 0.343750
vt 0.492188 0.343750
vt 0.500000 0.343750
vt 0.507813 0.343750
vt 0.515625 0.343750
vt 0.523438 0.343750
vt 0.531250 0.343750
vt 0.539062 0.343750
vt 0.546875 0.343750
vt 0.554688 0.343750
vt 0.562500 0.343750
vt 0.570313 0.343750
vt 0.578125 0.343750
vt 0.585938 0.343750
vt 0.593750 0.343750
vt 0.601563 0.343750
vt 0.609375 0.343750
vt 0.617188 0.343750
vt 0.390625 0.351563
vt 0.382813 0.351563
vt 0.398438 0.351563
vt 0.406250 0.351563
vt 0.414063 0.351563
vt 0.421875 0.351563
vt 0.429688 0.351563
vt 0.437500 0.351563
vt 0.445312 0.351562
vt 0.453125 0.351563
vt 0.460938 0.351563
vt 0.468750 0.351563
vt 0.476563 0.351563
vt 0.484375 0.351563
vt 0.492188 0.351562
vt 0.500000 0.351563
vt 0.507813 0.351562
vt 0.515625 0.351563
vt 0.523438 0.351563
vt 0.531250 0.351563
vt 0.539062 0.351563
vt 0.546875 0.351563
vt 0.554688 0.351562
vt 0.562500 0.351563
vt 0.570313 0.351563
vt 0.578125 0.351563
vt 0.585938 0.351563
vt 0.593750 0.351563
vt 0.601563 0.351563
vt 0.609375 0.351563
vt 0.617188 0.351562
vt 0.390625 0.359375
vt 0.382813 0.359375
vt 0.398438 0.359375
vt 0.406250 0.359375
vt 0.414063 0.359375
vt 0.421875 0.359375
vt 0.429688 0.359375
vt 0.437500 0.359375
vt 0.445313 0.359375
vt 0.453125 0.359375
vt 0.460938 0.359375
vt 0.468750 0.359375
vt 0.476563 0.359375
vt 0.484375 0.359375
vt 0.492188 0.359375
vt 0.500000 0.359375
vt 0.507812 0.359375
vt 0.515625 0.359375
vt 0.523438 0.359375
vt 0.531250 0.359375
vt 0.539062 0.359375
vt 0.546875 0.359375
vt 0.554688 0.359375
vt 0.562500 0.359375
vt 0.570312 0.359375
vt 0.578125 0.359375
vt 0.585938 0.359375
vt 0.593750 0.359375
vt 0.601562 0.359375
vt 0.609375 0.359375
vt 0.617188 0.359375
vt 0.390625 0.367188
vt 0.382812 0.367188
vt 0.398438 0.367188
vt 0.406250 0.367188
vt 0.414063 0.367188
vt 0.421875 0.367188
vt 0.429688 0.367188
vt 0.437500 0.367188
vt 0.445312 0.367188
vt 0.453125 0.367188
vt 0.460938 0.367188
vt 0.468750 0.367188
vt 0.476563 0.367188
vt 0.484375 0.367188
vt 0.492188 0.367188
vt 0.500000 0.367188
vt 0.507813 0.367188
vt 0.515625 0.367188
vt 0.523438 0.367188
vt 0.531250 0.367188
vt 0.539063 0.367188
vt 0.546875 0.367188
vt 0.554688 0.367188
vt 0.562500 0.367188
vt 0.570313 0.367188
vt 0.578125 0.367188
vt 0.585938 0.367188
vt 0.593750 0.367188
vt 0.601562 0.367188
vt 0.609375 0.367188
vt 0.617188 0.367188
vt 0.390625 0.375000
vt 0.382813 0.375000
vt 0.398438 0.375000
vt 0.406250 0.375000
vt 0.414062 0.375000
vt 0.421875 0.375000
vt 0.429688 0.375000
vt 0.437500 0.375000
vt 0.445312 0.375000
vt 0.453125 0.375000
vt 0.460938 0.375000
vt 0.468750 0.375000
vt 0.476563 0.375000
vt 0.484375 0.375000
vt 0.492188 0.375000
vt 0.500000 0.375000
vt 0.507812 0.375000
vt 0.515625 0.375000
vt 0.523438 0.375000
vt 0.531250 0.375000
vt 0.539063 0.375000
vt 0.546875 0.375000
vt 0.554688 0.375000
vt 0.562500 0.375000
vt 0.570312 0.375000
vt 0.578125 0.375000
vt 0.585938 0.375000
vt 0.593750 0.375000
vt 0.601563 0.375000
vt 0.609375 0.375000
vt 0.617188 0.375000
vt 0.390625 0.382812
vt 0.382812 0.382812
vt 0.398438 0.382813
vt 0.406250 0.382813
vt 0.414063 0.382812
vt 0.421875 0.382812
vt 0.429688 0.382812
vt 0.437500 0.382812
vt 0.445312 0.382813
vt 0.453125 0.382812
vt 0.460938 0.382812
vt 0.468750 0.382813
vt 0.476563 0.382812
vt 0.484375 0.382812
vt 0.492188 0.382813
vt 0.500000 0.382812
vt 0.507813 0.382813
vt 0.515625 0.382812
vt 0.523437 0.382812
vt 0.531250 0.382813
vt 0.539062 0.382812
vt 0.546875 0.382812
vt 0.554688 0.382813
vt 0.562500 0.382812
vt 0.570313 0.382813
vt 0.578125 0.382812
vt 0.585938 0.382812
vt 0.593750 0.382813
vt 0.601563 0.382813
vt 0.609375 0.382812
vt 0.617188 0.382813
vt 0.390625 0.390625
vt 0.382813 0.390625
vt 0.398438 0.390625
vt 0.406250 0.390625
vt 0.414063 0.390625
vt 0.421875 0.390625
vt 0.429688 0.390625
vt 0.437500 0.390625
vt 0.445312 0.390625
vt 0.453125 0.390625
vt 0.460938 0.390625
vt 0.468750 0.390625
vt 0.476563 0.390625
vt 0.484375 0.390625
vt 0.492188 0.390625
vt 0.500000 0.390625
vt 0.507813 0.390625
vt 0.515625 0.390625
vt 0.523438 0.390625
vt 0.531250 0.390625
vt 0.539062 0.390625
vt 0.546875 0.390625
vt 0.554688 0.390625
vt 0.562500 0.390625
vt 0.570313 0.390625
vt 0.578125 0.390625
vt 0.585938 0.390625
vt 0.593750 0.390625
vt 0.601563 0.390625
vt 0.609375 0.390625
vt 0.617188 0.390625
vt 0.390625 0.398438
vt 0.382812 0.398438
vt 0.398438 0.398438
vt 0.406250 0.398438
vt 0.414063 0.398438
vt 0.421875 0.398438
vt 0.429688 0.398438
vt 0.437500 0.398438
vt 0.445313 0.398438
vt 0.453125 0.398438
vt 0.460938 0.398438
vt 0.468750 0.398438
vt 0.476563 0.398438
vt 0.484375 0.398438
vt 0.492188 0.398438
vt 0.500000 0.398438
vt 0.507813 0.398438
vt 0.515625 0.398438
vt 0.523438 0.398438
vt 0.531250 0.398438
vt 0.539063 0.398438
vt 0.546875 0.398438
vt 0.554688 0.398438
vt 0.562500 0.398438
vt 0.570312 0.398438
vt 0.578125 0.398438
vt 0.585938 0.398438
vt 0.593750 0.398438
vt 0.601563 0.398438
vt 0.609375 0.398438
vt 0.617188 0.398438
vt 0.390625 0.406250
vt 0.382813 0.406250
vt 0.398438 0.406250
vt 0.406250 0.406250
vt 0.414063 0.406250
vt 0.421875 0.406250
vt 0.429688 0.406250
vt 0.437500 0.406250
vt 0.445313 0.406250
vt 0.453125 0.406250
vt 0.460938 0.406250
vt 0.468750 0.406250
vt 0.476563 0.406250
vt 0.484375 0.406250
vt 0.492188 0.406250
vt 0.500000 0.406250
vt 0.507813 0.406250
vt 0.515625 0.406250
vt 0.523438 0.406250
vt 0.531250 0.406250
vt 0.539062 0.406250
vt 0.546875 0.406250
vt 0.554688 0.406250
vt 0.562500 0.406250
vt 0.570313 0.406250
vt 0.578125 0.406250
vt 0.585938 0.406250
vt 0.593750 0.406250
vt 0.601563 0.406250
vt 0.609375 0.406250
vt 0.617188 0.406250
vt 0.390625 0.414063
vt 0.382813 0.414063
vt 0.398438 0.414063
vt 0.406250 0.414063
vt 0.414063 0.414063
vt 0.421875 0.414063
vt 0.429688 0.414063
vt 0.437500 0.414063
vt 0.445312 0.414063
vt 0.453125 0.414063
vt 0.460938 0.414063
vt 0.468750 0.414063
vt 0.476563 0.414063
vt 0.484375 0.414063
vt 0.492188 0.414062
vt 0.500000 0.414063
vt 0.507813 0.414063
vt 0.515625 0.414063
vt 0.523438 0.414063
vt 0.531250 0.414063
vt 0.539062 0.414063
vt 0.546875 0.414063
vt 0.554688 0.414062
vt 0.562500 0.414063
vt 0.570313 0.414063
vt 0.578125 0.414063
vt 0.585938 0.414063
vt 0.593750 0.414063
vt 0.601563 0.414063
vt 0.609375 0.414063
vt 0.617188 0.414063
vt 0.390625 0.421875
vt 0.382813 0.421875
vt 0.398438 0.421875
vt 0.406250 0.421875
vt 0.414063 0.421875
vt 0.421875 0.421875
vt 0.429688 0.421875
vt 0.437500 0.421875
vt 0.445313 0.421875
vt 0.453125 0.421875
vt 0.460938 0.421875
vt 0.468750 0.421875
vt 0.476563 0.421875
vt 0.484375 0.421875
vt 0.492188 0.421875
vt 0.500000 0.421875
vt 0.507812 0.421875
vt 0.515625 0.421875
vt 0.523438 0.421875
vt 0.531250 0.421875
vt 0.539062 0.421875
vt 0.546875 0.421875
vt 0.554688 0.421875
vt 0.562500 0.421875
vt 0.570312 0.421875
vt 0.578125 0.421875
vt 0.585938 0.421875
vt 0.593750 0.421875
vt 0.601562 0.421875
vt 0.609375 0.421875
vt 0.617188 0.421875
vt 0.390625 0.429688
vt 0.382812 0.429688
vt 0.398438 0.429688
vt 0.406250 0.429688
vt 0.414063 0.429688
vt 0.421875 0.429688
vt 0.429688 0.429688
vt 0.437500 0.429688
vt 0.445312 0.429688
vt 0.453125 0.429688
vt 0.460938 0.429688
vt 0.468750 0.429688
vt 0.476563 0.429688
vt 0.484375 0.429688
vt 0.492188 0.429688
vt 0.500000 0.429688
vt 0.507813 0.429688
vt 0.515625 0.429688
vt 0.523438 0.429688
vt 0.531250 0.429688
vt 0.539063 0.429688
vt 0.546875 0.429688
vt 0.554688 0.429688
vt 0.562500 0.429688
vt 0.570313 0.429688
vt 0.578125 0.429688
vt 0.585938 0.429688
vt 0.593750 0.429688
vt 0.601562 0.429688
vt 0.609375 0.429688
vt 0.617188 0.429688
vt 0.390625 0.437500
vt 0.382813 0.437500
vt 0.398438 0.437500
vt 0.406250 0.437500
vt 0.414063 0.437500
vt 0.421875 0.437500
vt 0.429688 0.437500
vt 0.437500 0.437500
vt 0.445312 0.437500
vt 0.453125 0.437500
vt 0.460938 0.437500
vt 0.468750 0.437500
vt 0.476563 0.437500
vt 0.484375 0.437500
vt 0.492188 0.437500
vt 0.500000 0.437500
vt 0.507812 0.437500
vt 0.515625 0.437500
vt 0.523438 0.437500
vt 0.531250 0.437500
vt 0.539063 0.437500
vt 0.546875 0.437500
vt 0.554688 0.437500
vt 0.562500 0.437500
vt 0.570312 0.437500
vt 0.578125 0.437500
vt 0.585938 0.437500
vt 0.593750 0.437500
vt 0.601563 0.437500
vt 0.609375 0.437500
vt 0.617188 0.437500
vt 0.390625 0.445313
vt 0.382813 0.445313
vt 0.398438 0.445313
vt 0.406250 0.445313
vt 0.414063 0.445313
vt 0.421875 0.445312
vt 0.429688 0.445313
vt 0.437500 0.445313
vt 0.445312 0.445313
vt 0.453125 0.445313
vt 0.460938 0.445313
vt 0.468750 0.445313
vt 0.476563 0.445313
vt 0.484375 0.445313
vt 0.492188 0.445313
vt 0.500000 0.445313
vt 0.507813 0.445313
vt 0.515625 0.445313
vt 0.523437 0.445313
vt 0.531250 0.445313
vt 0.539062 0.445313
vt 0.546875 0.445313
vt 0.554688 0.445313
vt 0.562500 0.445313
vt 0.570312 0.445313
vt 0.578125 0.445312
vt 0.585938 0.445313
vt 0.593750 0.445313
vt 0.601563 0.445313
vt 0.609375 0.445313
vt 0.617188 0.445313
vt 0.390625 0.453125
vt 0.382812 0.453125
vt 0.398438 0.453125
vt 0.406250 0.453125
vt 0.414063 0.453125
vt 0.421875 0.453125
vt 0.429688 0.453125
vt 0.437500 0.453125
vt 0.445312 0.453125
vt 0.453125 0.453125
vt 0.460938 0.453125
vt 0.468750 0.453125
vt 0.476563 0.453125
vt 0.484375 0.453125
vt 0.492188 0.453125
vt 0.500000 0.453125
vt 0.507813 0.453125
vt 0.515625 0.453125
vt 0.523438 0.453125
vt 0.531250 0.453125
vt 0.539062 0.453125
vt 0.546875 0.453125
vt 0.554688 0.453125
vt 0.562500 0.453125
vt 0.570313 0.453125
vt 0.578125 0.453125
vt 0.585938 0.453125
vt 0.593750 0.453125
vt 0.601563 0.453125
vt 0.609375 0.453125
vt 0.617188 0.453125
vt 0.390625 0.460938
vt 0.382813 0.460938
vt 0.398438 0.460938
vt 0.406250 0.460938
vt 0.414063 0.460938
vt 0.421875 0.460938
vt 0.429688 0.460938
vt 0.437500 0.460938
vt 0.445313 0.460938
vt 0.453125 0.460938
vt 0.460938 0.460938
vt 0.468750 0.460938
vt 0.476563 0.460938
vt 0.484375 0.460938
vt 0.492188 0.460938
vt 0.500000 0.460938
vt 0.507813 0.460938
vt 0.515625 0.460938
vt 0.523438 0.460938
vt 0.531250 0.460938
vt 0.539063 0.460938
vt 0.546875 0.460938
vt 0.554688 0.460938
vt 0.562500 0.460938
vt 0.570313 0.460938
vt 0.578125 0.460938
vt 0.585938 0.460938
vt 0.593750 0.460938
vt 0.601563 0.460938
vt 0.609375 0.460938
vt 0.617188 0.460938
vt 0.390625 0.468750
vt 0.382813 0.468750
vt 0.398438 0.468750
vt 0.406250 0.468750
vt 0.414063 0.468750
vt 0.421875 0.468750
vt 0.429688 0.468750
vt 0.437500 0.468750
vt 0.445313 0.468750
vt 0.453125 0.468750
vt 0.460938 0.468750
vt 0.468750 0.468750
vt 0.476563 0.468750
vt 0.484375 0.468750
vt 0.492188 0.468750
vt 0.500000 0.468750
vt 0.507813 0.468750
vt 0.515625 0.468750
vt 0.523438 0.468750
vt 0.531250 0.468750
vt 0.539062 0.468750
vt 0.546875 0.468750
vt 0.554688 0.468750
vt 0.562500 0.468750
vt 0.570312 0.468750
vt 0.578125 0.468750
vt 0.585938 0.468750
vt 0.593750 0.468750
vt 0.601562 0.468750
vt 0.609375 0.468750
vt 0.617188 0.468750
vt 0.390845 0.476562
vt 0.383036 0.476562
vt 0.398532 0.476562
vt 0.406250 0.476563
vt 0.414063 0.476563
vt 0.421875 0.476563
vt 0.429688 0.476563
vt 0.437500 0.476563
vt 0.445312 0.476563
vt 0.453125 0.476563
vt 0.460938 0.476563
vt 0.468750 0.476563
vt 0.476563 0.476563
vt 0.484375 0.476562
vt 0.492188 0.476563
vt 0.500000 0.476563
vt 0.507813 0.476563
vt 0.515625 0.476563
vt 0.523438 0.476563
vt 0.531250 0.476563
vt 0.539062 0.476563
vt 0.546875 0.476562
vt 0.554688 0.476563
vt 0.562500 0.476563
vt 0.570312 0.476563
vt 0.578125 0.476563
vt 0.585938 0.476563
vt 0.593750 0.476562
vt 0.601468 0.476562
vt 0.609155 0.476562
vt 0.616964 0.476562
vt 0.391235 0.484375
vt 0.383417 0.484375
vt 0.398712 0.484375
vt 0.406250 0.484375
vt 0.414063 0.484375
vt 0.421875 0.484375
vt 0.429688 0.484375
vt 0.437500 0.484375
vt 0.445313 0.484375
vt 0.453125 0.484375
vt 0.460938 0.484375
vt 0.468750 0.484375
vt 0.476563 0.484375
vt 0.484375 0.484375
vt 0.492188 0.484375
vt 0.500000 0.484375
vt 0.507812 0.484375
vt 0.515625 0.484375
vt 0.523438 0.484375
vt 0.531250 0.484375
vt 0.539062 0.484375
vt 0.546875 0.484375
vt 0.554688 0.484375
vt 0.562500 0.484375
vt 0.570313 0.484375
vt 0.578125 0.484375
vt 0.585938 0.484375
vt 0.593750 0.484375
vt 0.601288 0.484375
vt 0.608765 0.484375
vt 0.616583 0.484375
vt 0.391357 0.492188
vt 0.383508 0.492188
vt 0.398798 0.492188
vt 0.406250 0.492188
vt 0.414063 0.492188
vt 0.421875 0.492188
vt 0.429688 0.492188
vt 0.437500 0.492188
vt 0.445312 0.492188
vt 0.453125 0.492188
vt 0.460938 0.492188
vt 0.468750 0.492188
vt 0.476563 0.492188
vt 0.484375 0.492188
vt 0.492188 0.492188
vt 0.500000 0.492188
vt 0.507813 0.492188
vt 0.515625 0.492188
vt 0.523438 0.492188
vt 0.531250 0.492188
vt 0.539063 0.492188
vt 0.546875 0.492188
vt 0.554688 0.492188
vt 0.562500 0.492188
vt 0.570313 0.492188
vt 0.578125 0.492188
vt 0.585938 0.492188
vt 0.593750 0.492188
vt 0.601202 0.492188
vt 0.608643 0.492188
vt 0.616492 0.492188
vt 0.375000 0.257812
vt 0.625000 0.257812
vt 0.625000 0.265625
vt 0.625000 0.273438
vt 0.625000 0.281250
vt 0.625000 0.289062
vt 0.625000 0.296875
vt 0.625000 0.304688
vt 0.625000 0.312500
vt 0.625000 0.320313
vt 0.625000 0.328125
vt 0.625000 0.335938
vt 0.625000 0.343750
vt 0.625000 0.351563
vt 0.625000 0.359375
vt 0.625000 0.367188
vt 0.625000 0.375000
vt 0.625000 0.382813
vt 0.625000 0.390625
vt 0.625000 0.398438
vt 0.625000 0.406250
vt 0.625000 0.414063
vt 0.625000 0.421875
vt 0.625000 0.429688
vt 0.625000 0.437500
vt 0.625000 0.445313
vt 0.625000 0.453125
vt 0.625000 0.460938
vt 0.625000 0.468750
vt 0.625000 0.476563
vt 0.625000 0.484375
vt 0.625000 0.492188
vt 0.375000 0.492188
vt 0.375000 0.484375
vt 0.375000 0.476563
vt 0.375000 0.468750
vt 0.375000 0.460938
vt 0.375000 0.453125
vt 0.375000 0.445313
vt 0.375000 0.437500
vt 0.375000 0.429688
vt 0.375000 0.421875
vt 0.375000 0.414063
vt 0.375000 0.406250
vt 0.375000 0.398438
vt 0.375000 0.390625
vt 0.375000 0.382813
vt 0.375000 0.375000
vt 0.375000 0.367188
vt 0.375000 0.359375
vt 0.375000 0.351563
vt 0.375000 0.343750
vt 0.375000 0.335938
vt 0.375000 0.328125
vt 0.375000 0.320313
vt 0.375000 0.312500
vt 0.375000 0.304688
vt 0.375000 0.296875
vt 0.375000 0.289062
vt 0.375000 0.281250
vt 0.375000 0.273438
vt 0.375000 0.265625
s 0
usemtl Material
f 381/1/1 382/2/1 413/3/1 412/4/1
f 382/2/2 383/5/2 414/6/2 413/3/2
f 383/5/3 384/7/3 415/8/3 414/6/3
f 384/7/4 385/9/4 416/10/4 415/8/4
f 385/9/5 386/11/5 417/12/5 416/10/5
f 386/11/6 387/13/6 418/14/6 417/12/6
f 387/13/7 388/15/7 419/16/7 418/14/7
f 388/15/8 389/17/8 420/18/8 419/16/8
f 389/17/9 390/19/9 421/20/9 420/18/9
f 390/19/10 391/21/10 422/22/10 421/20/10
f 391/21/11 392/23/11 423/24/11 422/22/11
f 392/23/12 393/25/12 424/26/12 423/24/12
f 393/25/13 394/27/13 425/28/13 424/26/13
f 394/27/14 395/29/14 426/30/14 425/28/14
f 395/29/15 396/31/15 427/32/15 426/30/15
f 396/31/16 397/33/16 428/34/16 427/32/16
f 397/33/17 398/35/17 429/36/17 428/34/17
f 398/35/18 399/37/18 430/38/18 429/36/18
f 399/37/19 400/39/19 431/40/19 430/38/19
f 400/39/20 401/41/20 432/42/20 431/40/20
f 401/41/21 402/43/21 433/44/21 432/42/21
f 402/43/22 403/45/22 434/46/22 433/44/22
f 403/45/23 404/47/23 435/48/23 434/46/23
f 404/47/24 405/49/24 436/50/24 435/48/24
f 405/49/25 406/51/25 437/52/25 436/50/25
f 406/51/26 407/53/26 438/54/26 437/52/26
f 407/53/27 408/55/27 439/56/27 438/54/27
f 408/55/28 409/57/28 440/58/28 439/56/28
f 409/57/29 410/59/29 441/60/29 440/58/29
f 410/59/30 411/61/30 442/62/30 441/60/30
f 412/4/31 413/3/31 444/63/31 443/64/31
f 413/3/32 414/6/32 445/65/32 444/63/32
f 414/6/33 415/8/33 446/66/33 445/65/33
f 415/8/34 416/10/34 447/67/34 446/66/34
f 416/10/35 417/12/35 448/68/35 447/67/35
f 417/12/36 418/14/36 449/69/36 448/68/36
f 418/14/37 419/16/37 450/70/37 449/69/37
f 419/16/38 420/18/38 451/71/38 450/70/38
f 420/18/39 421/20/39 452/72/39 451/71/39
f 421/20/40 422/22/40 453/73/40 452/72/40
f 422/22/41 423/24/41 454/74/41 453/73/41
f 423/24/42 424/26/42 455/75/42 454/74/42
f 424/26/43 425/28/43 456/76/43 455/75/43
f 425/28/44 426/30/44 457/77/44 456/76/44
f 426/30/45 427/32/45 458/78/45 457/77/45
f 427/32/46 428/34/46 459/79/46 458/78/46
f 428/34/47 429/36/47 460/80/47 459/79/47
f 429/36/48 430/38/48 461/81/48 460/80/48
f 430/38/49 431/40/49 462/82/49 461/81/49
f 431/40/50 432/42/50 463/83/50 462/82/50
f 432/42/51 433/44/51 464/84/51 463/83/51
f 433/44/52 434/46/52 465/85/52 464/84/52
f 434/46/53 435/48/53 466/86/53 465/85/53
f 435/48/54 436/50/54 467/87/54 466/86/54
f 436/50/55 437/52/55 468/88/55 467/87/55
f 437/52/56 438/54/56 469/89/56 468/88/56
f 438/54/57 439/56/57 470/90/57 469/89/57
f 439/56/58 440/58/58 471/91/58 470/90/58
f 440/58/59 441/60/59 472/92/59 471/91/59
f 441/60/60 442/62/60 473/93/60 472/92/60
f 443/64/61 444/63/61 475/94/61 474/95/61
f 444/63/62 445/65/62 476/96/62 475/94/62
f 445/65/63 446/66/63 477/97/63 476/96/63
f 446/66/64 447/67/64 478/98/64 477/97/64
f 447/67/65 448/68/65 479/99/65 478/98/65
f 448/68/66 449/69/66 480/100/66 479/99/66
f 449/69/67 450/70/67 481/101/67 480/100/67
f 450/70/68 451/71/68 482/102/68 481/101/68
f 451/71/69 452/72/69 483/103/69 482/102/69
f 452/72/70 453/73/70 484/104/70 483/103/70
f 453/73/71 454/74/71 485/105/71 484/104/71
f 454/74/72 455/75/72 486/106/72 485/105/72
f 455/75/73 456/76/73 487/107/73 486/106/73
f 456/76/74 457/77/74 488/108/74 487/107/74
f 457/77/75 458/78/75 489/109/75 488/108/75
f 458/78/76 459/79/76 490/110/76 489/109/76
f 459/79/77 460/80/77 491/111/77 490/110/77
f 460/80/78 461/81/78 492/112/78 491/111/78
f 461/81/79 462/82/79 493/113/79 492/112/79
f 462/82/80 463/83/80 494/114/80 493/113/80
f 463/83/81 464/84/81 495/115/81 494/114/81
f 464/84/82 465/85/82 496/116/82 495/115/82
f 465/85/83 466/86/83 497/117/83 496/116/83
f 466/86/84 467/87/84 498/118/84 497/117/84
f 467/87/85 468/88/85 499/119/85 498/118/85
f 468/88/86 469/89/86 500/120/86 499/119/86
f 469/89/87 470/90/87 501/121/87 500/120/87
f 470/90/88 471/91/88 502/122/88 501/121/88
f 471/91/89 472/92/89 503/123/89 502/122/89
f 472/92/90 473/93/90 504/124/90 503/123/90
f 474/95/91 475/94/91 506/125/91 505/126/91
f 475/94/92 476/96/92 507/127/92 506/125/92
f 476/96/93 477/97/93 508/128/93 507/127/93
f 477/97/94 478/98/94 509/129/94 508/128/94
f 478/98/95 479/99/95 510/130/95 509/129/95
f 479/99/96 480/100/96 511/131/96 510/130/96
f 480/100/97 481/101/97 512/132/97 511/131/97
f 481/101/98 482/102/98 513/133/98 512/132/98
f 482/102/99 483/103/99 514/134/99 513/133/99
f 483/103/100 484/104/100 515/135/100 514/134/100
f 484/104/101 485/105/101 516/136/101 515/135/101
f 485/105/102 486/106/102 517/137/102 516/136/102
f 486/106/103 487/107/103 518/138/103 517/137/103
f 487/107/104 488/108/104 519/139/104 518/138/104
f 488/108/105 489/109/105 520/140/105 519/139/105
f 489/109/106 490/110/106 521/141/106 520/140/106
f 490/110/107 491/111/107 522/142/107 521/141/107
f 491/111/108 492/112/108 523/143/108 522/142/108
f 492/112/109 493/113/109 524/144/109 523/143/109
f 493/113/110 494/114/110 525/145/110 524/144/110
f 494/114/111 495/115/111 526/146/111 525/145/111
f 495/115/112 496/116/112 527/147/112 526/146/112
f 496/116/113 497/117/113 528/148/113 527/147/113
f 497/117/114 498/118/114 529/149/114 528/148/114
f 498/118/115 499/119/115 530/150/115 529/149/115
f 499/119/116 500/120/116 531/151/116 530/150/116
f 500/120/117 501/121/117 532/152/117 531/151/117
f 501/121/118 502/122/118 533/153/118 532/152/118
f 502/122/119 503/123/119 534/154/119 533/153/119
f 503/123/120 504/124/120 535/155/120 534/154/120
f 505/126/121 506/125/121 537/156/121 536/157/121
f 506/125/122 507/127/122 538/158/122 537/156/122
f 507/127/123 508/128/123 539/159/123 538/158/123
f 508/128/124 509/129/124 540/160/124 539/159/124
f 509/129/125 510/130/125 541/161/125 540/160/125
f 510/130/126 511/131/126 542/162/126 541/161/126
f 511/131/127 512/132/127 543/163/127 542/162/127
f 512/132/128 513/133/128 544/164/128 543/163/128
f 513/133/129 514/134/129 545/165/129 544/164/129
f 514/134/130 515/135/130 546/166/130 545/165/130
f 515/135/131 516/136/131 547/167/131 546/166/131
f 516/136/132 517/137/132 548/168/132 547/167/132
f 517/137/133 518/138/133 549/169/133 548/168/133
f 518/138/134 519/139/134 550/170/134 549/169/134
f 519/139/135 520/140/135 551/171/135 550/170/135
f 520/140/136 521/141/136 552/172/136 551/171/136
f 521/141/137 522/142/137 553/173/137 552/172/137
f 522/142/138 523/143/138 554/174/138 553/173/138
f 523/143/139 524/144/139 555/175/139 554/174/139
f 524/144/140 525/145/140 556/176/140 555/175/140
f 525/145/141 526/146/141 557/177/141 556/176/141
f 526/146/142 527/147/142 558/178/142 557/177/142
f 527/147/143 528/148/143 559/179/143 558/178/143
f 528/148/144 529/149/144 560/180/144 559/179/144
f 529/149/145 530/150/145 561/181/145 560/180/145
f 530/150/146 531/151/146 562/182/146 561/181/146
f 531/151/147 532/152/147 563/183/147 562/182/147
f 532/152/148 533/153/148 564/184/148 563/183/148
f 533/153/149 534/154/149 565/185/149 564/184/149
f 534/154/150 535/155/150 566/186/150 565/185/150
f 536/157/151 537/156/151 568/187/151 567/188/151
f 537/156/152 538/158/152 569/189/152 568/187/152
f 538/158/153 539/159/153 570/190/153 569/189/153
f 539/159/154 540/160/154 571/191/154 570/190/154
f 540/160/155 541/161/155 572/192/155 571/191/155
f 541/161/156 542/162/156 573/193/156 572/192/156
f 542/162/157 543/163/157 574/194/157 573/193/157
f 543/163/158 544/164/158 575/195/158 574/194/158
f 544/164/159 545/165/159 576/196/159 575/195/159
f 545/165/160 546/166/160 577/197/160 576/196/160
f 546/166/161 547/167/161 578/198/161 577/197/161
f 547/167/162 548/168/162 579/199/162 578/198/162
f 548/168/163 549/169/163 580/200/163 579/199/163
f 549/169/164 550/170/164 581/201/164 580/200/164
f 550/170/165 551/171/165 582/202/165 581/201/165
f 551/171/166 552/172/166 583/203/166 582/202/166
f 552/172/167 553/173/167 584/204/167 583/203/167
f 553/173/168 554/174/168 585/205/168 584/204/168
f 554/174/169 555/175/169 586/206/169 585/205/169
f 555/175/170 556/176/170 587/207/170 586/206/170
f 556/176/171 557/177/171 588/208/171 587/207/171
f 557/177/172 558/178/172 589/209/172 588/208/172
f 558/178/173 559/179/173 590/210/173 589/209/173
f 559/179/174 560/180/174 591/211/174 590/210/174
f 560/180/175 561/181/175 592/212/175 591/211/175
f 561/181/176 562/182/176 593/213/176 592/212/176
f 562/182/177 563/183/177 594/214/177 593/213/177
f 563/183/178 564/184/178 595/215/178 594/214/178
f 564/184/179 565/185/179 596/216/179 595/215/179
f 565/185/180 566/186/180 597/217/180 596/216/180
f 567/188/181 568/187/181 599/218/181 598/219/181
f 568/187/182 569/189/182 600/220/182 599/218/182
f 569/189/183 570/190/183 601/221/183 600/220/183
f 570/190/184 571/191/184 602/222/184 601/221/184
f 571/191/185 572/192/185 603/223/185 602/222/185
f 572/192/186 573/193/186 604/224/186 603/223/186
f 573/193/187 574/194/187 605/225/187 604/224/187
f 574/194/188 575/195/188 606/226/188 605/225/188
f 575/195/189 576/196/189 607/227/189 606/226/189
f 576/196/190 577/197/190 608/228/190 607/227/190
f 577/197/191 578/198/191 609/229/191 608/228/191
f 578/198/192 579/199/192 610/230/192 609/229/192
f 579/199/193 580/200/193 611/231/193 610/230/193
f 580/200/194 581/201/194 612/232/194 611/231/194
f 581/201/195 582/202/195 613/233/195 612/232/195
f 582/202/196 583/203/196 614/234/196 613/233/196
f 583/203/197 584/204/197 615/235/197 614/234/197
f 584/204/198 585/205/198 616/236/198 615/235/198
f 585/205/199 586/206/199 617/237/199 616/236/199
f 586/206/200 587/207/200 618/238/200 617/237/200
f 587/207/201 588/208/201 619/239/201 618/238/201
f 588/208/202 589/209/202 620/240/202 619/239/202
f 589/209/203 590/210/203 621/241/203 620/240/203
f 590/210/204 591/211/204 622/242/204 621/241/204
f 591/211/205 592/212/205 623/243/205 622/242/205
f 592/212/206 593/213/206 624/244/206 623/243/206
f 593/213/207 594/214/207 625/245/207 624/244/207
f 594/214/208 595/215/208 626/246/208 625/245/208
f 595/215/209 596/216/209 627/247/209 626/246/209
f 596/216/210 597/217/210 628/248/210 627/247/210
f 598/219/211 599/218/211 630/249/211 629/250/211
f 599/218/212 600/220/212 631/251/212 630/249/212
f 600/220/213 601/221/213 632/252/213 631/251/213
f 601/221/214 602/222/214 633/253/214 632/252/214
f 602/222/215 603/223/215 634/254/215 633/253/215
f 603/223/216 604/224/216 635/255/216 634/254/216
f 604/224/217 605/225/217 636/256/217 635/255/217
f 605/225/218 606/226/218 637/257/218 636/256/218
f 606/226/219 607/227/219 638/258/219 637/257/219
f 607/227/220 608/228/220 639/259/220 638/258/220
f 608/228/221 609/229/221 640/260/221 639/259/221
f 609/229/222 610/230/222 641/261/222 640/260/222
f 610/230/223 611/231/223 642/262/223 641/261/223
f 611/231/224 612/232/224 643/263/224 642/262/224
f 612/232/225 613/233/225 644/264/225 643/263/225
f 613/233/226 614/234/226 645/265/226 644/264/226
f 614/234/227 615/235/227 646/266/227 645/265/227
f 615/235/228 616/236/228 647/267/228 646/266/228
f 616/236/229 617/237/229 648/268/229 647/267/229
f 617/237/230 618/238/230 649/269/230 648/268/230
f 618/238/231 619/239/231 650/270/231 649/269/231
f 619/239/232 620/240/232 651/271/232 650/270/232
f 620/240/233 621/241/233 652/272/233 651/271/233
f 621/241/234 622/242/234 653/273/234 652/272/234
f 622/242/235 623/243/235 654/274/235 653/273/235
f 623/243/236 624/244/236 655/275/236 654/274/236
f 624/244/237 625/245/237 656/276/237 655/275/237
f 625/245/238 626/246/238 657/277/238 656/276/238
f 626/246/239 627/247/239 658/278/239 657/277/239
f 627/247/240 628/248/240 659/279/240 658/278/240
f 629/250/241 630/249/241 661/280/241 660/281/241
f 630/249/242 631/251/242 662/282/242 661/280/242
f 631/251/243 632/252/243 663/283/243 662/282/243
f 632/252/244 633/253/244 664/284/244 663/283/244
f 633/253/245 634/254/245 665/285/245 664/284/245
f 634/254/246 635/255/246 666/286/246 665/285/246
f 635/255/247 636/256/247 667/287/247 666/286/247
f 636/256/248 637/257/248 668/288/248 667/287/248
f 637/257/249 638/258/249 669/289/249 668/288/249
f 638/258/250 639/259/250 670/290/250 669/289/250
f 639/259/251 640/260/251 671/291/251 670/290/251
f 640/260/252 641/261/252 672/292/252 671/291/252
f 641/261/253 642/262/253 673/293/253 672/292/253
f 642/262/254 643/263/254 674/294/254 673/293/254
f 643/263/255 644/264/255 675/295/255 674/294/255
f 644/264/256 645/265/256 676/296/256 675/295/256
f 645/265/257 646/266/257 677/297/257 676/296/257
f 646/266/258 647/267/258 678/298/258 677/297/258
f 647/267/259 648/268/259 679/299/259 678/298/259
f 648/268/260 649/269/260 680/300/260 679/299/260
f 649/269/261 650/270/261 681/301/261 680/300/261
f 650/270/262 651/271/262 682/302/262 681/301/262
f 651/271/263 652/272/263 683/303/263 682/302/263
f 652/272/264 653/273/264 684/304/264 683/303/264
f 653/273/265 654/274/265 685/305/265 684/304/265
f 654/274/266 655/275/266 686/306/266 685/305/266
f 655/275/267 656/276/267 687/307/267 686/306/267
f 656/276/268 657/277/268 688/308/268 687/307/268
f 657/277/269 658/278/269 689/309/269 688/308/269
f 658/278/270 659/279/270 690/310/270 689/309/270
f 660/281/271 661/280/271 692/311/271 691/312/271
f 661/280/272 662/282/272 693/313/272 692/311/272
f 662/282/273 663/283/273 694/314/273 693/313/273
f 663/283/274 664/284/274 695/315/274 694/314/274
f 664/284/275 665/285/275 696/316/275 695/315/275
f 665/285/276 666/286/276 697/317/276 696/316/276
f 666/286/277 667/287/277 698/318/277 697/317/277
f 667/287/278 668/288/278 699/319/278 698/318/278
f 668/288/279 669/289/279 700/320/279 699/319/279
f 669/289/280 670/290/280 701/321/280 700/320/280
f 670/290/281 671/291/281 702/322/281 701/321/281
f 671/291/282 672/292/282 703/323/282 702/322/282
f 672/292/283 673/293/283 704/324/283 703/323/283
f 673/293/284 674/294/284 705/325/284 704/324/284
f 674/294/285 675/295/285 706/326/285 705/325/285
f 675/295/286 676/296/286 707/327/286 706/326/286
f 676/296/287 677/297/287 708/328/287 707/327/287
f 677/297/288 678/298/288 709/329/288 708/328/288
f 678/298/289 679/299/289 710/330/289 709/329/289
f 679/299/290 680/300/290 711/331/290 710/330/290
f 680/300/291 681/301/291 712/332/291 711/331/291
f 681/301/292 682/302/292 713/333/292 712/332/292
f 682/302/293 683/303/293 714/334/293 713/333/293
f 683/303/294 684/304/294 715/335/294 714/334/294
f 684/304/295 685/305/295 716/336/295 715/335/295
f 685/305/296 686/306/296 717/337/296 716/336/296
f 686/306/297 687/307/297 718/338/297 717/337/297
f 687/307/298 688/308/298 719/339/298 718/338/298
f 688/308/299 689/309/299 720/340/299 719/339/299
f 689/309/300 690/310/300 721/341/300 720/340/300
f 691/312/301 692/311/301 723/342/301 722/343/301
f 692/311/302 693/313/302 724/344/302 723/342/302
f 693/313/303 694/314/303 725/345/303 724/344/303
f 694/314/304 695/315/304 726/346/304 725/345/304
f 695/315/305 696/316/305 727/347/305 726/346/305
f 696/316/306 697/317/306 728/348/306 727/347/306
f 697/317/307 698/318/307 729/349/307 728/348/307
f 698/318/308 699/319/308 730/350/308 729/349/308
f 699/319/309 700/320/309 731/351/309 730/350/309
f 700/320/310 701/321/310 732/352/310 731/351/310
f 701/321/311 702/322/311 733/353/311 732/352/311
f 702/322/312 703/323/312 734/354/312 733/353/312
f 703/323/313 704/324/313 735/355/313 734/354/313
f 704/324/314 705/325/314 736/356/314 735/355/314
f 705/325/315 706/326/315 737/357/315 736/356/315
f 706/326/316 707/327/316 738/358/316 737/357/316
f 707/327/317 708/328/317 739/359/317 738/358/317
f 708/328/318 709/329/318 740/360/318 739/359/318
f 709/329/319 710/330/319 741/361/319 740/360/319
f 710/330/320 711/331/320 742/362/320 741/361/320
f 711/331/321 712/332/321 743/363/321 742/362/321
f 712/332/322 713/333/322 744/364/322 743/363/322
f 713/333/323 714/334/323 745/365/323 744/364/323
f 714/334/324 715/335/324 746/366/324 745/365/324
f 715/335/325 716/336/325 747/367/325 746/366/325
f 716/336/326 717/337/326 748/368/326 747/367/326
f 717/337/327 718/338/327 749/369/327 748/368/327
f 718/338/328 719/339/328 750/370/328 749/369/328
f 719/339/329 720/340/329 751/371/329 750/370/329
f 720/340/330 721/341/330 752/372/330 751/371/330
f 722/343/331 723/342/331 754/373/331 753/374/331
f 723/342/332 724/344/332 755/375/332 754/373/332
f 724/344/333 725/345/333 756/376/333 755/375/333
f 725/345/334 726/346/334 757/377/334 756/376/334
f 726/346/335 727/347/335 758/378/335 757/377/335
f 727/347/336 728/348/336 759/379/336 758/378/336
f 728/348/337 729/349/337 760/380/337 759/379/337
f 729/349/338 730/350/338 761/381/338 760/380/338
f 730/350/339 731/351/339 762/382/339 761/381/339
f 731/351/340 732/352/340 763/383/340 762/382/340
f 732/352/341 733/353/341 764/384/341 763/383/341
f 733/353/342 734/354/342 765/385/342 764/384/342
f 734/354/343 735/355/343 766/386/343 765/385/343
f 735/355/344 736/356/344 767/387/344 766/386/344
f 736/356/345 737/357/345 768/388/345 767/387/345
f 737/357/346 738/358/346 769/389/346 768/388/346
f 738/358/347 739/359/347 770/390/347 769/389/347
f 739/359/348 740/360/348 771/391/348 770/390/348
f 740/360/349 741/361/349 772/392/349 771/391/349
f 741/361/350 742/362/350 773/393/350 772/392/350
f 742/362/351 743/363/351 774/394/351 773/393/351
f 743/363/352 744/364/352 775/395/352 774/394/352
f 744/364/353 745/365/353 776/396/353 775/395/353
f 745/365/354 746/366/354 777/397/354 776/396/354
f 746/366/355 747/367/355 778/398/355 777/397/355
f 747/367/356 748/368/356 779/399/356 778/398/356
f 748/368/357 749/369/357 780/400/357 779/399/357
f 749/369/358 750/370/358 781/401/358 780/400/358
f 750/370/359 751/371/359 782/402/359 781/401/359
f 751/371/360 752/372/360 783/403/360 782/402/360
f 753/374/361 754/373/361 785/404/361 784/405/361
f 754/373/362 755/375/362 786/406/362 785/404/362
f 755/375/363 756/376/363 787/407/363 786/406/363
f 756/376/364 757/377/364 788/408/364 787/407/364
f 757/377/365 758/378/365 789/409/365 788/408/365
f 758/378/366 759/379/366 790/410/366 789/409/366
f 759/379/367 760/380/367 791/411/367 790/410/367
f 760/380/368 761/381/368 792/412/368 791/411/368
f 761/381/369 762/382/369 793/413/369 792/412/369
f 762/382/370 763/383/370 794/414/370 793/413/370
f 763/383/371 764/384/371 795/415/371 794/414/371
f 764/384/372 765/385/372 796/416/372 795/415/372
f 765/385/373 766/386/373 797/417/373 796/416/373
f 766/386/374 767/387/374 798/418/374 797/417/374
f 767/387/375 768/388/375 799/419/375 798/418/375
f 768/388/376 769/389/376 800/420/376 799/419/376
f 769/389/377 770/390/377 801/421/377 800/420/377
f 770/390/378 771/391/378 802/422/378 801/421/378
f 771/391/379 772/392/379 803/423/379 802/422/379
f 772/392/380 773/393/380 804/424/380 803/423/380
f 773/393/381 774/394/381 805/425/381 804/424/381
f 774/394/382 775/395/382 806/426/382 805/425/382
f 775/395/383 776/396/383 807/427/383 806/426/383
f 776/396/384 777/397/384 808/428/384 807/427/384
f 777/397/385 778/398/385 809/429/385 808/428/385
f 778/398/386 779/399/386 810/430/386 809/429/386
f 779/399/387 780/400/387 811/431/387 810/430/387
f 780/400/388 781/401/388 812/432/388 811/431/388
f 781/401/389 782/402/389 813/433/389 812/432/389
f 782/402/390 783/403/390 814/434/390 813/433/390
f 784/405/391 785/404/391 816/435/391 815/436/391
f 785/404/392 786/406/392 817/437/392 816/435/392
f 786/406/393 787/407/393 818/438/393 817/437/393
f 787/407/394 788/408/394 819/439/394 818/438/394
f 788/408/395 789/409/395 820/440/395 819/439/395
f 789/409/396 790/410/396 821/441/396 820/440/396
f 790/410/397 791/411/397 822/442/397 821/441/397
f 791/411/398 792/412/398 823/443/398 822/442/398
f 792/412/399 793/413/399 824/444/399 823/443/399
f 793/413/400 794/414/400 825/445/400 824/444/400
f 794/414/401 795/415/401 826/446/401 825/445/401
f 795/415/402 796/416/402 827/447/402 826/446/402
f 796/416/403 797/417/403 828/448/403 827/447/403
f 797/417/404 798/418/404 829/449/404 828/448/404
f 798/418/405 799/419/405 830/450/405 829/449/405
f 799/419/406 800/420/406 831/451/406 830/450/406
f 800/420/407 801/421/407 832/452/407 831/451/407
f 801/421/408 802/422/408 833/453/408 832/452/408
f 802/422/409 803/423/409 834/454/409 833/453/409
f 803/423/410 804/424/410 835/455/410 834/454/410
f 804/424/411 805/425/411 836/456/411 835/455/411
f 805/425/412 806/426/412 837/457/412 836/456/412
f 806/426/413 807/427/413 838/458/413 837/457/413
f 807/427/414 808/428/414 839/459/414 838/458/414
f 808/428/415 809/429/415 840/460/415 839/459/415
f 809/429/416 810/430/416 841/461/416 840/460/416
f 810/430/417 811/431/417 842/462/417 841/461/417
f 811/431/418 812/432/418 843/463/418 842/462/418
f 812/432/419 813/433/419 844/464/419 843/463/419
f 813/433/420 814/434/420 845/465/420 844/464/420
f 815/436/421 816/435/421 847/466/421 846/467/421
f 816/435/422 817/437/422 848/468/422 847/466/422
f 817/437/423 818/438/423 849/469/423 848/468/423
f 818/438/424 819/439/424 850/470/424 849/469/424
f 819/439/425 820/440/425 851/471/425 850/470/425
f 820/440/426 821/441/426 852/472/426 851/471/426
f 821/441/427 822/442/427 853/473/427 852/472/427
f 822/442/428 823/443/428 854/474/428 853/473/428
f 823/443/429 824/444/429 855/475/429 854/474/429
f 824/444/430 825/445/430 856/476/430 855/475/430
f 825/445/431 826/446/431 857/477/431 856/476/431
f 826/446/432 827/447/432 858/478/432 857/477/432
f 827/447/433 828/448/433 859/479/433 858/478/433
f 828/448/434 829/449/434 860/480/434 859/479/434
f 829/449/435 830/450/435 861/481/435 860/480/435
f 830/450/436 831/451/436 862/482/436 861/481/436
f 831/451/437 832/452/437 863/483/437 862/482/437
f 832/452/438 833/453/438 864/484/438 863/483/438
f 833/453/439 834/454/439 865/485/439 864/484/439
f 834/454/440 835/455/440 866/486/440 865/485/440
f 835/455/441 836/456/441 867/487/441 866/486/441
f 836/456/442 837/457/442 868/488/442 867/487/442
f 837/457/443 838/458/443 869/489/443 868/488/443
f 838/458/444 839/459/444 870/490/444 869/489/444
f 839/459/445 840/460/445 871/491/445 870/490/445
f 840/460/446 841/461/446 872/492/446 871/491/446
f 841/461/447 842/462/447 873/493/447 872/492/447
f 842/462/448 843/463/448 874/494/448 873/493/448
f 843/463/449 844/464/449 875/495/449 874/494/449
f 844/464/450 845/465/450 876/496/450 875/495/450
f 846/467/451 847/466/451 878/497/451 877/498/451
f 847/466/452 848/468/452 879/499/452 878/497/452
f 848/468/453 849/469/453 880/500/453 879/499/453
f 849/469/454 850/470/454 881/501/454 880/500/454
f 850/470/455 851/471/455 882/502/455 881/501/455
f 851/471/456 852/472/456 883/503/456 882/502/456
f 852/472/457 853/473/457 884/504/457 883/503/457
f 853/473/458 854/474/458 885/505/458 884/504/458
f 854/474/459 855/475/459 886/506/459 885/505/459
f 855/475/460 856/476/460 887/507/460 886/506/460
f 856/476/461 857/477/461 888/508/461 887/507/461
f 857/477/462 858/478/462 889/509/462 888/508/462
f 858/478/463 859/479/463 890/510/463 889/509/463
f 859/479/464 860/480/464 891/511/464 890/510/464
f 860/480/465 861/481/465 892/512/465 891/511/465
f 861/481/466 862/482/466 893/513/466 892/512/466
f 862/482/467 863/483/467 894/514/467 893/513/467
f 863/483/468 864/484/468 895/515/468 894/514/468
f 864/484/469 865/485/469 896/516/469 895/515/469
f 865/485/470 866/486/470 897/517/470 896/516/470
f 866/486/471 867/487/471 898/518/471 897/517/471
f 867/487/472 868/488/472 899/519/472 898/518/472
f 868/488/473 869/489/473 900/520/473 899/519/473
f 869/489/474 870/490/474 901/521/474 900/520/474
f 870/490/475 871/491/475 902/522/475 901/521/475
f 871/491/476 872/492/476 903/523/476 902/522/476
f 872/492/477 873/493/477 904/524/477 903/523/477
f 873/493/478 874/494/478 905/525/478 904/524/478
f 874/494/479 875/495/479 906/526/479 905/525/479
f 875/495/480 876/496/480 907/527/480 906/526/480
f 877/498/481 878/497/481 909/528/481 908/529/481
f 878/497/482 879/499/482 910/530/482 909/528/482
f 879/499/483 880/500/483 911/531/483 910/530/483
f 880/500/484 881/501/484 912/532/484 911/531/484
f 881/501/485 882/502/485 913/533/485 912/532/485
f 882/502/486 883/503/486 914/534/486 913/533/486
f 883/503/487 884/504/487 915/535/487 914/534/487
f 884/504/488 885/505/488 916/536/488 915/535/488
f 885/505/489 886/506/489 917/537/489 916/536/489
f 886/506/490 887/507/490 918/538/490 917/537/490
f 887/507/491 888/508/491 919/539/491 918/538/491
f 888/508/492 889/509/492 920/540/492 919/539/492
f 889/509/493 890/510/493 921/541/493 920/540/493
f 890/510/494 891/511/494 922/542/494 921/541/494
f 891/511/495 892/512/495 923/543/495 922/542/495
f 892/512/496 893/513/496 924/544/496 923/543/496
f 893/513/497 894/514/497 925/545/497 924/544/497
f 894/514/498 895/515/498 926/546/498 925/545/498
f 895/515/499 896/516/499 927/547/499 926/546/499
f 896/516/500 897/517/500 928/548/500 927/547/500
f 897/517/501 898/518/501 929/549/501 928/548/501
f 898/518/502 899/519/502 930/550/502 929/549/502
f 899/519/503 900/520/503 931/551/503 930/550/503
f 900/520/504 901/521/504 932/552/504 931/551/504
f 901/521/505 902/522/505 933/553/505 932/552/505
f 902/522/506 903/523/506 934/554/506 933/553/506
f 903/523/507 904/524/507 935/555/507 934/554/507
f 904/524/508 905/525/508 936/556/508 935/555/508
f 905/525/509 906/526/509 937/557/509 936/556/509
f 906/526/510 907/527/510 938/558/510 937/557/510
f 908/529/511 909/528/511 940/559/511 939/560/511
f 909/528/512 910/530/512 941/561/512 940/559/512
f 910/530/513 911/531/513 942/562/513 941/561/513
f 911/531/514 912/532/514 943/563/514 942/562/514
f 912/532/515 913/533/515 944/564/515 943/563/515
f 913/533/516 914/534/516 945/565/516 944/564/516
f 914/534/517 915/535/517 946/566/517 945/565/517
f 915/535/518 916/536/518 947/567/518 946/566/518
f 916/536/519 917/537/519 948/568/519 947/567/519
f 917/537/520 918/538/520 949/569/520 948/568/520
f 918/538/521 919/539/521 950/570/521 949/569/521
f 919/539/522 920/540/522 951/571/522 950/570/522
f 920/540/523 921/541/523 952/572/523 951/571/523
f 921/541/524 922/542/524 953/573/524 952/572/524
f 922/542/525 923/543/525 954/574/525 953/573/525
f 923/543/526 924/544/526 955/575/526 954/574/526
f 924/544/527 925/545/527 956/576/527 955/575/527
f 925/545/528 926/546/528 957/577/528 956/576/528
f 926/546/529 927/547/529 958/578/529 957/577/529
f 927/547/530 928/548/530 959/579/530 958/578/530
f 928/548/531 929/549/531 960/580/531 959/579/531
f 929/549/532 930/550/532 961/581/532 960/580/532
f 930/550/533 931/551/533 962/582/533 961/581/533
f 931/551/534 932/552/534 963/583/534 962/582/534
f 932/552/535 933/553/535 964/584/535 963/583/535
f 933/553/536 934/554/536 965/585/536 964/584/536
f 934/554/537 935/555/537 966/586/537 965/585/537
f 935/555/538 936/556/538 967/587/538 966/586/538
f 936/556/539 937/557/539 968/588/539 967/587/539
f 937/557/540 938/558/540 969/589/540 968/588/540
f 939/560/541 940/559/541 971/590/541 970/591/541
f 940/559/542 941/561/542 972/592/542 971/590/542
f 941/561/543 942/562/543 973/593/543 972/592/543
f 942/562/544 943/563/544 974/594/544 973/593/544
f 943/563/545 944/564/545 975/595/545 974/594/545
f 944/564/546 945/565/546 976/596/546 975/595/546
f 945/565/547 946/566/547 977/597/547 976/596/547
f 946/566/548 947/567/548 978/598/548 977/597/548
f 947/567/549 948/568/549 979/599/549 978/598/549
f 948/568/550 949/569/550 980/600/550 979/599/550
f 949/569/551 950/570/551 981/601/551 980/600/551
f 950/570/552 951/571/552 982/602/552 981/601/552
f 951/571/553 952/572/553 983/603/553 982/602/553
f 952/572/554 953/573/554 984/604/554 983/603/554
f 953/573/555 954/574/555 985/605/555 984/604/555
f 954/574/556 955/575/556 986/606/556 985/605/556
f 955/575/557 956/576/557 987/607/557 986/606/557
f 956/576/558 957/577/558 988/608/558 987/607/558
f 957/577/559 958/578/559 989/609/559 988/608/559
f 958/578/560 959/579/560 990/610/560 989/609/560
f 959/579/561 960/580/561 991/611/561 990/610/561
f 960/580/562 961/581/562 992/612/562 991/611/562
f 961/581/563 962/582/563 993/613/563 992/612/563
f 962/582/564 963/583/564 994/614/564 993/613/564
f 963/583/565 964/584/565 995/615/565 994/614/565
f 964/584/566 965/585/566 996/616/566 995/615/566
f 965/585/567 966/586/567 997/617/567 996/616/567
f 966/586/568 967/587/568 998/618/568 997/617/568
f 967/587/569 968/588/569 999/619/569 998/618/569
f 968/588/570 969/589/570 1000/620/570 999/619/570
f 970/591/571 971/590/571 1002/621/571 1001/622/571
f 971/590/572 972/592/572 1003/623/572 1002/621/572
f 972/592/573 973/593/573 1004/624/573 1003/623/573
f 973/593/574 974/594/574 1005/625/574 1004/624/574
f 974/594/575 975/595/575 1006/626/575 1005/625/575
f 975/595/576 976/596/576 1007/627/576 1006/626/576
f 976/596/577 977/597/577 1008/628/577 1007/627/577
f 977/597/578 978/598/578 1009/629/578 1008/628/578
f 978/598/579 979/599/579 1010/630/579 1009/629/579
f 979/599/580 980/600/580 1011/631/580 1010/630/580
f 980/600/581 981/601/581 1012/632/581 1011/631/581
f 981/601/582 982/602/582 1013/633/582 1012/632/582
f 982/602/583 983/603/583 1014/634/583 1013/633/583
f 983/603/584 984/604/584 1015/635/584 1014/634/584
f 984/604/585 985/605/585 1016/636/585 1015/635/585
f 985/605/586 986/606/586 1017/637/586 1016/636/586
f 986/606/587 987/607/587 1018/638/587 1017/637/587
f 987/607/588 988/608/588 1019/639/588 1018/638/588
f 988/608/589 989/609/589 1020/640/589 1019/639/589
f 989/609/590 990/610/590 1021/641/590 1020/640/590
f 990/610/591 991/611/591 1022/642/591 1021/641/591
f 991/611/592 992/612/592 1023/643/592 1022/642/592
f 992/612/593 993/613/593 1024/644/593 1023/643/593
f 993/613/594 994/614/594 1025/645/594 1024/644/594
f 994/614/595 995/615/595 1026/646/595 1025/645/595
f 995/615/596 996/616/596 1027/647/596 1026/646/596
f 996/616/597 997/617/597 1028/648/597 1027/647/597
f 997/617/598 998/618/598 1029/649/598 1028/648/598
f 998/618/599 999/619/599 1030/650/599 1029/649/599
f 999/619/600 1000/620/600 1031/651/600 1030/650/600
f 1001/622/601 1002/621/601 1033/652/601 1032/653/601
f 1002/621/602 1003/623/602 1034/654/602 1033/652/602
f 1003/623/603 1004/624/603 1035/655/603 1034/654/603
f 1004/624/604 1005/625/604 1036/656/604 1035/655/604
f 1005/625/605 1006/626/605 1037/657/605 1036/656/605
f 1006/626/606 1007/627/606 1038/658/606 1037/657/606
f 1007/627/607 1008/628/607 1039/659/607 1038/658/607
f 1008/628/608 1009/629/608 1040/660/608 1039/659/608
f 1009/629/609 1010/630/609 1041/661/609 1040/660/609
f 1010/630/610 1011/631/610 1042/662/610 1041/661/610
f 1011/631/611 1012/632/611 1043/663/611 1042/662/611
f 1012/632/612 1013/633/612 1044/664/612 1043/663/612
f 1013/633/613 1014/634/613 1045/665/613 1044/664/613
f 1014/634/614 1015/635/614 1046/666/614 1045/665/614
f 1015/635/615 1016/636/615 1047/667/615 1046/666/615
f 1016/636/616 1017/637/616 1048/668/616 1047/667/616
f 1017/637/617 1018/638/617 1049/669/617 1048/668/617
f 1018/638/618 1019/639/618 1050/670/618 1049/669/618
f 1019/639/619 1020/640/619 1051/671/619 1050/670/619
f 1020/640/620 1021/641/620 1052/672/620 1051/671/620
f 1021/641/621 1022/642/621 1053/673/621 1052/672/621
f 1022/642/622 1023/643/622 1054/674/622 1053/673/622
f 1023/643/623 1024/644/623 1055/675/623 1054/674/623
f 1024/644/624 1025/645/624 1056/676/624 1055/675/624
f 1025/645/625 1026/646/625 1057/677/625 1056/676/625
f 1026/646/626 1027/647/626 1058/678/626 1057/677/626
f 1027/647/627 1028/648/627 1059/679/627 1058/678/627
f 1028/648/628 1029/649/628 1060/680/628 1059/679/628
f 1029/649/629 1030/650/629 1061/681/629 1060/680/629
f 1030/650/630 1031/651/630 1062/682/630 1061/681/630
f 1032/653/631 1033/652/631 1064/683/631 1063/684/631
f 1033/652/632 1034/654/632 1065/685/632 1064/683/632
f 1034/654/633 1035/655/633 1066/686/633 1065/685/633
f 1035/655/634 1036/656/634 1067/687/634 1066/686/634
f 1036/656/635 1037/657/635 1068/688/635 1067/687/635
f 1037/657/636 1038/658/636 1069/689/636 1068/688/636
f 1038/658/637 1039/659/637 1070/690/637 1069/689/637
f 1039/659/638 1040/660/638 1071/691/638 1070/690/638
f 1040/660/639 1041/661/639 1072/692/639 1071/691/639
f 1041/661/640 1042/662/640 1073/693/640 1072/692/640
f 1042/662/641 1043/663/641 1074/694/641 1073/693/641
f 1043/663/642 1044/664/642 1075/695/642 1074/694/642
f 1044/664/643 1045/665/643 1076/696/643 1075/695/643
f 1045/665/644 1046/666/644 1077/697/644 1076/696/644
f 1046/666/645 1047/667/645 1078/698/645 1077/697/645
f 1047/667/646 1048/668/646 1079/699/646 1078/698/646
f 1048/668/647 1049/669/647 1080/700/647 1079/699/647
f 1049/669/648 1050/670/648 1081/701/648 1080/700/648
f 1050/670/649 1051/671/649 1082/702/649 1081/701/649
f 1051/671/650 1052/672/650 1083/703/650 1082/702/650
f 1052/672/651 1053/673/651 1084/704/651 1083/703/651
f 1053/673/652 1054/674/652 1085/705/652 1084/704/652
f 1054/674/653 1055/675/653 1086/706/653 1085/705/653
f 1055/675/654 1056/676/654 1087/707/654 1086/706/654
f 1056/676/655 1057/677/655 1088/708/655 1087/707/655
f 1057/677/656 1058/678/656 1089/709/656 1088/708/656
f 1058/678/657 1059/679/657 1090/710/657 1089/709/657
f 1059/679/658 1060/680/658 1091/711/658 1090/710/658
f 1060/680/659 1061/681/659 1092/712/659 1091/711/659
f 1061/681/660 1062/682/660 1093/713/660 1092/712/660
f 1063/684/661 1064/683/661 1095/714/661 1094/715/661
f 1064/683/662 1065/685/662 1096/716/662 1095/714/662
f 1065/685/663 1066/686/663 1097/717/663 1096/716/663
f 1066/686/664 1067/687/664 1098/718/664 1097/717/664
f 1067/687/665 1068/688/665 1099/719/665 1098/718/665
f 1068/688/666 1069/689/666 1100/720/666 1099/719/666
f 1069/689/667 1070/690/667 1101/721/667 1100/720/667
f 1070/690/668 1071/691/668 1102/722/668 1101/721/668
f 1071/691/669 1072/692/669 1103/723/669 1102/722/669
f 1072/692/670 1073/693/670 1104/724/670 1103/723/670
f 1073/693/671 1074/694/671 1105/725/671 1104/724/671
f 1074/694/672 1075/695/672 1106/726/672 1105/725/672
f 1075/695/673 1076/696/673 1107/727/673 1106/726/673
f 1076/696/674 1077/697/674 1108/728/674 1107/727/674
f 1077/697/675 1078/698/675 1109/729/675 1108/728/675
f 1078/698/676 1079/699/676 1110/730/676 1109/729/676
f 1079/699/677 1080/700/677 1111/731/677 1110/730/677
f 1080/700/678 1081/701/678 1112/732/678 1111/731/678
f 1081/701/679 1082/702/679 1113/733/679 1112/732/679
f 1082/702/680 1083/703/680 1114/734/680 1113/733/680
f 1083/703/681 1084/704/681 1115/735/681 1114/734/681
f 1084/704/682 1085/705/682 1116/736/682 1115/735/682
f 1085/705/683 1086/706/683 1117/737/683 1116/736/683
f 1086/706/684 1087/707/684 1118/738/684 1117/737/684
f 1087/707/685 1088/708/685 1119/739/685 1118/738/685
f 1088/708/686 1089/709/686 1120/740/686 1119/739/686
f 1089/709/687 1090/710/687 1121/741/687 1120/740/687
f 1090/710/688 1091/711/688 1122/742/688 1121/741/688
f 1091/711/689 1092/712/689 1123/743/689 1122/742/689
f 1092/712/690 1093/713/690 1124/744/690 1123/743/690
f 1094/715/691 1095/714/691 1126/745/691 1125/746/691
f 1095/714/692 1096/716/692 1127/747/692 1126/745/692
f 1096/716/693 1097/717/693 1128/748/693 1127/747/693
f 1097/717/694 1098/718/694 1129/749/694 1128/748/694
f 1098/718/695 1099/719/695 1130/750/695 1129/749/695
f 1099/719/696 1100/720/696 1131/751/696 1130/750/696
f 1100/720/697 1101/721/697 1132/752/697 1131/751/697
f 1101/721/698 1102/722/698 1133/753/698 1132/752/698
f 1102/722/699 1103/723/699 1134/754/699 1133/753/699
f 1103/723/700 1104/724/700 1135/755/700 1134/754/700
f 1104/724/701 1105/725/701 1136/756/701 1135/755/701
f 1105/725/702 1106/726/702 1137/757/702 1136/756/702
f 1106/726/703 1107/727/703 1138/758/703 1137/757/703
f 1107/727/704 1108/728/704 1139/759/704 1138/758/704
f 1108/728/705 1109/729/705 1140/760/705 1139/759/705
f 1109/729/706 1110/730/706 1141/761/706 1140/760/706
f 1110/730/707 1111/731/707 1142/762/707 1141/761/707
f 1111/731/708 1112/732/708 1143/763/708 1142/762/708
f 1112/732/709 1113/733/709 1144/764/709 1143/763/709
f 1113/733/710 1114/734/710 1145/765/710 1144/764/710
f 1114/734/711 1115/735/711 1146/766/711 1145/765/711
f 1115/735/712 1116/736/712 1147/767/712 1146/766/712
f 1116/736/713 1117/737/713 1148/768/713 1147/767/713
f 1117/737/714 1118/738/714 1149/769/714 1148/768/714
f 1118/738/715 1119/739/715 1150/770/715 1149/769/715
f 1119/739/716 1120/740/716 1151/771/716 1150/770/716
f 1120/740/717 1121/741/717 1152/772/717 1151/771/717
f 1121/741/718 1122/742/718 1153/773/718 1152/772/718
f 1122/742/719 1123/743/719 1154/774/719 1153/773/719
f 1123/743/720 1124/744/720 1155/775/720 1154/774/720
f 1125/746/721 1126/745/721 1157/776/721 1156/777/721
f 1126/745/722 1127/747/722 1158/778/722 1157/776/722
f 1127/747/723 1128/748/723 1159/779/723 1158/778/723
f 1128/748/724 1129/749/724 1160/780/724 1159/779/724
f 1129/749/725 1130/750/725 1161/781/725 1160/780/725
f 1130/750/726 1131/751/726 1162/782/726 1161/781/726
f 1131/751/727 1132/752/727 1163/783/727 1162/782/727
f 1132/752/728 1133/753/728 1164/784/728 1163/783/728
f 1133/753/729 1134/754/729 1165/785/729 1164/784/729
f 1134/754/730 1135/755/730 1166/786/730 1165/785/730
f 1135/755/731 1136/756/731 1167/787/731 1166/786/731
f 1136/756/732 1137/757/732 1168/788/732 1167/787/732
f 1137/757/733 1138/758/733 1169/789/733 1168/788/733
f 1138/758/734 1139/759/734 1170/790/734 1169/789/734
f 1139/759/735 1140/760/735 1171/791/735 1170/790/735
f 1140/760/736 1141/761/736 1172/792/736 1171/791/736
f 1141/761/737 1142/762/737 1173/793/737 1172/792/737
f 1142/762/738 1143/763/738 1174/794/738 1173/793/738
f 1143/763/739 1144/764/739 1175/795/739 1174/794/739
f 1144/764/740 1145/765/740 1176/796/740 1175/795/740
f 1145/765/741 1146/766/741 1177/797/741 1176/796/741
f 1146/766/742 1147/767/742 1178/798/742 1177/797/742
f 1147/767/743 1148/768/743 1179/799/743 1178/798/743
f 1148/768/744 1149/769/744 1180/800/744 1179/799/744
f 1149/769/745 1150/770/745 1181/801/745 1180/800/745
f 1150/770/746 1151/771/746 1182/802/746 1181/801/746
f 1151/771/747 1152/772/747 1183/803/747 1182/802/747
f 1152/772/748 1153/773/748 1184/804/748 1183/803/748
f 1153/773/749 1154/774/749 1185/805/749 1184/804/749
f 1154/774/750 1155/775/750 1186/806/750 1185/805/750
f 1156/777/751 1157/776/751 1188/807/751 1187/808/751
f 1157/776/752 1158/778/752 1189/809/752 1188/807/752
f 1158/778/753 1159/779/753 1190/810/753 1189/809/753
f 1159/779/754 1160/780/754 1191/811/754 1190/810/754
f 1160/780/755 1161/781/755 1192/812/755 1191/811/755
f 1161/781/756 1162/782/756 1193/813/756 1192/812/756
f 1162/782/757 1163/783/757 1194/814/757 1193/813/757
f 1163/783/758 1164/784/758 1195/815/758 1194/814/758
f 1164/784/759 1165/785/759 1196/816/759 1195/815/759
f 1165/785/760 1166/786/760 1197/817/760 1196/816/760
f 1166/786/761 1167/787/761 1198/818/761 1197/817/761
f 1167/787/762 1168/788/762 1199/819/762 1198/818/762
f 1168/788/763 1169/789/763 1200/820/763 1199/819/763
f 1169/789/764 1170/790/764 1201/821/764 1200/820/764
f 1170/790/765 1171/791/765 1202/822/765 1201/821/765
f 1171/791/766 1172/792/766 1203/823/766 1202/822/766
f 1172/792/767 1173/793/767 1204/824/767 1203/823/767
f 1173/793/768 1174/794/768 1205/825/768 1204/824/768
f 1174/794/769 1175/795/769 1206/826/769 1205/825/769
f 1175/795/770 1176/796/770 1207/827/770 1206/826/770
f 1176/796/771 1177/797/771 1208/828/771 1207/827/771
f 1177/797/772 1178/798/772 1209/829/772 1208/828/772
f 1178/798/773 1179/799/773 1210/830/773 1209/829/773
f 1179/799/774 1180/800/774 1211/831/774 1210/830/774
f 1180/800/775 1181/801/775 1212/832/775 1211/831/775
f 1181/801/776 1182/802/776 1213/833/776 1212/832/776
f 1182/802/777 1183/803/777 1214/834/777 1213/833/777
f 1183/803/778 1184/804/778 1215/835/778 1214/834/778
f 1184/804/779 1185/805/779 1216/836/779 1215/835/779
f 1185/805/780 1186/806/780 1217/837/780 1216/836/780
f 1187/808/781 1188/807/781 1219/838/781 1218/839/781
f 1188/807/782 1189/809/782 1220/840/782 1219/838/782
f 1189/809/783 1190/810/783 1221/841/783 1220/840/783
f 1190/810/784 1191/811/784 1222/842/784 1221/841/784
f 1191/811/785 1192/812/785 1223/843/785 1222/842/785
f 1192/812/786 1193/813/786 1224/844/786 1223/843/786
f 1193/813/787 1194/814/787 1225/845/787 1224/844/787
f 1194/814/788 1195/815/788 1226/846/788 1225/845/788
f 1195/815/789 1196/816/789 1227/847/789 1226/846/789
f 1196/816/790 1197/817/790 1228/848/790 1227/847/790
f 1197/817/791 1198/818/791 1229/849/791 1228/848/791
f 1198/818/792 1199/819/792 1230/850/792 1229/849/792
f 1199/819/793 1200/820/793 1231/851/793 1230/850/793
f 1200/820/794 1201/821/794 1232/852/794 1231/851/794
f 1201/821/795 1202/822/795 1233/853/795 1232/852/795
f 1202/822/796 1203/823/796 1234/854/796 1233/853/796
f 1203/823/797 1204/824/797 1235/855/797 1234/854/797
f 1204/824/798 1205/825/798 1236/856/798 1235/855/798
f 1205/825/799 1206/826/799 1237/857/799 1236/856/799
f 1206/826/800 1207/827/800 1238/858/800 1237/857/800
f 1207/827/801 1208/828/801 1239/859/801 1238/858/801
f 1208/828/802 1209/829/802 1240/860/802 1239/859/802
f 1209/829/803 1210/830/803 1241/861/803 1240/860/803
f 1210/830/804 1211/831/804 1242/862/804 1241/861/804
f 1211/831/805 1212/832/805 1243/863/805 1242/862/805
f 1212/832/806 1213/833/806 1244/864/806 1243/863/806
f 1213/833/807 1214/834/807 1245/865/807 1244/864/807
f 1214/834/808 1215/835/808 1246/866/808 1245/865/808
f 1215/835/809 1216/836/809 1247/867/809 1246/866/809
f 1216/836/810 1217/837/810 1248/868/810 1247/867/810
f 1218/839/811 1219/838/811 1250/869/811 1249/870/811
f 1219/838/812 1220/840/812 1251/871/812 1250/869/812
f 1220/840/813 1221/841/813 1252/872/813 1251/871/813
f 1221/841/814 1222/842/814 1253/873/814 1252/872/814
f 1222/842/815 1223/843/815 1254/874/815 1253/873/815
f 1223/843/816 1224/844/816 1255/875/816 1254/874/816
f 1224/844/817 1225/845/817 1256/876/817 1255/875/817
f 1225/845/818 1226/846/818 1257/877/818 1256/876/818
f 1226/846/819 1227/847/819 1258/878/819 1257/877/819
f 1227/847/820 1228/848/820 1259/879/820 1258/878/820
f 1228/848/821 1229/849/821 1260/880/821 1259/879/821
f 1229/849/822 1230/850/822 1261/881/822 1260/880/822
f 1230/850/823 1231/851/823 1262/882/823 1261/881/823
f 1231/851/824 1232/852/824 1263/883/824 1262/882/824
f 1232/852/825 1233/853/825 1264/884/825 1263/883/825
f 1233/853/826 1234/854/826 1265/885/826 1264/884/826
f 1234/854/827 1235/855/827 1266/886/827 1265/885/827
f 1235/855/828 1236/856/828 1267/887/828 1266/886/828
f 1236/856/829 1237/857/829 1268/888/829 1267/887/829
f 1237/857/830 1238/858/830 1269/889/830 1268/888/830
f 1238/858/831 1239/859/831 1270/890/831 1269/889/831
f 1239/859/832 1240/860/832 1271/891/832 1270/890/832
f 1240/860/833 1241/861/833 1272/892/833 1271/891/833
f 1241/861/834 1242/862/834 1273/893/834 1272/892/834
f 1242/862/835 1243/863/835 1274/894/835 1273/893/835
f 1243/863/836 1244/864/836 1275/895/836 1274/894/836
f 1244/864/837 1245/865/837 1276/896/837 1275/895/837
f 1245/865/838 1246/866/838 1277/897/838 1276/896/838
f 1246/866/839 1247/867/839 1278/898/839 1277/897/839
f 1247/867/840 1248/868/840 1279/899/840 1278/898/840
f 1249/870/841 1250/869/841 1281/900/841 1280/901/841
f 1250/869/842 1251/871/842 1282/902/842 1281/900/842
f 1251/871/843 1252/872/843 1283/903/843 1282/902/843
f 1252/872/844 1253/873/844 1284/904/844 1283/903/844
f 1253/873/845 1254/874/845 1285/905/845 1284/904/845
f 1254/874/846 1255/875/846 1286/906/846 1285/905/846
f 1255/875/847 1256/876/847 1287/907/847 1286/906/847
f 1256/876/848 1257/877/848 1288/908/848 1287/907/848
f 1257/877/849 1258/878/849 1289/909/849 1288/908/849
f 1258/878/850 1259/879/850 1290/910/850 1289/909/850
f 1259/879/851 1260/880/851 1291/911/851 1290/910/851
f 1260/880/852 1261/881/852 1292/912/852 1291/911/852
f 1261/881/853 1262/882/853 1293/913/853 1292/912/853
f 1262/882/854 1263/883/854 1294/914/854 1293/913/854
f 1263/883/855 1264/884/855 1295/915/855 1294/914/855
f 1264/884/856 1265/885/856 1296/916/856 1295/915/856
f 1265/885/857 1266/886/857 1297/917/857 1296/916/857
f 1266/886/858 1267/887/858 1298/918/858 1297/917/858
f 1267/887/859 1268/888/859 1299/919/859 1298/918/859
f 1268/888/860 1269/889/860 1300/920/860 1299/919/860
f 1269/889/861 1270/890/861 1301/921/861 1300/920/861
f 1270/890/862 1271/891/862 1302/922/862 1301/921/862
f 1271/891/863 1272/892/863 1303/923/863 1302/922/863
f 1272/892/864 1273/893/864 1304/924/864 1303/923/864
f 1273/893/865 1274/894/865 1305/925/865 1304/924/865
f 1274/894/866 1275/895/866 1306/926/866 1305/925/866
f 1275/895/867 1276/896/867 1307/927/867 1306/926/867
f 1276/896/868 1277/897/868 1308/928/868 1307/927/868
f 1277/897/869 1278/898/869 1309/929/869 1308/928/869
f 1278/898/870 1279/899/870 1310/930/870 1309/929/870
f 1280/901/871 1281/900/871 1312/931/871 1311/932/871
f 1281/900/872 1282/902/872 1313/933/872 1312/931/872
f 1282/902/873 1283/903/873 1314/934/873 1313/933/873
f 1283/903/874 1284/904/874 1315/935/874 1314/934/874
f 1284/904/875 1285/905/875 1316/936/875 1315/935/875
f 1285/905/876 1286/906/876 1317/937/876 1316/936/876
f 1286/906/877 1287/907/877 1318/938/877 1317/937/877
f 1287/907/878 1288/908/878 1319/939/878 1318/938/878
f 1288/908/879 1289/909/879 1320/940/879 1319/939/879
f 1289/909/880 1290/910/880 1321/941/880 1320/940/880
f 1290/910/881 1291/911/881 1322/942/881 1321/941/881
f 1291/911/882 1292/912/882 1323/943/882 1322/942/882
f 1292/912/883 1293/913/883 1324/944/883 1323/943/883
f 1293/913/884 1294/914/884 1325/945/884 1324/944/884
f 1294/914/885 1295/915/885 1326/946/885 1325/945/885
f 1295/915/886 1296/916/886 1327/947/886 1326/946/886
f 1296/916/887 1297/917/887 1328/948/887 1327/947/887
f 1297/917/888 1298/918/888 1329/949/888 1328/948/888
f 1298/918/889 1299/919/889 1330/950/889 1329/949/889
f 1299/919/890 1300/920/890 1331/951/890 1330/950/890
f 1300/920/891 1301/921/891 1332/952/891 1331/951/891
f 1301/921/892 1302/922/892 1333/953/892 1332/952/892
f 1302/922/893 1303/923/893 1334/954/893 1333/953/893
f 1303/923/894 1304/924/894 1335/955/894 1334/954/894
f 1304/924/895 1305/925/895 1336/956/895 1335/955/895
f 1305/925/896 1306/926/896 1337/957/896 1336/956/896
f 1306/926/897 1307/927/897 1338/958/897 1337/957/897
f 1307/927/898 1308/928/898 1339/959/898 1338/958/898
f 1308/928/899 1309/929/899 1340/960/899 1339/959/899
f 1309/929/900 1310/930/900 1341/961/900 1340/960/900
f 1/962/901 349/963/901 381/1/901 226/964/901
f 349/963/902 348/965/902 382/2/902 381/1/902
f 348/965/903 347/966/903 383/5/903 382/2/903
f 347/966/904 346/967/904 384/7/904 383/5/904
f 346/967/905 345/968/905 385/9/905 384/7/905
f 345/968/906 344/969/906 386/11/906 385/9/906
f 344/969/907 343/970/907 387/13/907 386/11/907
f 343/970/908 342/971/908 388/15/908 387/13/908
f 342/971/909 341/972/909 389/17/909 388/15/909
f 341/972/910 340/973/910 390/19/910 389/17/910
f 340/973/911 339/974/911 391/21/911 390/19/911
f 339/974/912 338/975/912 392/23/912 391/21/912
f 338/975/913 337/976/913 393/25/913 392/23/913
f 337/976/914 336/977/914 394/27/914 393/25/914
f 336/977/915 335/978/915 395/29/915 394/27/915
f 335/978/916 334/979/916 396/31/916 395/29/916
f 334/979/917 333/980/917 397/33/917 396/31/917
f 333/980/918 332/981/918 398/35/918 397/33/918
f 332/981/919 331/982/919 399/37/919 398/35/919
f 331/982/920 330/983/920 400/39/920 399/37/920
f 330/983/921 329/984/921 401/41/921 400/39/921
f 329/984/922 328/985/922 402/43/922 401/41/922
f 328/985/923 327/986/923 403/45/923 402/43/923
f 327/986/924 326/987/924 404/47/924 403/45/924
f 326/987/925 325/988/925 405/49/925 404/47/925
f 325/988/926 324/989/926 406/51/926 405/49/926
f 324/989/927 323/990/927 407/53/927 406/51/927
f 323/990/928 322/991/928 408/55/928 407/53/928
f 322/991/929 321/992/929 409/57/929 408/55/929
f 321/992/930 320/993/930 410/59/930 409/57/930
f 320/993/931 319/994/931 411/61/931 410/59/931
f 319/994/932 5/995/932 318/996/932 411/61/932
f 411/61/933 318/996/933 317/997/933 442/62/933
f 442/62/934 317/997/934 316/998/934 473/93/934
f 473/93/935 316/998/935 315/999/935 504/124/935
f 504/124/936 315/999/936 314/1000/936 535/155/936
f 535/155/937 314/1000/937 313/1001/937 566/186/937
f 566/186/938 313/1001/938 312/1002/938 597/217/938
f 597/217/939 312/1002/939 311/1003/939 628/248/939
f 628/248/940 311/1003/940 310/1004/940 659/279/940
f 659/279/941 310/1004/941 309/1005/941 690/310/941
f 690/310/942 309/1005/942 308/1006/942 721/341/942
f 721/341/943 308/1006/943 307/1007/943 752/372/943
f 752/372/944 307/1007/944 306/1008/944 783/403/944
f 783/403/945 306/1008/945 305/1009/945 814/434/945
f 814/434/946 305/1009/946 304/1010/946 845/465/946
f 845/465/947 304/1010/947 303/1011/947 876/496/947
f 876/496/948 303/1011/948 302/1012/948 907/527/948
f 907/527/949 302/1012/949 301/1013/949 938/558/949
f 938/558/950 301/1013/950 300/1014/950 969/589/950
f 969/589/951 300/1014/951 299/1015/951 1000/620/951
f 1000/620/952 299/1015/952 298/1016/952 1031/651/952
f 1031/651/953 298/1016/953 297/1017/953 1062/682/953
f 1062/682/954 297/1017/954 296/1018/954 1093/713/954
f 1093/713/955 296/1018/955 295/1019/955 1124/744/955
f 1124/744/956 295/1019/956 294/1020/956 1155/775/956
f 1155/775/957 294/1020/957 293/1021/957 1186/806/957
f 1186/806/958 293/1021/958 292/1022/958 1217/837/958
f 1217/837/959 292/1022/959 291/1023/959 1248/868/959
f 1248/868/960 291/1023/960 290/1024/960 1279/899/960
f 1279/899/961 290/1024/961 289/1025/961 1310/930/961
f 1310/930/962 289/1025/962 288/1026/962 1341/961/962
f 1341/961/963 288/1026/963 7/1027/963 225/1028/963
f 1340/960/964 1341/961/964 225/1028/964 224/1029/964
f 1339/959/965 1340/960/965 224/1029/965 223/1030/965
f 1338/958/966 1339/959/966 223/1030/966 222/1031/966
f 1337/957/967 1338/958/967 222/1031/967 221/1032/967
f 1336/956/968 1337/957/968 221/1032/968 220/1033/968
f 1335/955/969 1336/956/969 220/1033/969 219/1034/969
f 1334/954/970 1335/955/970 219/1034/970 218/1035/970
f 1333/953/971 1334/954/971 218/1035/971 217/1036/971
f 1332/952/972 1333/953/972 217/1036/972 216/1037/972
f 1331/951/973 1332/952/973 216/1037/973 215/1038/973
f 1330/950/974 1331/951/974 215/1038/974 214/1039/974
f 1329/949/975 1330/950/975 214/1039/975 213/1040/975
f 1328/948/976 1329/949/976 213/1040/976 212/1041/976
f 1327/947/977 1328/948/977 212/1041/977 211/1042/977
f 1326/946/978 1327/947/978 211/1042/978 210/1043/978
f 1325/945/979 1326/946/979 210/1043/979 209/1044/979
f 1324/944/980 1325/945/980 209/1044/980 208/1045/980
f 1323/943/981 1324/944/981 208/1045/981 207/1046/981
f 1322/942/982 1323/943/982 207/1046/982 206/1047/982
f 1321/941/983 1322/942/983 206/1047/983 205/1048/983
f 1320/940/984 1321/941/984 205/1048/984 204/1049/984
f 1319/939/985 1320/940/985 204/1049/985 203/1050/985
f 1318/938/986 1319/939/986 203/1050/986 202/1051/986
f 1317/937/987 1318/938/987 202/1051/987 201/1052/987
f 1316/936/988 1317/937/988 201/1052/988 200/1053/988
f 1315/935/989 1316/936/989 200/1053/989 199/1054/989
f 1314/934/990 1315/935/990 199/1054/990 198/1055/990
f 1313/933/991 1314/934/991 198/1055/991 197/1056/991
f 1312/931/992 1313/933/992 197/1056/992 196/1057/992
f 1311/932/993 1312/931/993 196/1057/993 195/1058/993
f 256/1059/994 1311/932/994 195/1058/994 3/1060/994
f 255/1061/995 1280/901/995 1311/932/995 256/1059/995
f 254/1062/996 1249/870/996 1280/901/996 255/1061/996
f 253/1063/997 1218/839/997 1249/870/997 254/1062/997
f 252/1064/998 1187/808/998 1218/839/998 253/1063/998
f 251/1065/999 1156/777/999 1187/808/999 252/1064/999
f 250/1066/1000 1125/746/1000 1156/777/1000 251/1065/1000
f 249/1067/1001 1094/715/1001 1125/746/1001 250/1066/1001
f 248/1068/1002 1063/684/1002 1094/715/1002 249/1067/1002
f 247/1069/1003 1032/653/1003 1063/684/1003 248/1068/1003
f 246/1070/1004 1001/622/1004 1032/653/1004 247/1069/1004
f 245/1071/1005 970/591/1005 1001/622/1005 246/1070/1005
f 244/1072/1006 939/560/1006 970/591/1006 245/1071/1006
f 243/1073/1007 908/529/1007 939/560/1007 244/1072/1007
f 242/1074/1008 877/498/1008 908/529/1008 243/1073/1008
f 241/1075/1009 846/467/1009 877/498/1009 242/1074/1009
f 240/1076/1010 815/436/1010 846/467/1010 241/1075/1010
f 239/1077/1011 784/405/1011 815/436/1011 240/1076/1011
f 238/1078/1012 753/374/1012 784/405/1012 239/1077/1012
f 237/1079/1013 722/343/1013 753/374/1013 238/1078/1013
f 236/1080/1014 691/312/1014 722/343/1014 237/1079/1014
f 235/1081/1015 660/281/1015 691/312/1015 236/1080/1015
f 234/1082/1016 629/250/1016 660/281/1016 235/1081/1016
f 233/1083/1017 598/219/1017 629/250/1017 234/1082/1017
f 232/1084/1018 567/188/1018 598/219/1018 233/1083/1018
f 231/1085/1019 536/157/1019 567/188/1019 232/1084/1019
f 230/1086/1020 505/126/1020 536/157/1020 231/1085/1020
f 229/1087/1021 474/95/1021 505/126/1021 230/1086/1021
f 228/1088/1022 443/64/1022 474/95/1022 229/1087/1022
f 227/1089/1023 412/4/1023 443/64/1023 228/1088/1023
f 226/964/1024 381/1/1024 412/4/1024 227/1089/1024
f 1342/1090/1025 1343/1091/1025 1374/1092/1025 1373/1093/1025
f 1343/1091/1026 1344/1094/1026 1375/1095/1026 1374/1092/1026
f 1344/1094/1027 1345/1096/1027 1376/1097/1027 1375/1095/1027
f 1345/1096/1028 1346/1098/1028 1377/1099/1028 1376/1097/1028
f 1346/1098/1029 1347/1100/1029 1378/1101/1029 1377/1099/1029
f 1347/1100/1030 1348/1102/1030 1379/1103/1030 1378/1101/1030
f 1348/1102/1031 1349/1104/1031 1380/1105/1031 1379/1103/1031
f 1349/1104/1032 1350/1106/1032 1381/1107/1032 1380/1105/1032
f 1350/1106/1033 1351/1108/1033 1382/1109/1033 1381/1107/1033
f 1351/1108/1034 1352/1110/1034 1383/1111/1034 1382/1109/1034
f 1352/1110/1035 1353/1112/1035 1384/1113/1035 1383/1111/1035
f 1353/1112/1036 1354/1114/1036 1385/1115/1036 1384/1113/1036
f 1354/1114/1037 1355/1116/1037 1386/1117/1037 1385/1115/1037
f 1355/1116/1038 1356/1118/1038 1387/1119/1038 1386/1117/1038
f 1356/1118/1039 1357/1120/1039 1388/1121/1039 1387/1119/1039
f 1357/1120/1040 1358/1122/1040 1389/1123/1040 1388/1121/1040
f 1358/1122/1041 1359/1124/1041 1390/1125/1041 1389/1123/1041
f 1359/1124/1042 1360/1126/1042 1391/1127/1042 1390/1125/1042
f 1360/1126/1043 1361/1128/1043 1392/1129/1043 1391/1127/1043
f 1361/1128/1044 1362/1130/1044 1393/1131/1044 1392/1129/1044
f 1362/1130/1045 1363/1132/1045 1394/1133/1045 1393/1131/1045
f 1363/1132/1046 1364/1134/1046 1395/1135/1046 1394/1133/1046
f 1364/1134/1047 1365/1136/1047 1396/1137/1047 1395/1135/1047
f 1365/1136/1048 1366/1138/1048 1397/1139/1048 1396/1137/1048
f 1366/1138/1049 1367/1140/1049 1398/1141/1049 1397/1139/1049
f 1367/1140/1050 1368/1142/1050 1399/1143/1050 1398/1141/1050
f 1368/1142/1051 1369/1144/1051 1400/1145/1051 1399/1143/1051
f 1369/1144/1052 1370/1146/1052 1401/1147/1052 1400/1145/1052
f 1370/1146/1053 1371/1148/1053 1402/1149/1053 1401/1147/1053
f 1371/1148/1054 1372/1150/1054 1403/1151/1054 1402/1149/1054
f 1373/1093/1055 1374/1092/1055 1405/1152/1055 1404/1153/1055
f 1374/1092/1056 1375/1095/1056 1406/1154/1056 1405/1152/1056
f 1375/1095/1057 1376/1097/1057 1407/1155/1057 1406/1154/1057
f 1376/1097/1058 1377/1099/1058 1408/1156/1058 1407/1155/1058
f 1377/1099/1059 1378/1101/1059 1409/1157/1059 1408/1156/1059
f 1378/1101/1060 1379/1103/1060 1410/1158/1060 1409/1157/1060
f 1379/1103/1061 1380/1105/1061 1411/1159/1061 1410/1158/1061
f 1380/1105/1062 1381/1107/1062 1412/1160/1062 1411/1159/1062
f 1381/1107/1063 1382/1109/1063 1413/1161/1063 1412/1160/1063
f 1382/1109/1064 1383/1111/1064 1414/1162/1064 1413/1161/1064
f 1383/1111/1065 1384/1113/1065 1415/1163/1065 1414/1162/1065
f 1384/1113/1066 1385/1115/1066 1416/1164/1066 1415/1163/1066
f 1385/1115/1067 1386/1117/1067 1417/1165/1067 1416/1164/1067
f 1386/1117/1068 1387/1119/1068 1418/1166/1068 1417/1165/1068
f 1387/1119/1069 1388/1121/1069 1419/1167/1069 1418/1166/1069
f 1388/1121/1070 1389/1123/1070 1420/1168/1070 1419/1167/1070
f 1389/1123/1071 1390/1125/1071 1421/1169/1071 1420/1168/1071
f 1390/1125/1072 1391/1127/1072 1422/1170/1072 1421/1169/1072
f 1391/1127/1073 1392/1129/1073 1423/1171/1073 1422/1170/1073
f 1392/1129/1074 1393/1131/1074 1424/1172/1074 1423/1171/1074
f 1393/1131/1075 1394/1133/1075 1425/1173/1075 1424/1172/1075
f 1394/1133/1076 1395/1135/1076 1426/1174/1076 1425/1173/1076
f 1395/1135/1077 1396/1137/1077 1427/1175/1077 1426/1174/1077
f 1396/1137/1078 1397/1139/1078 1428/1176/1078 1427/1175/1078
f 1397/1139/1079 1398/1141/1079 1429/1177/1079 1428/1176/1079
f 1398/1141/1080 1399/1143/1080 1430/1178/1080 1429/1177/1080
f 1399/1143/1081 1400/1145/1081 1431/1179/1081 1430/1178/1081
f 1400/1145/1082 1401/1147/1082 1432/1180/1082 1431/1179/1082
f 1401/1147/1083 1402/1149/1083 1433/1181/1083 1432/1180/1083
f 1402/1149/1084 1403/1151/1084 1434/1182/1084 1433/1181/1084
f 1404/1153/1085 1405/1152/1085 1436/1183/1085 1435/1184/1085
f 1405/1152/1086 1406/1154/1086 1437/1185/1086 1436/1183/1086
f 1406/1154/1087 1407/1155/1087 1438/1186/1087 1437/1185/1087
f 1407/1155/1088 1408/1156/1088 1439/1187/1088 1438/1186/1088
f 1408/1156/1089 1409/1157/1089 1440/1188/1089 1439/1187/1089
f 1409/1157/1090 1410/1158/1090 1441/1189/1090 1440/1188/1090
f 1410/1158/1091 1411/1159/1091 1442/1190/1091 1441/1189/1091
f 1411/1159/1092 1412/1160/1092 1443/1191/1092 1442/1190/1092
f 1412/1160/1093 1413/1161/1093 1444/1192/1093 1443/1191/1093
f 1413/1161/1094 1414/1162/1094 1445/1193/1094 1444/1192/1094
f 1414/1162/1095 1415/1163/1095 1446/1194/1095 1445/1193/1095
f 1415/1163/1096 1416/1164/1096 1447/1195/1096 1446/1194/1096
f 1416/1164/1097 1417/1165/1097 1448/1196/1097 1447/1195/1097
f 1417/1165/1098 1418/1166/1098 1449/1197/1098 1448/1196/1098
f 1418/1166/1099 1419/1167/1099 1450/1198/1099 1449/1197/1099
f 1419/1167/1100 1420/1168/1100 1451/1199/1100 1450/1198/1100
f 1420/1168/1101 1421/1169/1101 1452/1200/1101 1451/1199/1101
f 1421/1169/1102 1422/1170/1102 1453/1201/1102 1452/1200/1102
f 1422/1170/1103 1423/1171/1103 1454/1202/1103 1453/1201/1103
f 1423/1171/1104 1424/1172/1104 1455/1203/1104 1454/1202/1104
f 1424/1172/1105 1425/1173/1105 1456/1204/1105 1455/1203/1105
f 1425/1173/1106 1426/1174/1106 1457/1205/1106 1456/1204/1106
f 1426/1174/1107 1427/1175/1107 1458/1206/1107 1457/1205/1107
f 1427/1175/1108 1428/1176/1108 1459/1207/1108 1458/1206/1108
f 1428/1176/1109 1429/1177/1109 1460/1208/1109 1459/1207/1109
f 1429/1177/1110 1430/1178/1110 1461/1209/1110 1460/1208/1110
f 1430/1178/1111 1431/1179/1111 1462/1210/1111 1461/1209/1111
f 1431/1179/1112 1432/1180/1112 1463/1211/1112 1462/1210/1112
f 1432/1180/1113 1433/1181/1113 1464/1212/1113 1463/1211/1113
f 1433/1181/1114 1434/1182/1114 1465/1213/1114 1464/1212/1114
f 1435/1184/1115 1436/1183/1115 1467/1214/1115 1466/1215/1115
f 1436/1183/1116 1437/1185/1116 1468/1216/1116 1467/1214/1116
f 1437/1185/1117 1438/1186/1117 1469/1217/1117 1468/1216/1117
f 1438/1186/1118 1439/1187/1118 1470/1218/1118 1469/1217/1118
f 1439/1187/1119 1440/1188/1119 1471/1219/1119 1470/1218/1119
f 1440/1188/1120 1441/1189/1120 1472/1220/1120 1471/1219/1120
f 1441/1189/1121 1442/1190/1121 1473/1221/1121 1472/1220/1121
f 1442/1190/1122 1443/1191/1122 1474/1222/1122 1473/1221/1122
f 1443/1191/1123 1444/1192/1123 1475/1223/1123 1474/1222/1123
f 1444/1192/1124 1445/1193/1124 1476/1224/1124 1475/1223/1124
f 1445/1193/1125 1446/1194/1125 1477/1225/1125 1476/1224/1125
f 1446/1194/1126 1447/1195/1126 1478/1226/1126 1477/1225/1126
f 1447/1195/1127 1448/1196/1127 1479/1227/1127 1478/1226/1127
f 1448/1196/1128 1449/1197/1128 1480/1228/1128 1479/1227/1128
f 1449/1197/1129 1450/1198/1129 1481/1229/1129 1480/1228/1129
f 1450/1198/1130 1451/1199/1130 1482/1230/1130 1481/1229/1130
f 1451/1199/1131 1452/1200/1131 1483/1231/1131 1482/1230/1131
f 1452/1200/1132 1453/1201/1132 1484/1232/1132 1483/1231/1132
f 1453/1201/1133 1454/1202/1133 1485/1233/1133 1484/1232/1133
f 1454/1202/1134 1455/1203/1134 1486/1234/1134 1485/1233/1134
f 1455/1203/1135 1456/1204/1135 1487/1235/1135 1486/1234/1135
f 1456/1204/1136 1457/1205/1136 1488/1236/1136 1487/1235/1136
f 1457/1205/1137 1458/1206/1137 1489/1237/1137 1488/1236/1137
f 1458/1206/1138 1459/1207/1138 1490/1238/1138 1489/1237/1138
f 1459/1207/1139 1460/1208/1139 1491/1239/1139 1490/1238/1139
f 1460/1208/1140 1461/1209/1140 1492/1240/1140 1491/1239/1140
f 1461/1209/1141 1462/1210/1141 1493/1241/1141 1492/1240/1141
f 1462/1210/1142 1463/1211/1142 1494/1242/1142 1493/1241/1142
f 1463/1211/1143 1464/1212/1143 1495/1243/1143 1494/1242/1143
f 1464/1212/1144 1465/1213/1144 1496/1244/1144 1495/1243/1144
f 1466/1215/1145 1467/1214/1145 1498/1245/1145 1497/1246/1145
f 1467/1214/1146 1468/1216/1146 1499/1247/1146 1498/1245/1146
f 1468/1216/1147 1469/1217/1147 1500/1248/1147 1499/1247/1147
f 1469/1217/1148 1470/1218/1148 1501/1249/1148 1500/1248/1148
f 1470/1218/1149 1471/1219/1149 1502/1250/1149 1501/1249/1149
f 1471/1219/1150 1472/1220/1150 1503/1251/1150 1502/1250/1150
f 1472/1220/1151 1473/1221/1151 1504/1252/1151 1503/1251/1151
f 1473/1221/1152 1474/1222/1152 1505/1253/1152 1504/1252/1152
f 1474/1222/1153 1475/1223/1153 1506/1254/1153 1505/1253/1153
f 1475/1223/1154 1476/1224/1154 1507/1255/1154 1506/1254/1154
f 1476/1224/1155 1477/1225/1155 1508/1256/1155 1507/1255/1155
f 1477/1225/1156 1478/1226/1156 1509/1257/1156 1508/1256/1156
f 1478/1226/1157 1479/1227/1157 1510/1258/1157 1509/1257/1157
f 1479/1227/1158 1480/1228/1158 1511/1259/1158 1510/1258/1158
f 1480/1228/1159 1481/1229/1159 1512/1260/1159 1511/1259/1159
f 1481/1229/1160 1482/1230/1160 1513/1261/1160 1512/1260/1160
f 1482/1230/1161 1483/1231/1161 1514/1262/1161 1513/1261/1161
f 1483/1231/1162 1484/1232/1162 1515/1263/1162 1514/1262/1162
f 1484/1232/1163 1485/1233/1163 1516/1264/1163 1515/1263/1163
f 1485/1233/1164 1486/1234/1164 1517/1265/1164 1516/1264/1164
f 1486/1234/1165 1487/1235/1165 1518/1266/1165 1517/1265/1165
f 1487/1235/1166 1488/1236/1166 1519/1267/1166 1518/1266/1166
f 1488/1236/1167 1489/1237/1167 1520/1268/1167 1519/1267/1167
f 1489/1237/1168 1490/1238/1168 1521/1269/1168 1520/1268/1168
f 1490/1238/1169 1491/1239/1169 1522/1270/1169 1521/1269/1169
f 1491/1239/1170 1492/1240/1170 1523/1271/1170 1522/1270/1170
f 1492/1240/1171 1493/1241/1171 1524/1272/1171 1523/1271/1171
f 1493/1241/1172 1494/1242/1172 1525/1273/1172 1524/1272/1172
f 1494/1242/1173 1495/1243/1173 1526/1274/1173 1525/1273/1173
f 1495/1243/1174 1496/1244/1174 1527/1275/1174 1526/1274/1174
f 1497/1246/1175 1498/1245/1175 1529/1276/1175 1528/1277/1175
f 1498/1245/1176 1499/1247/1176 1530/1278/1176 1529/1276/1176
f 1499/1247/1177 1500/1248/1177 1531/1279/1177 1530/1278/1177
f 1500/1248/1178 1501/1249/1178 1532/1280/1178 1531/1279/1178
f 1501/1249/1179 1502/1250/1179 1533/1281/1179 1532/1280/1179
f 1502/1250/1180 1503/1251/1180 1534/1282/1180 1533/1281/1180
f 1503/1251/1181 1504/1252/1181 1535/1283/1181 1534/1282/1181
f 1504/1252/1182 1505/1253/1182 1536/1284/1182 1535/1283/1182
f 1505/1253/1183 1506/1254/1183 1537/1285/1183 1536/1284/1183
f 1506/1254/1184 1507/1255/1184 1538/1286/1184 1537/1285/1184
f 1507/1255/1185 1508/1256/1185 1539/1287/1185 1538/1286/1185
f 1508/1256/1186 1509/1257/1186 1540/1288/1186 1539/1287/1186
f 1509/1257/1187 1510/1258/1187 1541/1289/1187 1540/1288/1187
f 1510/1258/1188 1511/1259/1188 1542/1290/1188 1541/1289/1188
f 1511/1259/1189 1512/1260/1189 1543/1291/1189 1542/1290/1189
f 1512/1260/1190 1513/1261/1190 1544/1292/1190 1543/1291/1190
f 1513/1261/1191 1514/1262/1191 1545/1293/1191 1544/1292/1191
f 1514/1262/1192 1515/1263/1192 1546/1294/1192 1545/1293/1192
f 1515/1263/1193 1516/1264/1193 1547/1295/1193 1546/1294/1193
f 1516/1264/1194 1517/1265/1194 1548/1296/1194 1547/1295/1194
f 1517/1265/1195 1518/1266/1195 1549/1297/1195 1548/1296/1195
f 1518/1266/1196 1519/1267/1196 1550/1298/1196 1549/1297/1196
f 1519/1267/1197 1520/1268/1197 1551/1299/1197 1550/1298/1197
f 1520/1268/1198 1521/1269/1198 1552/1300/1198 1551/1299/1198
f 1521/1269/1199 1522/1270/1199 1553/1301/1199 1552/1300/1199
f 1522/1270/1200 1523/1271/1200 1554/1302/1200 1553/1301/1200
f 1523/1271/1201 1524/1272/1201 1555/1303/1201 1554/1302/1201
f 1524/1272/1202 1525/1273/1202 1556/1304/1202 1555/1303/1202
f 1525/1273/1203 1526/1274/1203 1557/1305/1203 1556/1304/1203
f 1526/1274/1204 1527/1275/1204 1558/1306/1204 1557/1305/1204
f 1528/1277/1205 1529/1276/1205 1560/1307/1205 1559/1308/1205
f 1529/1276/1206 1530/1278/1206 1561/1309/1206 1560/1307/1206
f 1530/1278/1207 1531/1279/1207 1562/1310/1207 1561/1309/1207
f 1531/1279/1208 1532/1280/1208 1563/1311/1208 1562/1310/1208
f 1532/1280/1209 1533/1281/1209 1564/1312/1209 1563/1311/1209
f 1533/1281/1210 1534/1282/1210 1565/1313/1210 1564/1312/1210
f 1534/1282/1211 1535/1283/1211 1566/1314/1211 1565/1313/1211
f 1535/1283/1212 1536/1284/1212 1567/1315/1212 1566/1314/1212
f 1536/1284/1213 1537/1285/1213 1568/1316/1213 1567/1315/1213
f 1537/1285/1214 1538/1286/1214 1569/1317/1214 1568/1316/1214
f 1538/1286/1215 1539/1287/1215 1570/1318/1215 1569/1317/1215
f 1539/1287/1216 1540/1288/1216 1571/1319/1216 1570/1318/1216
f 1540/1288/1217 1541/1289/1217 1572/1320/1217 1571/1319/1217
f 1541/1289/1218 1542/1290/1218 1573/1321/1218 1572/1320/1218
f 1542/1290/1219 1543/1291/1219 1574/1322/1219 1573/1321/1219
f 1543/1291/1220 1544/1292/1220 1575/1323/1220 1574/1322/1220
f 1544/1292/1221 1545/1293/1221 1576/1324/1221 1575/1323/1221
f 1545/1293/1222 1546/1294/1222 1577/1325/1222 1576/1324/1222
f 1546/1294/1223 1547/1295/1223 1578/1326/1223 1577/1325/1223
f 1547/1295/1224 1548/1296/1224 1579/1327/1224 1578/1326/1224
f 1548/1296/1225 1549/1297/1225 1580/1328/1225 1579/1327/1225
f 1549/1297/1226 1550/1298/1226 1581/1329/1226 1580/1328/1226
f 1550/1298/1227 1551/1299/1227 1582/1330/1227 1581/1329/1227
f 1551/1299/1228 1552/1300/1228 1583/1331/1228 1582/1330/1228
f 1552/1300/1229 1553/1301/1229 1584/1332/1229 1583/1331/1229
f 1553/1301/1230 1554/1302/1230 1585/1333/1230 1584/1332/1230
f 1554/1302/1231 1555/1303/1231 1586/1334/1231 1585/1333/1231
f 1555/1303/1232 1556/1304/1232 1587/1335/1232 1586/1334/1232
f 1556/1304/1233 1557/1305/1233 1588/1336/1233 1587/1335/1233
f 1557/1305/1234 1558/1306/1234 1589/1337/1234 1588/1336/1234
f 1559/1308/1235 1560/1307/1235 1591/1338/1235 1590/1339/1235
f 1560/1307/1236 1561/1309/1236 1592/1340/1236 1591/1338/1236
f 1561/1309/1237 1562/1310/1237 1593/1341/1237 1592/1340/1237
f 1562/1310/1238 1563/1311/1238 1594/1342/1238 1593/1341/1238
f 1563/1311/1239 1564/1312/1239 1595/1343/1239 1594/1342/1239
f 1564/1312/1240 1565/1313/1240 1596/1344/1240 1595/1343/1240
f 1565/1313/1241 1566/1314/1241 1597/1345/1241 1596/1344/1241
f 1566/1314/1242 1567/1315/1242 1598/1346/1242 1597/1345/1242
f 1567/1315/1243 1568/1316/1243 1599/1347/1243 1598/1346/1243
f 1568/1316/1244 1569/1317/1244 1600/1348/1244 1599/1347/1244
f 1569/1317/1245 1570/1318/1245 1601/1349/1245 1600/1348/1245
f 1570/1318/1246 1571/1319/1246 1602/1350/1246 1601/1349/1246
f 1571/1319/1247 1572/1320/1247 1603/1351/1247 1602/1350/1247
f 1572/1320/1248 1573/1321/1248 1604/1352/1248 1603/1351/1248
f 1573/1321/1249 1574/1322/1249 1605/1353/1249 1604/1352/1249
f 1574/1322/1250 1575/1323/1250 1606/1354/1250 1605/1353/1250
f 1575/1323/1251 1576/1324/1251 1607/1355/1251 1606/1354/1251
f 1576/1324/1252 1577/1325/1252 1608/1356/1252 1607/1355/1252
f 1577/1325/1253 1578/1326/1253 1609/1357/1253 1608/1356/1253
f 1578/1326/1254 1579/1327/1254 1610/1358/1254 1609/1357/1254
f 1579/1327/1255 1580/1328/1255 1611/1359/1255 1610/1358/1255
f 1580/1328/1256 1581/1329/1256 1612/1360/1256 1611/1359/1256
f 1581/1329/1257 1582/1330/1257 1613/1361/1257 1612/1360/1257
f 1582/1330/1258 1583/1331/1258 1614/1362/1258 1613/1361/1258
f 1583/1331/1259 1584/1332/1259 1615/1363/1259 1614/1362/1259
f 1584/1332/1260 1585/1333/1260 1616/1364/1260 1615/1363/1260
f 1585/1333/1261 1586/1334/1261 1617/1365/1261 1616/1364/1261
f 1586/1334/1262 1587/1335/1262 1618/1366/1262 1617/1365/1262
f 1587/1335/1263 1588/1336/1263 1619/1367/1263 1618/1366/1263
f 1588/1336/1264 1589/1337/1264 1620/1368/1264 1619/1367/1264
f 1590/1339/1265 1591/1338/1265 1622/1369/1265 1621/1370/1265
f 1591/1338/1266 1592/1340/1266 1623/1371/1266 1622/1369/1266
f 1592/1340/1267 1593/1341/1267 1624/1372/1267 1623/1371/1267
f 1593/1341/1268 1594/1342/1268 1625/1373/1268 1624/1372/1268
f 1594/1342/1269 1595/1343/1269 1626/1374/1269 1625/1373/1269
f 1595/1343/1270 1596/1344/1270 1627/1375/1270 1626/1374/1270
f 1596/1344/1271 1597/1345/1271 1628/1376/1271 1627/1375/1271
f 1597/1345/1272 1598/1346/1272 1629/1377/1272 1628/1376/1272
f 1598/1346/1273 1599/1347/1273 1630/1378/1273 1629/1377/1273
f 1599/1347/1274 1600/1348/1274 1631/1379/1274 1630/1378/1274
f 1600/1348/1275 1601/1349/1275 1632/1380/1275 1631/1379/1275
f 1601/1349/1276 1602/1350/1276 1633/1381/1276 1632/1380/1276
f 1602/1350/1277 1603/1351/1277 1634/1382/1277 1633/1381/1277
f 1603/1351/1278 1604/1352/1278 1635/1383/1278 1634/1382/1278
f 1604/1352/1279 1605/1353/1279 1636/1384/1279 1635/1383/1279
f 1605/1353/1280 1606/1354/1280 1637/1385/1280 1636/1384/1280
f 1606/1354/1281 1607/1355/1281 1638/1386/1281 1637/1385/1281
f 1607/1355/1282 1608/1356/1282 1639/1387/1282 1638/1386/1282
f 1608/1356/1283 1609/1357/1283 1640/1388/1283 1639/1387/1283
f 1609/1357/1284 1610/1358/1284 1641/1389/1284 1640/1388/1284
f 1610/1358/1285 1611/1359/1285 1642/1390/1285 1641/1389/1285
f 1611/1359/1286 1612/1360/1286 1643/1391/1286 1642/1390/1286
f 1612/1360/1287 1613/1361/1287 1644/1392/1287 1643/1391/1287
f 1613/1361/1288 1614/1362/1288 1645/1393/1288 1644/1392/1288
f 1614/1362/1289 1615/1363/1289 1646/1394/1289 1645/1393/1289
f 1615/1363/1290 1616/1364/1290 1647/1395/1290 1646/1394/1290
f 1616/1364/1291 1617/1365/1291 1648/1396/1291 1647/1395/1291
f 1617/1365/1292 1618/1366/1292 1649/1397/1292 1648/1396/1292
f 1618/1366/1293 1619/1367/1293 1650/1398/1293 1649/1397/1293
f 1619/1367/1294 1620/1368/1294 1651/1399/1294 1650/1398/1294
f 1621/1370/1295 1622/1369/1295 1653/1400/1295 1652/1401/1295
f 1622/1369/1296 1623/1371/1296 1654/1402/1296 1653/1400/1296
f 1623/1371/1297 1624/1372/1297 1655/1403/1297 1654/1402/1297
f 1624/1372/1298 1625/1373/1298 1656/1404/1298 1655/1403/1298
f 1625/1373/1299 1626/1374/1299 1657/1405/1299 1656/1404/1299
f 1626/1374/1300 1627/1375/1300 1658/1406/1300 1657/1405/1300
f 1627/1375/1301 1628/1376/1301 1659/1407/1301 1658/1406/1301
f 1628/1376/1302 1629/1377/1302 1660/1408/1302 1659/1407/1302
f 1629/1377/1303 1630/1378/1303 1661/1409/1303 1660/1408/1303
f 1630/1378/1304 1631/1379/1304 1662/1410/1304 1661/1409/1304
f 1631/1379/1305 1632/1380/1305 1663/1411/1305 1662/1410/1305
f 1632/1380/1306 1633/1381/1306 1664/1412/1306 1663/1411/1306
f 1633/1381/1307 1634/1382/1307 1665/1413/1307 1664/1412/1307
f 1634/1382/1308 1635/1383/1308 1666/1414/1308 1665/1413/1308
f 1635/1383/1309 1636/1384/1309 1667/1415/1309 1666/1414/1309
f 1636/1384/1310 1637/1385/1310 1668/1416/1310 1667/1415/1310
f 1637/1385/1311 1638/1386/1311 1669/1417/1311 1668/1416/1311
f 1638/1386/1312 1639/1387/1312 1670/1418/1312 1669/1417/1312
f 1639/1387/1313 1640/1388/1313 1671/1419/1313 1670/1418/1313
f 1640/1388/1314 1641/1389/1314 1672/1420/1314 1671/1419/1314
f 1641/1389/1315 1642/1390/1315 1673/1421/1315 1672/1420/1315
f 1642/1390/1316 1643/1391/1316 1674/1422/1316 1673/1421/1316
f 1643/1391/1317 1644/1392/1317 1675/1423/1317 1674/1422/1317
f 1644/1392/1318 1645/1393/1318 1676/1424/1318 1675/1423/1318
f 1645/1393/1319 1646/1394/1319 1677/1425/1319 1676/1424/1319
f 1646/1394/1320 1647/1395/1320 1678/1426/1320 1677/1425/1320
f 1647/1395/1321 1648/1396/1321 1679/1427/1321 1678/1426/1321
f 1648/1396/1322 1649/1397/1322 1680/1428/1322 1679/1427/1322
f 1649/1397/1323 1650/1398/1323 1681/1429/1323 1680/1428/1323
f 1650/1398/1324 1651/1399/1324 1682/1430/1324 1681/1429/1324
f 1652/1401/1325 1653/1400/1325 1684/1431/1325 1683/1432/1325
f 1653/1400/1326 1654/1402/1326 1685/1433/1326 1684/1431/1326
f 1654/1402/1327 1655/1403/1327 1686/1434/1327 1685/1433/1327
f 1655/1403/1328 1656/1404/1328 1687/1435/1328 1686/1434/1328
f 1656/1404/1329 1657/1405/1329 1688/1436/1329 1687/1435/1329
f 1657/1405/1330 1658/1406/1330 1689/1437/1330 1688/1436/1330
f 1658/1406/1331 1659/1407/1331 1690/1438/1331 1689/1437/1331
f 1659/1407/1332 1660/1408/1332 1691/1439/1332 1690/1438/1332
f 1660/1408/1333 1661/1409/1333 1692/1440/1333 1691/1439/1333
f 1661/1409/1334 1662/1410/1334 1693/1441/1334 1692/1440/1334
f 1662/1410/1335 1663/1411/1335 1694/1442/1335 1693/1441/1335
f 1663/1411/1336 1664/1412/1336 1695/1443/1336 1694/1442/1336
f 1664/1412/1337 1665/1413/1337 1696/1444/1337 1695/1443/1337
f 1665/1413/1338 1666/1414/1338 1697/1445/1338 1696/1444/1338
f 1666/1414/1339 1667/1415/1339 1698/1446/1339 1697/1445/1339
f 1667/1415/1340 1668/1416/1340 1699/1447/1340 1698/1446/1340
f 1668/1416/1341 1669/1417/1341 1700/1448/1341 1699/1447/1341
f 1669/1417/1342 1670/1418/1342 1701/1449/1342 1700/1448/1342
f 1670/1418/1343 1671/1419/1343 1702/1450/1343 1701/1449/1343
f 1671/1419/1344 1672/1420/1344 1703/1451/1344 1702/1450/1344
f 1672/1420/1345 1673/1421/1345 1704/1452/1345 1703/1451/1345
f 1673/1421/1346 1674/1422/1346 1705/1453/1346 1704/1452/1346
f 1674/1422/1347 1675/1423/1347 1706/1454/1347 1705/1453/1347
f 1675/1423/1348 1676/1424/1348 1707/1455/1348 1706/1454/1348
f 1676/1424/1349 1677/1425/1349 1708/1456/1349 1707/1455/1349
f 1677/1425/1350 1678/1426/1350 1709/1457/1350 1708/1456/1350
f 1678/1426/1351 1679/1427/1351 1710/1458/1351 1709/1457/1351
f 1679/1427/1352 1680/1428/1352 1711/1459/1352 1710/1458/1352
f 1680/1428/1353 1681/1429/1353 1712/1460/1353 1711/1459/1353
f 1681/1429/1354 1682/1430/1354 1713/1461/1354 1712/1460/1354
f 1683/1432/1355 1684/1431/1355 1715/1462/1355 1714/1463/1355
f 1684/1431/1356 1685/1433/1356 1716/1464/1356 1715/1462/1356
f 1685/1433/1357 1686/1434/1357 1717/1465/1357 1716/1464/1357
f 1686/1434/1358 1687/1435/1358 1718/1466/1358 1717/1465/1358
f 1687/1435/1359 1688/1436/1359 1719/1467/1359 1718/1466/1359
f 1688/1436/1360 1689/1437/1360 1720/1468/1360 1719/1467/1360
f 1689/1437/1361 1690/1438/1361 1721/1469/1361 1720/1468/1361
f 1690/1438/1362 1691/1439/1362 1722/1470/1362 1721/1469/1362
f 1691/1439/1363 1692/1440/1363 1723/1471/1363 1722/1470/1363
f 1692/1440/1364 1693/1441/1364 1724/1472/1364 1723/1471/1364
f 1693/1441/1365 1694/1442/1365 1725/1473/1365 1724/1472/1365
f 1694/1442/1366 1695/1443/1366 1726/1474/1366 1725/1473/1366
f 1695/1443/1367 1696/1444/1367 1727/1475/1367 1726/1474/1367
f 1696/1444/1368 1697/1445/1368 1728/1476/1368 1727/1475/1368
f 1697/1445/1369 1698/1446/1369 1729/1477/1369 1728/1476/1369
f 1698/1446/1370 1699/1447/1370 1730/1478/1370 1729/1477/1370
f 1699/1447/1371 1700/1448/1371 1731/1479/1371 1730/1478/1371
f 1700/1448/1372 1701/1449/1372 1732/1480/1372 1731/1479/1372
f 1701/1449/1373 1702/1450/1373 1733/1481/1373 1732/1480/1373
f 1702/1450/1374 1703/1451/1374 1734/1482/1374 1733/1481/1374
f 1703/1451/1375 1704/1452/1375 1735/1483/1375 1734/1482/1375
f 1704/1452/1376 1705/1453/1376 1736/1484/1376 1735/1483/1376
f 1705/1453/1377 1706/1454/1377 1737/1485/1377 1736/1484/1377
f 1706/1454/1378 1707/1455/1378 1738/1486/1378 1737/1485/1378
f 1707/1455/1379 1708/1456/1379 1739/1487/1379 1738/1486/1379
f 1708/1456/1380 1709/1457/1380 1740/1488/1380 1739/1487/1380
f 1709/1457/1381 1710/1458/1381 1741/1489/1381 1740/1488/1381
f 1710/1458/1382 1711/1459/1382 1742/1490/1382 1741/1489/1382
f 1711/1459/1383 1712/1460/1383 1743/1491/1383 1742/1490/1383
f 1712/1460/1384 1713/1461/1384 1744/1492/1384 1743/1491/1384
f 1714/1463/1385 1715/1462/1385 1746/1493/1385 1745/1494/1385
f 1715/1462/1386 1716/1464/1386 1747/1495/1386 1746/1493/1386
f 1716/1464/1387 1717/1465/1387 1748/1496/1387 1747/1495/1387
f 1717/1465/1388 1718/1466/1388 1749/1497/1388 1748/1496/1388
f 1718/1466/1389 1719/1467/1389 1750/1498/1389 1749/1497/1389
f 1719/1467/1390 1720/1468/1390 1751/1499/1390 1750/1498/1390
f 1720/1468/1391 1721/1469/1391 1752/1500/1391 1751/1499/1391
f 1721/1469/1392 1722/1470/1392 1753/1501/1392 1752/1500/1392
f 1722/1470/1393 1723/1471/1393 1754/1502/1393 1753/1501/1393
f 1723/1471/1394 1724/1472/1394 1755/1503/1394 1754/1502/1394
f 1724/1472/1395 1725/1473/1395 1756/1504/1395 1755/1503/1395
f 1725/1473/1396 1726/1474/1396 1757/1505/1396 1756/1504/1396
f 1726/1474/1397 1727/1475/1397 1758/1506/1397 1757/1505/1397
f 1727/1475/1398 1728/1476/1398 1759/1507/1398 1758/1506/1398
f 1728/1476/1399 1729/1477/1399 1760/1508/1399 1759/1507/1399
f 1729/1477/1400 1730/1478/1400 1761/1509/1400 1760/1508/1400
f 1730/1478/1401 1731/1479/1401 1762/1510/1401 1761/1509/1401
f 1731/1479/1402 1732/1480/1402 1763/1511/1402 1762/1510/1402
f 1732/1480/1403 1733/1481/1403 1764/1512/1403 1763/1511/1403
f 1733/1481/1404 1734/1482/1404 1765/1513/1404 1764/1512/1404
f 1734/1482/1405 1735/1483/1405 1766/1514/1405 1765/1513/1405
f 1735/1483/1406 1736/1484/1406 1767/1515/1406 1766/1514/1406
f 1736/1484/1407 1737/1485/1407 1768/1516/1407 1767/1515/1407
f 1737/1485/1408 1738/1486/1408 1769/1517/1408 1768/1516/1408
f 1738/1486/1409 1739/1487/1409 1770/1518/1409 1769/1517/1409
f 1739/1487/1410 1740/1488/1410 1771/1519/1410 1770/1518/1410
f 1740/1488/1411 1741/1489/1411 1772/1520/1411 1771/1519/1411
f 1741/1489/1412 1742/1490/1412 1773/1521/1412 1772/1520/1412
f 1742/1490/1413 1743/1491/1413 1774/1522/1413 1773/1521/1413
f 1743/1491/1414 1744/1492/1414 1775/1523/1414 1774/1522/1414
f 1745/1494/1415 1746/1493/1415 1777/1524/1415 1776/1525/1415
f 1746/1493/1416 1747/1495/1416 1778/1526/1416 1777/1524/1416
f 1747/1495/1417 1748/1496/1417 1779/1527/1417 1778/1526/1417
f 1748/1496/1418 1749/1497/1418 1780/1528/1418 1779/1527/1418
f 1749/1497/1419 1750/1498/1419 1781/1529/1419 1780/1528/1419
f 1750/1498/1420 1751/1499/1420 1782/1530/1420 1781/1529/1420
f 1751/1499/1421 1752/1500/1421 1783/1531/1421 1782/1530/1421
f 1752/1500/1422 1753/1501/1422 1784/1532/1422 1783/1531/1422
f 1753/1501/1423 1754/1502/1423 1785/1533/1423 1784/1532/1423
f 1754/1502/1424 1755/1503/1424 1786/1534/1424 1785/1533/1424
f 1755/1503/1425 1756/1504/1425 1787/1535/1425 1786/1534/1425
f 1756/1504/1426 1757/1505/1426 1788/1536/1426 1787/1535/1426
f 1757/1505/1427 1758/1506/1427 1789/1537/1427 1788/1536/1427
f 1758/1506/1428 1759/1507/1428 1790/1538/1428 1789/1537/1428
f 1759/1507/1429 1760/1508/1429 1791/1539/1429 1790/1538/1429
f 1760/1508/1430 1761/1509/1430 1792/1540/1430 1791/1539/1430
f 1761/1509/1431 1762/1510/1431 1793/1541/1431 1792/1540/1431
f 1762/1510/1432 1763/1511/1432 1794/1542/1432 1793/1541/1432
f 1763/1511/1433 1764/1512/1433 1795/1543/1433 1794/1542/1433
f 1764/1512/1434 1765/1513/1434 1796/1544/1434 1795/1543/1434
f 1765/1513/1435 1766/1514/1435 1797/1545/1435 1796/1544/1435
f 1766/1514/1436 1767/1515/1436 1798/1546/1436 1797/1545/1436
f 1767/1515/1437 1768/1516/1437 1799/1547/1437 1798/1546/1437
f 1768/1516/1438 1769/1517/1438 1800/1548/1438 1799/1547/1438
f 1769/1517/1439 1770/1518/1439 1801/1549/1439 1800/1548/1439
f 1770/1518/1440 1771/1519/1440 1802/1550/1440 1801/1549/1440
f 1771/1519/1441 1772/1520/1441 1803/1551/1441 1802/1550/1441
f 1772/1520/1442 1773/1521/1442 1804/1552/1442 1803/1551/1442
f 1773/1521/1443 1774/1522/1443 1805/1553/1443 1804/1552/1443
f 1774/1522/1444 1775/1523/1444 1806/1554/1444 1805/1553/1444
f 1776/1525/1445 1777/1524/1445 1808/1555/1445 1807/1556/1445
f 1777/1524/1446 1778/1526/1446 1809/1557/1446 1808/1555/1446
f 1778/1526/1447 1779/1527/1447 1810/1558/1447 1809/1557/1447
f 1779/1527/1448 1780/1528/1448 1811/1559/1448 1810/1558/1448
f 1780/1528/1449 1781/1529/1449 1812/1560/1449 1811/1559/1449
f 1781/1529/1450 1782/1530/1450 1813/1561/1450 1812/1560/1450
f 1782/1530/1451 1783/1531/1451 1814/1562/1451 1813/1561/1451
f 1783/1531/1452 1784/1532/1452 1815/1563/1452 1814/1562/1452
f 1784/1532/1453 1785/1533/1453 1816/1564/1453 1815/1563/1453
f 1785/1533/1454 1786/1534/1454 1817/1565/1454 1816/1564/1454
f 1786/1534/1455 1787/1535/1455 1818/1566/1455 1817/1565/1455
f 1787/1535/1456 1788/1536/1456 1819/1567/1456 1818/1566/1456
f 1788/1536/1457 1789/1537/1457 1820/1568/1457 1819/1567/1457
f 1789/1537/1458 1790/1538/1458 1821/1569/1458 1820/1568/1458
f 1790/1538/1459 1791/1539/1459 1822/1570/1459 1821/1569/1459
f 1791/1539/1460 1792/1540/1460 1823/1571/1460 1822/1570/1460
f 1792/1540/1461 1793/1541/1461 1824/1572/1461 1823/1571/1461
f 1793/1541/1462 1794/1542/1462 1825/1573/1462 1824/1572/1462
f 1794/1542/1463 1795/1543/1463 1826/1574/1463 1825/1573/1463
f 1795/1543/1464 1796/1544/1464 1827/1575/1464 1826/1574/1464
f 1796/1544/1465 1797/1545/1465 1828/1576/1465 1827/1575/1465
f 1797/1545/1466 1798/1546/1466 1829/1577/1466 1828/1576/1466
f 1798/1546/1467 1799/1547/1467 1830/1578/1467 1829/1577/1467
f 1799/1547/1468 1800/1548/1468 1831/1579/1468 1830/1578/1468
f 1800/1548/1469 1801/1549/1469 1832/1580/1469 1831/1579/1469
f 1801/1549/1470 1802/1550/1470 1833/1581/1470 1832/1580/1470
f 1802/1550/1471 1803/1551/1471 1834/1582/1471 1833/1581/1471
f 1803/1551/1472 1804/1552/1472 1835/1583/1472 1834/1582/1472
f 1804/1552/1473 1805/1553/1473 1836/1584/1473 1835/1583/1473
f 1805/1553/1474 1806/1554/1474 1837/1585/1474 1836/1584/1474
f 1807/1556/1475 1808/1555/1475 1839/1586/1475 1838/1587/1475
f 1808/1555/1476 1809/1557/1476 1840/1588/1476 1839/1586/1476
f 1809/1557/1477 1810/1558/1477 1841/1589/1477 1840/1588/1477
f 1810/1558/1478 1811/1559/1478 1842/1590/1478 1841/1589/1478
f 1811/1559/1479 1812/1560/1479 1843/1591/1479 1842/1590/1479
f 1812/1560/1480 1813/1561/1480 1844/1592/1480 1843/1591/1480
f 1813/1561/1481 1814/1562/1481 1845/1593/1481 1844/1592/1481
f 1814/1562/1482 1815/1563/1482 1846/1594/1482 1845/1593/1482
f 1815/1563/1483 1816/1564/1483 1847/1595/1483 1846/1594/1483
f 1816/1564/1484 1817/1565/1484 1848/1596/1484 1847/1595/1484
f 1817/1565/1485 1818/1566/1485 1849/1597/1485 1848/1596/1485
f 1818/1566/1486 1819/1567/1486 1850/1598/1486 1849/1597/1486
f 1819/1567/1487 1820/1568/1487 1851/1599/1487 1850/1598/1487
f 1820/1568/1488 1821/1569/1488 1852/1600/1488 1851/1599/1488
f 1821/1569/1489 1822/1570/1489 1853/1601/1489 1852/1600/1489
f 1822/1570/1490 1823/1571/1490 1854/1602/1490 1853/1601/1490
f 1823/1571/1491 1824/1572/1491 1855/1603/1491 1854/1602/1491
f 1824/1572/1492 1825/1573/1492 1856/1604/1492 1855/1603/1492
f 1825/1573/1493 1826/1574/1493 1857/1605/1493 1856/1604/1493
f 1826/1574/1494 1827/1575/1494 1858/1606/1494 1857/1605/1494
f 1827/1575/1495 1828/1576/1495 1859/1607/1495 1858/1606/1495
f 1828/1576/1496 1829/1577/1496 1860/1608/1496 1859/1607/1496
f 1829/1577/1497 1830/1578/1497 1861/1609/1497 1860/1608/1497
f 1830/1578/1498 1831/1579/1498 1862/1610/1498 1861/1609/1498
f 1831/1579/1499 1832/1580/1499 1863/1611/1499 1862/1610/1499
f 1832/1580/1500 1833/1581/1500 1864/1612/1500 1863/1611/1500
f 1833/1581/1501 1834/1582/1501 1865/1613/1501 1864/1612/1501
f 1834/1582/1502 1835/1583/1502 1866/1614/1502 1865/1613/1502
f 1835/1583/1503 1836/1584/1503 1867/1615/1503 1866/1614/1503
f 1836/1584/1504 1837/1585/1504 1868/1616/1504 1867/1615/1504
f 1838/1587/1505 1839/1586/1505 1870/1617/1505 1869/1618/1505
f 1839/1586/1506 1840/1588/1506 1871/1619/1506 1870/1617/1506
f 1840/1588/1507 1841/1589/1507 1872/1620/1507 1871/1619/1507
f 1841/1589/1508 1842/1590/1508 1873/1621/1508 1872/1620/1508
f 1842/1590/1509 1843/1591/1509 1874/1622/1509 1873/1621/1509
f 1843/1591/1510 1844/1592/1510 1875/1623/1510 1874/1622/1510
f 1844/1592/1511 1845/1593/1511 1876/1624/1511 1875/1623/1511
f 1845/1593/1512 1846/1594/1512 1877/1625/1512 1876/1624/1512
f 1846/1594/1513 1847/1595/1513 1878/1626/1513 1877/1625/1513
f 1847/1595/1514 1848/1596/1514 1879/1627/1514 1878/1626/1514
f 1848/1596/1515 1849/1597/1515 1880/1628/1515 1879/1627/1515
f 1849/1597/1516 1850/1598/1516 1881/1629/1516 1880/1628/1516
f 1850/1598/1517 1851/1599/1517 1882/1630/1517 1881/1629/1517
f 1851/1599/1518 1852/1600/1518 1883/1631/1518 1882/1630/1518
f 1852/1600/1519 1853/1601/1519 1884/1632/1519 1883/1631/1519
f 1853/1601/1520 1854/1602/1520 1885/1633/1520 1884/1632/1520
f 1854/1602/1521 1855/1603/1521 1886/1634/1521 1885/1633/1521
f 1855/1603/1522 1856/1604/1522 1887/1635/1522 1886/1634/1522
f 1856/1604/1523 1857/1605/1523 1888/1636/1523 1887/1635/1523
f 1857/1605/1524 1858/1606/1524 1889/1637/1524 1888/1636/1524
f 1858/1606/1525 1859/1607/1525 1890/1638/1525 1889/1637/1525
f 1859/1607/1526 1860/1608/1526 1891/1639/1526 1890/1638/1526
f 1860/1608/1527 1861/1609/1527 1892/1640/1527 1891/1639/1527
f 1861/1609/1528 1862/1610/1528 1893/1641/1528 1892/1640/1528
f 1862/1610/1529 1863/1611/1529 1894/1642/1529 1893/1641/1529
f 1863/1611/1530 1864/1612/1530 1895/1643/1530 1894/1642/1530
f 1864/1612/1531 1865/1613/1531 1896/1644/1531 1895/1643/1531
f 1865/1613/1532 1866/1614/1532 1897/1645/1532 1896/1644/1532
f 1866/1614/1533 1867/1615/1533 1898/1646/1533 1897/1645/1533
f 1867/1615/1534 1868/1616/1534 1899/1647/1534 1898/1646/1534
f 1869/1618/1535 1870/1617/1535 1901/1648/1535 1900/1649/1535
f 1870/1617/1536 1871/1619/1536 1902/1650/1536 1901/1648/1536
f 1871/1619/1537 1872/1620/1537 1903/1651/1537 1902/1650/1537
f 1872/1620/1538 1873/1621/1538 1904/1652/1538 1903/1651/1538
f 1873/1621/1539 1874/1622/1539 1905/1653/1539 1904/1652/1539
f 1874/1622/1540 1875/1623/1540 1906/1654/1540 1905/1653/1540
f 1875/1623/1541 1876/1624/1541 1907/1655/1541 1906/1654/1541
f 1876/1624/1542 1877/1625/1542 1908/1656/1542 1907/1655/1542
f 1877/1625/1543 1878/1626/1543 1909/1657/1543 1908/1656/1543
f 1878/1626/1544 1879/1627/1544 1910/1658/1544 1909/1657/1544
f 1879/1627/1545 1880/1628/1545 1911/1659/1545 1910/1658/1545
f 1880/1628/1546 1881/1629/1546 1912/1660/1546 1911/1659/1546
f 1881/1629/1547 1882/1630/1547 1913/1661/1547 1912/1660/1547
f 1882/1630/1548 1883/1631/1548 1914/1662/1548 1913/1661/1548
f 1883/1631/1549 1884/1632/1549 1915/1663/1549 1914/1662/1549
f 1884/1632/1550 1885/1633/1550 1916/1664/1550 1915/1663/1550
f 1885/1633/1551 1886/1634/1551 1917/1665/1551 1916/1664/1551
f 1886/1634/1552 1887/1635/1552 1918/1666/1552 1917/1665/1552
f 1887/1635/1553 1888/1636/1553 1919/1667/1553 1918/1666/1553
f 1888/1636/1554 1889/1637/1554 1920/1668/1554 1919/1667/1554
f 1889/1637/1555 1890/1638/1555 1921/1669/1555 1920/1668/1555
f 1890/1638/1556 1891/1639/1556 1922/1670/1556 1921/1669/1556
f 1891/1639/1557 1892/1640/1557 1923/1671/1557 1922/1670/1557
f 1892/1640/1558 1893/1641/1558 1924/1672/1558 1923/1671/1558
f 1893/1641/1559 1894/1642/1559 1925/1673/1559 1924/1672/1559
f 1894/1642/1560 1895/1643/1560 1926/1674/1560 1925/1673/1560
f 1895/1643/1561 1896/1644/1561 1927/1675/1561 1926/1674/1561
f 1896/1644/1562 1897/1645/1562 1928/1676/1562 1927/1675/1562
f 1897/1645/1563 1898/1646/1563 1929/1677/1563 1928/1676/1563
f 1898/1646/1564 1899/1647/1564 1930/1678/1564 1929/1677/1564
f 1900/1649/1565 1901/1648/1565 1932/1679/1565 1931/1680/1565
f 1901/1648/1566 1902/1650/1566 1933/1681/1566 1932/1679/1566
f 1902/1650/1567 1903/1651/1567 1934/1682/1567 1933/1681/1567
f 1903/1651/1568 1904/1652/1568 1935/1683/1568 1934/1682/1568
f 1904/1652/1569 1905/1653/1569 1936/1684/1569 1935/1683/1569
f 1905/1653/1570 1906/1654/1570 1937/1685/1570 1936/1684/1570
f 1906/1654/1571 1907/1655/1571 1938/1686/1571 1937/1685/1571
f 1907/1655/1572 1908/1656/1572 1939/1687/1572 1938/1686/1572
f 1908/1656/1573 1909/1657/1573 1940/1688/1573 1939/1687/1573
f 1909/1657/1574 1910/1658/1574 1941/1689/1574 1940/1688/1574
f 1910/1658/1575 1911/1659/1575 1942/1690/1575 1941/1689/1575
f 1911/1659/1576 1912/1660/1576 1943/1691/1576 1942/1690/1576
f 1912/1660/1577 1913/1661/1577 1944/1692/1577 1943/1691/1577
f 1913/1661/1578 1914/1662/1578 1945/1693/1578 1944/1692/1578
f 1914/1662/1579 1915/1663/1579 1946/1694/1579 1945/1693/1579
f 1915/1663/1580 1916/1664/1580 1947/1695/1580 1946/1694/1580
f 1916/1664/1581 1917/1665/1581 1948/1696/1581 1947/1695/1581
f 1917/1665/1582 1918/1666/1582 1949/1697/1582 1948/1696/1582
f 1918/1666/1583 1919/1667/1583 1950/1698/1583 1949/1697/1583
f 1919/1667/1584 1920/1668/1584 1951/1699/1584 1950/1698/1584
f 1920/1668/1585 1921/1669/1585 1952/1700/1585 1951/1699/1585
f 1921/1669/1586 1922/1670/1586 1953/1701/1586 1952/1700/1586
f 1922/1670/1587 1923/1671/1587 1954/1702/1587 1953/1701/1587
f 1923/1671/1588 1924/1672/1588 1955/1703/1588 1954/1702/1588
f 1924/1672/1589 1925/1673/1589 1956/1704/1589 1955/1703/1589
f 1925/1673/1590 1926/1674/1590 1957/1705/1590 1956/1704/1590
f 1926/1674/1591 1927/1675/1591 1958/1706/1591 1957/1705/1591
f 1927/1675/1592 1928/1676/1592 1959/1707/1592 1958/1706/1592
f 1928/1676/1593 1929/1677/1593 1960/1708/1593 1959/1707/1593
f 1929/1677/1594 1930/1678/1594 1961/1709/1594 1960/1708/1594
f 1931/1680/1595 1932/1679/1595 1963/1710/1595 1962/1711/1595
f 1932/1679/1596 1933/1681/1596 1964/1712/1596 1963/1710/1596
f 1933/1681/1597 1934/1682/1597 1965/1713/1597 1964/1712/1597
f 1934/1682/1598 1935/1683/1598 1966/1714/1598 1965/1713/1598
f 1935/1683/1599 1936/1684/1599 1967/1715/1599 1966/1714/1599
f 1936/1684/1600 1937/1685/1600 1968/1716/1600 1967/1715/1600
f 1937/1685/1601 1938/1686/1601 1969/1717/1601 1968/1716/1601
f 1938/1686/1602 1939/1687/1602 1970/1718/1602 1969/1717/1602
f 1939/1687/1603 1940/1688/1603 1971/1719/1603 1970/1718/1603
f 1940/1688/1604 1941/1689/1604 1972/1720/1604 1971/1719/1604
f 1941/1689/1605 1942/1690/1605 1973/1721/1605 1972/1720/1605
f 1942/1690/1606 1943/1691/1606 1974/1722/1606 1973/1721/1606
f 1943/1691/1607 1944/1692/1607 1975/1723/1607 1974/1722/1607
f 1944/1692/1608 1945/1693/1608 1976/1724/1608 1975/1723/1608
f 1945/1693/1609 1946/1694/1609 1977/1725/1609 1976/1724/1609
f 1946/1694/1610 1947/1695/1610 1978/1726/1610 1977/1725/1610
f 1947/1695/1611 1948/1696/1611 1979/1727/1611 1978/1726/1611
f 1948/1696/1612 1949/1697/1612 1980/1728/1612 1979/1727/1612
f 1949/1697/1613 1950/1698/1613 1981/1729/1613 1980/1728/1613
f 1950/1698/1614 1951/1699/1614 1982/1730/1614 1981/1729/1614
f 1951/1699/1615 1952/1700/1615 1983/1731/1615 1982/1730/1615
f 1952/1700/1616 1953/1701/1616 1984/1732/1616 1983/1731/1616
f 1953/1701/1617 1954/1702/1617 1985/1733/1617 1984/1732/1617
f 1954/1702/1618 1955/1703/1618 1986/1734/1618 1985/1733/1618
f 1955/1703/1619 1956/1704/1619 1987/1735/1619 1986/1734/1619
f 1956/1704/1620 1957/1705/1620 1988/1736/1620 1987/1735/1620
f 1957/1705/1621 1958/1706/1621 1989/1737/1621 1988/1736/1621
f 1958/1706/1622 1959/1707/1622 1990/1738/1622 1989/1737/1622
f 1959/1707/1623 1960/1708/1623 1991/1739/1623 1990/1738/1623
f 1960/1708/1624 1961/1709/1624 1992/1740/1624 1991/1739/1624
f 1962/1711/1625 1963/1710/1625 1994/1741/1625 1993/1742/1625
f 1963/1710/1626 1964/1712/1626 1995/1743/1626 1994/1741/1626
f 1964/1712/1627 1965/1713/1627 1996/1744/1627 1995/1743/1627
f 1965/1713/1628 1966/1714/1628 1997/1745/1628 1996/1744/1628
f 1966/1714/1629 1967/1715/1629 1998/1746/1629 1997/1745/1629
f 1967/1715/1630 1968/1716/1630 1999/1747/1630 1998/1746/1630
f 1968/1716/1631 1969/1717/1631 2000/1748/1631 1999/1747/1631
f 1969/1717/1632 1970/1718/1632 2001/1749/1632 2000/1748/1632
f 1970/1718/1633 1971/1719/1633 2002/1750/1633 2001/1749/1633
f 1971/1719/1634 1972/1720/1634 2003/1751/1634 2002/1750/1634
f 1972/1720/1635 1973/1721/1635 2004/1752/1635 2003/1751/1635
f 1973/1721/1636 1974/1722/1636 2005/1753/1636 2004/1752/1636
f 1974/1722/1637 1975/1723/1637 2006/1754/1637 2005/1753/1637
f 1975/1723/1638 1976/1724/1638 2007/1755/1638 2006/1754/1638
f 1976/1724/1639 1977/1725/1639 2008/1756/1639 2007/1755/1639
f 1977/1725/1640 1978/1726/1640 2009/1757/1640 2008/1756/1640
f 1978/1726/1641 1979/1727/1641 2010/1758/1641 2009/1757/1641
f 1979/1727/1642 1980/1728/1642 2011/1759/1642 2010/1758/1642
f 1980/1728/1643 1981/1729/1643 2012/1760/1643 2011/1759/1643
f 1981/1729/1644 1982/1730/1644 2013/1761/1644 2012/1760/1644
f 1982/1730/1645 1983/1731/1645 2014/1762/1645 2013/1761/1645
f 1983/1731/1646 1984/1732/1646 2015/1763/1646 2014/1762/1646
f 1984/1732/1647 1985/1733/1647 2016/1764/1647 2015/1763/1647
f 1985/1733/1648 1986/1734/1648 2017/1765/1648 2016/1764/1648
f 1986/1734/1649 1987/1735/1649 2018/1766/1649 2017/1765/1649
f 1987/1735/1650 1988/1736/1650 2019/1767/1650 2018/1766/1650
f 1988/1736/1651 1989/1737/1651 2020/1768/1651 2019/1767/1651
f 1989/1737/1652 1990/1738/1652 2021/1769/1652 2020/1768/1652
f 1990/1738/1653 1991/1739/1653 2022/1770/1653 2021/1769/1653
f 1991/1739/1654 1992/1740/1654 2023/1771/1654 2022/1770/1654
f 1993/1742/1655 1994/1741/1655 2025/1772/1655 2024/1773/1655
f 1994/1741/1656 1995/1743/1656 2026/1774/1656 2025/1772/1656
f 1995/1743/1657 1996/1744/1657 2027/1775/1657 2026/1774/1657
f 1996/1744/1658 1997/1745/1658 2028/1776/1658 2027/1775/1658
f 1997/1745/1659 1998/1746/1659 2029/1777/1659 2028/1776/1659
f 1998/1746/1660 1999/1747/1660 2030/1778/1660 2029/1777/1660
f 1999/1747/1661 2000/1748/1661 2031/1779/1661 2030/1778/1661
f 2000/1748/1662 2001/1749/1662 2032/1780/1662 2031/1779/1662
f 2001/1749/1663 2002/1750/1663 2033/1781/1663 2032/1780/1663
f 2002/1750/1664 2003/1751/1664 2034/1782/1664 2033/1781/1664
f 2003/1751/1665 2004/1752/1665 2035/1783/1665 2034/1782/1665
f 2004/1752/1666 2005/1753/1666 2036/1784/1666 2035/1783/1666
f 2005/1753/1667 2006/1754/1667 2037/1785/1667 2036/1784/1667
f 2006/1754/1668 2007/1755/1668 2038/1786/1668 2037/1785/1668
f 2007/1755/1669 2008/1756/1669 2039/1787/1669 2038/1786/1669
f 2008/1756/1670 2009/1757/1670 2040/1788/1670 2039/1787/1670
f 2009/1757/1671 2010/1758/1671 2041/1789/1671 2040/1788/1671
f 2010/1758/1672 2011/1759/1672 2042/1790/1672 2041/1789/1672
f 2011/1759/1673 2012/1760/1673 2043/1791/1673 2042/1790/1673
f 2012/1760/1674 2013/1761/1674 2044/1792/1674 2043/1791/1674
f 2013/1761/1675 2014/1762/1675 2045/1793/1675 2044/1792/1675
f 2014/1762/1676 2015/1763/1676 2046/1794/1676 2045/1793/1676
f 2015/1763/1677 2016/1764/1677 2047/1795/1677 2046/1794/1677
f 2016/1764/1678 2017/1765/1678 2048/1796/1678 2047/1795/1678
f 2017/1765/1679 2018/1766/1679 2049/1797/1679 2048/1796/1679
f 2018/1766/1680 2019/1767/1680 2050/1798/1680 2049/1797/1680
f 2019/1767/1681 2020/1768/1681 2051/1799/1681 2050/1798/1681
f 2020/1768/1682 2021/1769/1682 2052/1800/1682 2051/1799/1682
f 2021/1769/1683 2022/1770/1683 2053/1801/1683 2052/1800/1683
f 2022/1770/1684 2023/1771/1684 2054/1802/1684 2053/1801/1684
f 2024/1773/1685 2025/1772/1685 2056/1803/1685 2055/1804/1685
f 2025/1772/1686 2026/1774/1686 2057/1805/1686 2056/1803/1686
f 2026/1774/1687 2027/1775/1687 2058/1806/1687 2057/1805/1687
f 2027/1775/1688 2028/1776/1688 2059/1807/1688 2058/1806/1688
f 2028/1776/1689 2029/1777/1689 2060/1808/1689 2059/1807/1689
f 2029/1777/1690 2030/1778/1690 2061/1809/1690 2060/1808/1690
f 2030/1778/1691 2031/1779/1691 2062/1810/1691 2061/1809/1691
f 2031/1779/1692 2032/1780/1692 2063/1811/1692 2062/1810/1692
f 2032/1780/1693 2033/1781/1693 2064/1812/1693 2063/1811/1693
f 2033/1781/1694 2034/1782/1694 2065/1813/1694 2064/1812/1694
f 2034/1782/1695 2035/1783/1695 2066/1814/1695 2065/1813/1695
f 2035/1783/1696 2036/1784/1696 2067/1815/1696 2066/1814/1696
f 2036/1784/1697 2037/1785/1697 2068/1816/1697 2067/1815/1697
f 2037/1785/1698 2038/1786/1698 2069/1817/1698 2068/1816/1698
f 2038/1786/1699 2039/1787/1699 2070/1818/1699 2069/1817/1699
f 2039/1787/1700 2040/1788/1700 2071/1819/1700 2070/1818/1700
f 2040/1788/1701 2041/1789/1701 2072/1820/1701 2071/1819/1701
f 2041/1789/1702 2042/1790/1702 2073/1821/1702 2072/1820/1702
f 2042/1790/1703 2043/1791/1703 2074/1822/1703 2073/1821/1703
f 2043/1791/1704 2044/1792/1704 2075/1823/1704 2074/1822/1704
f 2044/1792/1705 2045/1793/1705 2076/1824/1705 2075/1823/1705
f 2045/1793/1706 2046/1794/1706 2077/1825/1706 2076/1824/1706
f 2046/1794/1707 2047/1795/1707 2078/1826/1707 2077/1825/1707
f 2047/1795/1708 2048/1796/1708 2079/1827/1708 2078/1826/1708
f 2048/1796/1709 2049/1797/1709 2080/1828/1709 2079/1827/1709
f 2049/1797/1710 2050/1798/1710 2081/1829/1710 2080/1828/1710
f 2050/1798/1711 2051/1799/1711 2082/1830/1711 2081/1829/1711
f 2051/1799/1712 2052/1800/1712 2083/1831/1712 2082/1830/1712
f 2052/1800/1713 2053/1801/1713 2084/1832/1713 2083/1831/1713
f 2053/1801/1714 2054/1802/1714 2085/1833/1714 2084/1832/1714
f 2055/1804/1715 2056/1803/1715 2087/1834/1715 2086/1835/1715
f 2056/1803/1716 2057/1805/1716 2088/1836/1716 2087/1834/1716
f 2057/1805/1717 2058/1806/1717 2089/1837/1717 2088/1836/1717
f 2058/1806/1718 2059/1807/1718 2090/1838/1718 2089/1837/1718
f 2059/1807/1719 2060/1808/1719 2091/1839/1719 2090/1838/1719
f 2060/1808/1720 2061/1809/1720 2092/1840/1720 2091/1839/1720
f 2061/1809/1721 2062/1810/1721 2093/1841/1721 2092/1840/1721
f 2062/1810/1722 2063/1811/1722 2094/1842/1722 2093/1841/1722
f 2063/1811/1723 2064/1812/1723 2095/1843/1723 2094/1842/1723
f 2064/1812/1724 2065/1813/1724 2096/1844/1724 2095/1843/1724
f 2065/1813/1725 2066/1814/1725 2097/1845/1725 2096/1844/1725
f 2066/1814/1726 2067/1815/1726 2098/1846/1726 2097/1845/1726
f 2067/1815/1727 2068/1816/1727 2099/1847/1727 2098/1846/1727
f 2068/1816/1728 2069/1817/1728 2100/1848/1728 2099/1847/1728
f 2069/1817/1729 2070/1818/1729 2101/1849/1729 2100/1848/1729
f 2070/1818/1730 2071/1819/1730 2102/1850/1730 2101/1849/1730
f 2071/1819/1731 2072/1820/1731 2103/1851/1731 2102/1850/1731
f 2072/1820/1732 2073/1821/1732 2104/1852/1732 2103/1851/1732
f 2073/1821/1733 2074/1822/1733 2105/1853/1733 2104/1852/1733
f 2074/1822/1734 2075/1823/1734 2106/1854/1734 2105/1853/1734
f 2075/1823/1735 2076/1824/1735 2107/1855/1735 2106/1854/1735
f 2076/1824/1736 2077/1825/1736 2108/1856/1736 2107/1855/1736
f 2077/1825/1737 2078/1826/1737 2109/1857/1737 2108/1856/1737
f 2078/1826/1738 2079/1827/1738 2110/1858/1738 2109/1857/1738
f 2079/1827/1739 2080/1828/1739 2111/1859/1739 2110/1858/1739
f 2080/1828/1740 2081/1829/1740 2112/1860/1740 2111/1859/1740
f 2081/1829/1741 2082/1830/1741 2113/1861/1741 2112/1860/1741
f 2082/1830/1742 2083/1831/1742 2114/1862/1742 2113/1861/1742
f 2083/1831/1743 2084/1832/1743 2115/1863/1743 2114/1862/1743
f 2084/1832/1744 2085/1833/1744 2116/1864/1744 2115/1863/1744
f 2086/1835/1745 2087/1834/1745 2118/1865/1745 2117/1866/1745
f 2087/1834/1746 2088/1836/1746 2119/1867/1746 2118/1865/1746
f 2088/1836/1747 2089/1837/1747 2120/1868/1747 2119/1867/1747
f 2089/1837/1748 2090/1838/1748 2121/1869/1748 2120/1868/1748
f 2090/1838/1749 2091/1839/1749 2122/1870/1749 2121/1869/1749
f 2091/1839/1750 2092/1840/1750 2123/1871/1750 2122/1870/1750
f 2092/1840/1751 2093/1841/1751 2124/1872/1751 2123/1871/1751
f 2093/1841/1752 2094/1842/1752 2125/1873/1752 2124/1872/1752
f 2094/1842/1753 2095/1843/1753 2126/1874/1753 2125/1873/1753
f 2095/1843/1754 2096/1844/1754 2127/1875/1754 2126/1874/1754
f 2096/1844/1755 2097/1845/1755 2128/1876/1755 2127/1875/1755
f 2097/1845/1756 2098/1846/1756 2129/1877/1756 2128/1876/1756
f 2098/1846/1757 2099/1847/1757 2130/1878/1757 2129/1877/1757
f 2099/1847/1758 2100/1848/1758 2131/1879/1758 2130/1878/1758
f 2100/1848/1759 2101/1849/1759 2132/1880/1759 2131/1879/1759
f 2101/1849/1760 2102/1850/1760 2133/1881/1760 2132/1880/1760
f 2102/1850/1761 2103/1851/1761 2134/1882/1761 2133/1881/1761
f 2103/1851/1762 2104/1852/1762 2135/1883/1762 2134/1882/1762
f 2104/1852/1763 2105/1853/1763 2136/1884/1763 2135/1883/1763
f 2105/1853/1764 2106/1854/1764 2137/1885/1764 2136/1884/1764
f 2106/1854/1765 2107/1855/1765 2138/1886/1765 2137/1885/1765
f 2107/1855/1766 2108/1856/1766 2139/1887/1766 2138/1886/1766
f 2108/1856/1767 2109/1857/1767 2140/1888/1767 2139/1887/1767
f 2109/1857/1768 2110/1858/1768 2141/1889/1768 2140/1888/1768
f 2110/1858/1769 2111/1859/1769 2142/1890/1769 2141/1889/1769
f 2111/1859/1770 2112/1860/1770 2143/1891/1770 2142/1890/1770
f 2112/1860/1771 2113/1861/1771 2144/1892/1771 2143/1891/1771
f 2113/1861/1772 2114/1862/1772 2145/1893/1772 2144/1892/1772
f 2114/1862/1773 2115/1863/1773 2146/1894/1773 2145/1893/1773
f 2115/1863/1774 2116/1864/1774 2147/1895/1774 2146/1894/1774
f 2117/1866/1775 2118/1865/1775 2149/1896/1775 2148/1897/1775
f 2118/1865/1776 2119/1867/1776 2150/1898/1776 2149/1896/1776
f 2119/1867/1777 2120/1868/1777 2151/1899/1777 2150/1898/1777
f 2120/1868/1778 2121/1869/1778 2152/1900/1778 2151/1899/1778
f 2121/1869/1779 2122/1870/1779 2153/1901/1779 2152/1900/1779
f 2122/1870/1780 2123/1871/1780 2154/1902/1780 2153/1901/1780
f 2123/1871/1781 2124/1872/1781 2155/1903/1781 2154/1902/1781
f 2124/1872/1782 2125/1873/1782 2156/1904/1782 2155/1903/1782
f 2125/1873/1783 2126/1874/1783 2157/1905/1783 2156/1904/1783
f 2126/1874/1784 2127/1875/1784 2158/1906/1784 2157/1905/1784
f 2127/1875/1785 2128/1876/1785 2159/1907/1785 2158/1906/1785
f 2128/1876/1786 2129/1877/1786 2160/1908/1786 2159/1907/1786
f 2129/1877/1787 2130/1878/1787 2161/1909/1787 2160/1908/1787
f 2130/1878/1788 2131/1879/1788 2162/1910/1788 2161/1909/1788
f 2131/1879/1789 2132/1880/1789 2163/1911/1789 2162/1910/1789
f 2132/1880/1790 2133/1881/1790 2164/1912/1790 2163/1911/1790
f 2133/1881/1791 2134/1882/1791 2165/1913/1791 2164/1912/1791
f 2134/1882/1792 2135/1883/1792 2166/1914/1792 2165/1913/1792
f 2135/1883/1793 2136/1884/1793 2167/1915/1793 2166/1914/1793
f 2136/1884/1794 2137/1885/1794 2168/1916/1794 2167/1915/1794
f 2137/1885/1795 2138/1886/1795 2169/1917/1795 2168/1916/1795
f 2138/1886/1796 2139/1887/1796 2170/1918/1796 2169/1917/1796
f 2139/1887/1797 2140/1888/1797 2171/1919/1797 2170/1918/1797
f 2140/1888/1798 2141/1889/1798 2172/1920/1798 2171/1919/1798
f 2141/1889/1799 2142/1890/1799 2173/1921/1799 2172/1920/1799
f 2142/1890/1800 2143/1891/1800 2174/1922/1800 2173/1921/1800
f 2143/1891/1801 2144/1892/1801 2175/1923/1801 2174/1922/1801
f 2144/1892/1802 2145/1893/1802 2176/1924/1802 2175/1923/1802
f 2145/1893/1803 2146/1894/1803 2177/1925/1803 2176/1924/1803
f 2146/1894/1804 2147/1895/1804 2178/1926/1804 2177/1925/1804
f 2148/1897/1805 2149/1896/1805 2180/1927/1805 2179/1928/1805
f 2149/1896/1806 2150/1898/1806 2181/1929/1806 2180/1927/1806
f 2150/1898/1807 2151/1899/1807 2182/1930/1807 2181/1929/1807
f 2151/1899/1808 2152/1900/1808 2183/1931/1808 2182/1930/1808
f 2152/1900/1809 2153/1901/1809 2184/1932/1809 2183/1931/1809
f 2153/1901/1810 2154/1902/1810 2185/1933/1810 2184/1932/1810
f 2154/1902/1811 2155/1903/1811 2186/1934/1811 2185/1933/1811
f 2155/1903/1812 2156/1904/1812 2187/1935/1812 2186/1934/1812
f 2156/1904/1813 2157/1905/1813 2188/1936/1813 2187/1935/1813
f 2157/1905/1814 2158/1906/1814 2189/1937/1814 2188/1936/1814
f 2158/1906/1815 2159/1907/1815 2190/1938/1815 2189/1937/1815
f 2159/1907/1816 2160/1908/1816 2191/1939/1816 2190/1938/1816
f 2160/1908/1817 2161/1909/1817 2192/1940/1817 2191/1939/1817
f 2161/1909/1818 2162/1910/1818 2193/1941/1818 2192/1940/1818
f 2162/1910/1819 2163/1911/1819 2194/1942/1819 2193/1941/1819
f 2163/1911/1820 2164/1912/1820 2195/1943/1820 2194/1942/1820
f 2164/1912/1821 2165/1913/1821 2196/1944/1821 2195/1943/1821
f 2165/1913/1822 2166/1914/1822 2197/1945/1822 2196/1944/1822
f 2166/1914/1823 2167/1915/1823 2198/1946/1823 2197/1945/1823
f 2167/1915/1824 2168/1916/1824 2199/1947/1824 2198/1946/1824
f 2168/1916/1825 2169/1917/1825 2200/1948/1825 2199/1947/1825
f 2169/1917/1826 2170/1918/1826 2201/1949/1826 2200/1948/1826
f 2170/1918/1827 2171/1919/1827 2202/1950/1827 2201/1949/1827
f 2171/1919/1828 2172/1920/1828 2203/1951/1828 2202/1950/1828
f 2172/1920/1829 2173/1921/1829 2204/1952/1829 2203/1951/1829
f 2173/1921/1830 2174/1922/1830 2205/1953/1830 2204/1952/1830
f 2174/1922/1831 2175/1923/1831 2206/1954/1831 2205/1953/1831
f 2175/1923/1832 2176/1924/1832 2207/1955/1832 2206/1954/1832
f 2176/1924/1833 2177/1925/1833 2208/1956/1833 2207/1955/1833
f 2177/1925/1834 2178/1926/1834 2209/1957/1834 2208/1956/1834
f 2179/1928/1835 2180/1927/1835 2211/1958/1835 2210/1959/1835
f 2180/1927/1836 2181/1929/1836 2212/1960/1836 2211/1958/1836
f 2181/1929/1837 2182/1930/1837 2213/1961/1837 2212/1960/1837
f 2182/1930/1838 2183/1931/1838 2214/1962/1838 2213/1961/1838
f 2183/1931/1839 2184/1932/1839 2215/1963/1839 2214/1962/1839
f 2184/1932/1840 2185/1933/1840 2216/1964/1840 2215/1963/1840
f 2185/1933/1841 2186/1934/1841 2217/1965/1841 2216/1964/1841
f 2186/1934/1842 2187/1935/1842 2218/1966/1842 2217/1965/1842
f 2187/1935/1843 2188/1936/1843 2219/1967/1843 2218/1966/1843
f 2188/1936/1844 2189/1937/1844 2220/1968/1844 2219/1967/1844
f 2189/1937/1845 2190/1938/1845 2221/1969/1845 2220/1968/1845
f 2190/1938/1846 2191/1939/1846 2222/1970/1846 2221/1969/1846
f 2191/1939/1847 2192/1940/1847 2223/1971/1847 2222/1970/1847
f 2192/1940/1848 2193/1941/1848 2224/1972/1848 2223/1971/1848
f 2193/1941/1849 2194/1942/1849 2225/1973/1849 2224/1972/1849
f 2194/1942/1850 2195/1943/1850 2226/1974/1850 2225/1973/1850
f 2195/1943/1851 2196/1944/1851 2227/1975/1851 2226/1974/1851
f 2196/1944/1852 2197/1945/1852 2228/1976/1852 2227/1975/1852
f 2197/1945/1853 2198/1946/1853 2229/1977/1853 2228/1976/1853
f 2198/1946/1854 2199/1947/1854 2230/1978/1854 2229/1977/1854
f 2199/1947/1855 2200/1948/1855 2231/1979/1855 2230/1978/1855
f 2200/1948/1856 2201/1949/1856 2232/1980/1856 2231/1979/1856
f 2201/1949/1857 2202/1950/1857 2233/1981/1857 2232/1980/1857
f 2202/1950/1858 2203/1951/1858 2234/1982/1858 2233/1981/1858
f 2203/1951/1859 2204/1952/1859 2235/1983/1859 2234/1982/1859
f 2204/1952/1860 2205/1953/1860 2236/1984/1860 2235/1983/1860
f 2205/1953/1861 2206/1954/1861 2237/1985/1861 2236/1984/1861
f 2206/1954/1862 2207/1955/1862 2238/1986/1862 2237/1985/1862
f 2207/1955/1863 2208/1956/1863 2239/1987/1863 2238/1986/1863
f 2208/1956/1864 2209/1957/1864 2240/1988/1864 2239/1987/1864
f 2210/1959/1865 2211/1958/1865 2242/1989/1865 2241/1990/1865
f 2211/1958/1866 2212/1960/1866 2243/1991/1866 2242/1989/1866
f 2212/1960/1867 2213/1961/1867 2244/1992/1867 2243/1991/1867
f 2213/1961/1868 2214/1962/1868 2245/1993/1868 2244/1992/1868
f 2214/1962/1869 2215/1963/1869 2246/1994/1869 2245/1993/1869
f 2215/1963/1870 2216/1964/1870 2247/1995/1870 2246/1994/1870
f 2216/1964/1871 2217/1965/1871 2248/1996/1871 2247/1995/1871
f 2217/1965/1872 2218/1966/1872 2249/1997/1872 2248/1996/1872
f 2218/1966/1873 2219/1967/1873 2250/1998/1873 2249/1997/1873
f 2219/1967/1874 2220/1968/1874 2251/1999/1874 2250/1998/1874
f 2220/1968/1875 2221/1969/1875 2252/2000/1875 2251/1999/1875
f 2221/1969/1876 2222/1970/1876 2253/2001/1876 2252/2000/1876
f 2222/1970/1877 2223/1971/1877 2254/2002/1877 2253/2001/1877
f 2223/1971/1878 2224/1972/1878 2255/2003/1878 2254/2002/1878
f 2224/1972/1879 2225/1973/1879 2256/2004/1879 2255/2003/1879
f 2225/1973/1880 2226/1974/1880 2257/2005/1880 2256/2004/1880
f 2226/1974/1881 2227/1975/1881 2258/2006/1881 2257/2005/1881
f 2227/1975/1882 2228/1976/1882 2259/2007/1882 2258/2006/1882
f 2228/1976/1883 2229/1977/1883 2260/2008/1883 2259/2007/1883
f 2229/1977/1884 2230/1978/1884 2261/2009/1884 2260/2008/1884
f 2230/1978/1885 2231/1979/1885 2262/2010/1885 2261/2009/1885
f 2231/1979/1886 2232/1980/1886 2263/2011/1886 2262/2010/1886
f 2232/1980/1887 2233/1981/1887 2264/2012/1887 2263/2011/1887
f 2233/1981/1888 2234/1982/1888 2265/2013/1888 2264/2012/1888
f 2234/1982/1889 2235/1983/1889 2266/2014/1889 2265/2013/1889
f 2235/1983/1890 2236/1984/1890 2267/2015/1890 2266/2014/1890
f 2236/1984/1891 2237/1985/1891 2268/2016/1891 2267/2015/1891
f 2237/1985/1892 2238/1986/1892 2269/2017/1892 2268/2016/1892
f 2238/1986/1893 2239/1987/1893 2270/2018/1893 2269/2017/1893
f 2239/1987/1894 2240/1988/1894 2271/2019/1894 2270/2018/1894
f 2241/1990/1895 2242/1989/1895 2273/2020/1895 2272/2021/1895
f 2242/1989/1896 2243/1991/1896 2274/2022/1896 2273/2020/1896
f 2243/1991/1897 2244/1992/1897 2275/2023/1897 2274/2022/1897
f 2244/1992/1898 2245/1993/1898 2276/2024/1898 2275/2023/1898
f 2245/1993/1899 2246/1994/1899 2277/2025/1899 2276/2024/1899
f 2246/1994/1900 2247/1995/1900 2278/2026/1900 2277/2025/1900
f 2247/1995/1901 2248/1996/1901 2279/2027/1901 2278/2026/1901
f 2248/1996/1902 2249/1997/1902 2280/2028/1902 2279/2027/1902
f 2249/1997/1903 2250/1998/1903 2281/2029/1903 2280/2028/1903
f 2250/1998/1904 2251/1999/1904 2282/2030/1904 2281/2029/1904
f 2251/1999/1905 2252/2000/1905 2283/2031/1905 2282/2030/1905
f 2252/2000/1906 2253/2001/1906 2284/2032/1906 2283/2031/1906
f 2253/2001/1907 2254/2002/1907 2285/2033/1907 2284/2032/1907
f 2254/2002/1908 2255/2003/1908 2286/2034/1908 2285/2033/1908
f 2255/2003/1909 2256/2004/1909 2287/2035/1909 2286/2034/1909
f 2256/2004/1910 2257/2005/1910 2288/2036/1910 2287/2035/1910
f 2257/2005/1911 2258/2006/1911 2289/2037/1911 2288/2036/1911
f 2258/2006/1912 2259/2007/1912 2290/2038/1912 2289/2037/1912
f 2259/2007/1913 2260/2008/1913 2291/2039/1913 2290/2038/1913
f 2260/2008/1914 2261/2009/1914 2292/2040/1914 2291/2039/1914
f 2261/2009/1915 2262/2010/1915 2293/2041/1915 2292/2040/1915
f 2262/2010/1916 2263/2011/1916 2294/2042/1916 2293/2041/1916
f 2263/2011/1917 2264/2012/1917 2295/2043/1917 2294/2042/1917
f 2264/2012/1918 2265/2013/1918 2296/2044/1918 2295/2043/1918
f 2265/2013/1919 2266/2014/1919 2297/2045/1919 2296/2044/1919
f 2266/2014/1920 2267/2015/1920 2298/2046/1920 2297/2045/1920
f 2267/2015/1921 2268/2016/1921 2299/2047/1921 2298/2046/1921
f 2268/2016/1922 2269/2017/1922 2300/2048/1922 2299/2047/1922
f 2269/2017/1923 2270/2018/1923 2301/2049/1923 2300/2048/1923
f 2270/2018/1924 2271/2019/1924 2302/2050/1924 2301/2049/1924
f 4/2051/1925 163/2052/1925 1342/1090/1925 287/2053/1925
f 163/2052/1926 162/2054/1926 1343/1091/1926 1342/1090/1926
f 162/2054/1927 161/2055/1927 1344/1094/1927 1343/1091/1927
f 161/2055/1928 160/2056/1928 1345/1096/1928 1344/1094/1928
f 160/2056/1929 159/2057/1929 1346/1098/1929 1345/1096/1929
f 159/2057/1930 158/2058/1930 1347/1100/1930 1346/1098/1930
f 158/2058/1931 157/2059/1931 1348/1102/1931 1347/1100/1931
f 157/2059/1932 156/2060/1932 1349/1104/1932 1348/1102/1932
f 156/2060/1933 155/2061/1933 1350/1106/1933 1349/1104/1933
f 155/2061/1934 154/2062/1934 1351/1108/1934 1350/1106/1934
f 154/2062/1935 153/2063/1935 1352/1110/1935 1351/1108/1935
f 153/2063/1936 152/2064/1936 1353/1112/1936 1352/1110/1936
f 152/2064/1937 151/2065/1937 1354/1114/1937 1353/1112/1937
f 151/2065/1938 150/2066/1938 1355/1116/1938 1354/1114/1938
f 150/2066/1939 149/2067/1939 1356/1118/1939 1355/1116/1939
f 149/2067/1940 148/2068/1940 1357/1120/1940 1356/1118/1940
f 148/2068/1941 147/2069/1941 1358/1122/1941 1357/1120/1941
f 147/2069/1942 146/2070/1942 1359/1124/1942 1358/1122/1942
f 146/2070/1943 145/2071/1943 1360/1126/1943 1359/1124/1943
f 145/2071/1944 144/2072/1944 1361/1128/1944 1360/1126/1944
f 144/2072/1945 143/2073/1945 1362/1130/1945 1361/1128/1945
f 143/2073/1946 142/2074/1946 1363/1132/1946 1362/1130/1946
f 142/2074/1947 141/2075/1947 1364/1134/1947 1363/1132/1947
f 141/2075/1948 140/2076/1948 1365/1136/1948 1364/1134/1948
f 140/2076/1949 139/2077/1949 1366/1138/1949 1365/1136/1949
f 139/2077/1950 138/2078/1950 1367/1140/1950 1366/1138/1950
f 138/2078/1951 137/2079/1951 1368/1142/1951 1367/1140/1951
f 137/2079/1952 136/2080/1952 1369/1144/1952 1368/1142/1952
f 136/2080/1953 135/2081/1953 1370/1146/1953 1369/1144/1953
f 135/2081/1954 134/2082/1954 1371/1148/1954 1370/1146/1954
f 134/2082/1955 133/2083/1955 1372/1150/1955 1371/1148/1955
f 133/2083/1956 3/1060/1956 195/2084/1956 1372/1150/1956
f 1372/1150/1957 195/2084/1957 196/2085/1957 1403/1151/1957
f 1403/1151/1958 196/2085/1958 197/2086/1958 1434/1182/1958
f 1434/1182/1959 197/2086/1959 198/2087/1959 1465/1213/1959
f 1465/1213/1960 198/2087/1960 199/2088/1960 1496/1244/1960
f 1496/1244/1961 199/2088/1961 200/2089/1961 1527/1275/1961
f 1527/1275/1962 200/2089/1962 201/2090/1962 1558/1306/1962
f 1558/1306/1963 201/2090/1963 202/2091/1963 1589/1337/1963
f 1589/1337/1964 202/2091/1964 203/2092/1964 1620/1368/1964
f 1620/1368/1965 203/2092/1965 204/2093/1965 1651/1399/1965
f 1651/1399/1966 204/2093/1966 205/2094/1966 1682/1430/1966
f 1682/1430/1967 205/2094/1967 206/2095/1967 1713/1461/1967
f 1713/1461/1968 206/2095/1968 207/2096/1968 1744/1492/1968
f 1744/1492/1969 207/2096/1969 208/2097/1969 1775/1523/1969
f 1775/1523/1970 208/2097/1970 209/2098/1970 1806/1554/1970
f 1806/1554/1971 209/2098/1971 210/2099/1971 1837/1585/1971
f 1837/1585/1972 210/2099/1972 211/2100/1972 1868/1616/1972
f 1868/1616/1973 211/2100/1973 212/2101/1973 1899/1647/1973
f 1899/1647/1974 212/2101/1974 213/2102/1974 1930/1678/1974
f 1930/1678/1975 213/2102/1975 214/2103/1975 1961/1709/1975
f 1961/1709/1976 214/2103/1976 215/2104/1976 1992/1740/1976
f 1992/1740/1977 215/2104/1977 216/2105/1977 2023/1771/1977
f 2023/1771/1978 216/2105/1978 217/2106/1978 2054/1802/1978
f 2054/1802/1979 217/2106/1979 218/2107/1979 2085/1833/1979
f 2085/1833/1980 218/2107/1980 219/2108/1980 2116/1864/1980
f 2116/1864/1981 219/2108/1981 220/2109/1981 2147/1895/1981
f 2147/1895/1982 220/2109/1982 221/2110/1982 2178/1926/1982
f 2178/1926/1983 221/2110/1983 222/2111/1983 2209/1957/1983
f 2209/1957/1984 222/2111/1984 223/2112/1984 2240/1988/1984
f 2240/1988/1985 223/2112/1985 224/2113/1985 2271/2019/1985
f 2271/2019/1986 224/2113/1986 225/2114/1986 2302/2050/1986
f 2302/2050/1987 225/2114/1987 7/2115/1987 132/2116/1987
f 2301/2049/1988 2302/2050/1988 132/2116/1988 131/2117/1988
f 2300/2048/1989 2301/2049/1989 131/2117/1989 130/2118/1989
f 2299/2047/1990 2300/2048/1990 130/2118/1990 129/2119/1990
f 2298/2046/1991 2299/2047/1991 129/2119/1991 128/2120/1991
f 2297/2045/1992 2298/2046/1992 128/2120/1992 127/2121/1992
f 2296/2044/1993 2297/2045/1993 127/2121/1993 126/2122/1993
f 2295/2043/1994 2296/2044/1994 126/2122/1994 125/2123/1994
f 2294/2042/1995 2295/2043/1995 125/2123/1995 124/2124/1995
f 2293/2041/1996 2294/2042/1996 124/2124/1996 123/2125/1996
f 2292/2040/1997 2293/2041/1997 123/2125/1997 122/2126/1997
f 2291/2039/1998 2292/2040/1998 122/2126/1998 121/2127/1998
f 2290/2038/1999 2291/2039/1999 121/2127/1999 120/2128/1999
f 2289/2037/2000 2290/2038/2000 120/2128/2000 119/2129/2000
f 2288/2036/2001 2289/2037/2001 119/2129/2001 118/2130/2001
f 2287/2035/2002 2288/2036/2002 118/2130/2002 117/2131/2002
f 2286/2034/2003 2287/2035/2003 117/2131/2003 116/2132/2003
f 2285/2033/2004 2286/2034/2004 116/2132/2004 115/2133/2004
f 2284/2032/2005 2285/2033/2005 115/2133/2005 114/2134/2005
f 2283/2031/2006 2284/2032/2006 114/2134/2006 113/2135/2006
f 2282/2030/2007 2283/2031/2007 113/2135/2007 112/2136/2007
f 2281/2029/2008 2282/2030/2008 112/2136/2008 111/2137/2008
f 2280/2028/2009 2281/2029/2009 111/2137/2009 110/2138/2009
f 2279/2027/2010 2280/2028/2010 110/2138/2010 109/2139/2010
f 2278/2026/2011 2279/2027/2011 109/2139/2011 108/2140/2011
f 2277/2025/2012 2278/2026/2012 108/2140/2012 107/2141/2012
f 2276/2024/2013 2277/2025/2013 107/2141/2013 106/2142/2013
f 2275/2023/2014 2276/2024/2014 106/2142/2014 105/2143/2014
f 2274/2022/2015 2275/2023/2015 105/2143/2015 104/2144/2015
f 2273/2020/2016 2274/2022/2016 104/2144/2016 103/2145/2016
f 2272/2021/2017 2273/2020/2017 103/2145/2017 102/2146/2017
f 257/2147/2018 2272/2021/2018 102/2146/2018 8/2148/2018
f 258/2149/2019 2241/1990/2019 2272/2021/2019 257/2147/2019
f 259/2150/2020 2210/1959/2020 2241/1990/2020 258/2149/2020
f 260/2151/2021 2179/1928/2021 2210/1959/2021 259/2150/2021
f 261/2152/2022 2148/1897/2022 2179/1928/2022 260/2151/2022
f 262/2153/2023 2117/1866/2023 2148/1897/2023 261/2152/2023
f 263/2154/2024 2086/1835/2024 2117/1866/2024 262/2153/2024
f 264/2155/2025 2055/1804/2025 2086/1835/2025 263/2154/2025
f 265/2156/2026 2024/1773/2026 2055/1804/2026 264/2155/2026
f 266/2157/2027 1993/1742/2027 2024/1773/2027 265/2156/2027
f 267/2158/2028 1962/1711/2028 1993/1742/2028 266/2157/2028
f 268/2159/2029 1931/1680/2029 1962/1711/2029 267/2158/2029
f 269/2160/2030 1900/1649/2030 1931/1680/2030 268/2159/2030
f 270/2161/2031 1869/1618/2031 1900/1649/2031 269/2160/2031
f 271/2162/2032 1838/1587/2032 1869/1618/2032 270/2161/2032
f 272/2163/2033 1807/1556/2033 1838/1587/2033 271/2162/2033
f 273/2164/2034 1776/1525/2034 1807/1556/2034 272/2163/2034
f 274/2165/2035 1745/1494/2035 1776/1525/2035 273/2164/2035
f 275/2166/2036 1714/1463/2036 1745/1494/2036 274/2165/2036
f 276/2167/2037 1683/1432/2037 1714/1463/2037 275/2166/2037
f 277/2168/2038 1652/1401/2038 1683/1432/2038 276/2167/2038
f 278/2169/2039 1621/1370/2039 1652/1401/2039 277/2168/2039
f 279/2170/2040 1590/1339/2040 1621/1370/2040 278/2169/2040
f 280/2171/2041 1559/1308/2041 1590/1339/2041 279/2170/2041
f 281/2172/2042 1528/1277/2042 1559/1308/2042 280/2171/2042
f 282/2173/2043 1497/1246/2043 1528/1277/2043 281/2172/2043
f 283/2174/2044 1466/1215/2044 1497/1246/2044 282/2173/2044
f 284/2175/2045 1435/1184/2045 1466/1215/2045 283/2174/2045
f 285/2176/2046 1404/1153/2046 1435/1184/2046 284/2175/2046
f 286/2177/2047 1373/1093/2047 1404/1153/2047 285/2176/2047
f 287/2053/2048 1342/1090/2048 1373/1093/2048 286/2177/2048
f 2303/2178/2049 2304/2179/2049 2335/2180/2049 2334/2181/2049
f 2304/2179/2050 2305/2182/2050 2336/2183/2050 2335/2180/2050
f 2305/2182/2051 2306/2184/2051 2337/2185/2051 2336/2183/2051
f 2306/2184/2052 2307/2186/2052 2338/2187/2052 2337/2185/2052
f 2307/2186/2053 2308/2188/2053 2339/2189/2053 2338/2187/2053
f 2308/2188/2054 2309/2190/2054 2340/2191/2054 2339/2189/2054
f 2309/2190/2055 2310/2192/2055 2341/2193/2055 2340/2191/2055
f 2310/2192/2056 2311/2194/2056 2342/2195/2056 2341/2193/2056
f 2311/2194/2057 2312/2196/2057 2343/2197/2057 2342/2195/2057
f 2312/2196/2058 2313/2198/2058 2344/2199/2058 2343/2197/2058
f 2313/2198/2059 2314/2200/2059 2345/2201/2059 2344/2199/2059
f 2314/2200/2060 2315/2202/2060 2346/2203/2060 2345/2201/2060
f 2315/2202/2061 2316/2204/2061 2347/2205/2061 2346/2203/2061
f 2316/2204/2062 2317/2206/2062 2348/2207/2062 2347/2205/2062
f 2317/2206/2063 2318/2208/2063 2349/2209/2063 2348/2207/2063
f 2318/2208/2064 2319/2210/2064 2350/2211/2064 2349/2209/2064
f 2319/2210/2065 2320/2212/2065 2351/2213/2065 2350/2211/2065
f 2320/2212/2066 2321/2214/2066 2352/2215/2066 2351/2213/2066
f 2321/2214/2067 2322/2216/2067 2353/2217/2067 2352/2215/2067
f 2322/2216/2068 2323/2218/2068 2354/2219/2068 2353/2217/2068
f 2323/2218/2069 2324/2220/2069 2355/2221/2069 2354/2219/2069
f 2324/2220/2070 2325/2222/2070 2356/2223/2070 2355/2221/2070
f 2325/2222/2071 2326/2224/2071 2357/2225/2071 2356/2223/2071
f 2326/2224/2072 2327/2226/2072 2358/2227/2072 2357/2225/2072
f 2327/2226/2073 2328/2228/2073 2359/2229/2073 2358/2227/2073
f 2328/2228/2074 2329/2230/2074 2360/2231/2074 2359/2229/2074
f 2329/2230/2075 2330/2232/2075 2361/2233/2075 2360/2231/2075
f 2330/2232/2076 2331/2234/2076 2362/2235/2076 2361/2233/2076
f 2331/2234/2077 2332/2236/2077 2363/2237/2077 2362/2235/2077
f 2332/2236/2078 2333/2238/2078 2364/2239/2078 2363/2237/2078
f 2334/2181/2079 2335/2180/2079 2366/2240/2079 2365/2241/2079
f 2335/2180/2080 2336/2183/2080 2367/2242/2080 2366/2240/2080
f 2336/2183/2081 2337/2185/2081 2368/2243/2081 2367/2242/2081
f 2337/2185/2082 2338/2187/2082 2369/2244/2082 2368/2243/2082
f 2338/2187/2083 2339/2189/2083 2370/2245/2083 2369/2244/2083
f 2339/2189/2084 2340/2191/2084 2371/2246/2084 2370/2245/2084
f 2340/2191/2085 2341/2193/2085 2372/2247/2085 2371/2246/2085
f 2341/2193/2086 2342/2195/2086 2373/2248/2086 2372/2247/2086
f 2342/2195/2087 2343/2197/2087 2374/2249/2087 2373/2248/2087
f 2343/2197/2088 2344/2199/2088 2375/2250/2088 2374/2249/2088
f 2344/2199/2089 2345/2201/2089 2376/2251/2089 2375/2250/2089
f 2345/2201/2090 2346/2203/2090 2377/2252/2090 2376/2251/2090
f 2346/2203/2091 2347/2205/2091 2378/2253/2091 2377/2252/2091
f 2347/2205/2092 2348/2207/2092 2379/2254/2092 2378/2253/2092
f 2348/2207/2093 2349/2209/2093 2380/2255/2093 2379/2254/2093
f 2349/2209/2094 2350/2211/2094 2381/2256/2094 2380/2255/2094
f 2350/2211/2095 2351/2213/2095 2382/2257/2095 2381/2256/2095
f 2351/2213/2096 2352/2215/2096 2383/2258/2096 2382/2257/2096
f 2352/2215/2097 2353/2217/2097 2384/2259/2097 2383/2258/2097
f 2353/2217/2098 2354/2219/2098 2385/2260/2098 2384/2259/2098
f 2354/2219/2099 2355/2221/2099 2386/2261/2099 2385/2260/2099
f 2355/2221/2100 2356/2223/2100 2387/2262/2100 2386/2261/2100
f 2356/2223/2101 2357/2225/2101 2388/2263/2101 2387/2262/2101
f 2357/2225/2102 2358/2227/2102 2389/2264/2102 2388/2263/2102
f 2358/2227/2103 2359/2229/2103 2390/2265/2103 2389/2264/2103
f 2359/2229/2104 2360/2231/2104 2391/2266/2104 2390/2265/2104
f 2360/2231/2105 2361/2233/2105 2392/2267/2105 2391/2266/2105
f 2361/2233/2106 2362/2235/2106 2393/2268/2106 2392/2267/2106
f 2362/2235/2107 2363/2237/2107 2394/2269/2107 2393/2268/2107
f 2363/2237/2108 2364/2239/2108 2395/2270/2108 2394/2269/2108
f 2365/2241/2109 2366/2240/2109 2397/2271/2109 2396/2272/2109
f 2366/2240/2110 2367/2242/2110 2398/2273/2110 2397/2271/2110
f 2367/2242/2111 2368/2243/2111 2399/2274/2111 2398/2273/2111
f 2368/2243/2112 2369/2244/2112 2400/2275/2112 2399/2274/2112
f 2369/2244/2113 2370/2245/2113 2401/2276/2113 2400/2275/2113
f 2370/2245/2114 2371/2246/2114 2402/2277/2114 2401/2276/2114
f 2371/2246/2115 2372/2247/2115 2403/2278/2115 2402/2277/2115
f 2372/2247/2116 2373/2248/2116 2404/2279/2116 2403/2278/2116
f 2373/2248/2117 2374/2249/2117 2405/2280/2117 2404/2279/2117
f 2374/2249/2118 2375/2250/2118 2406/2281/2118 2405/2280/2118
f 2375/2250/2119 2376/2251/2119 2407/2282/2119 2406/2281/2119
f 2376/2251/2120 2377/2252/2120 2408/2283/2120 2407/2282/2120
f 2377/2252/2121 2378/2253/2121 2409/2284/2121 2408/2283/2121
f 2378/2253/2122 2379/2254/2122 2410/2285/2122 2409/2284/2122
f 2379/2254/2123 2380/2255/2123 2411/2286/2123 2410/2285/2123
f 2380/2255/2124 2381/2256/2124 2412/2287/2124 2411/2286/2124
f 2381/2256/2125 2382/2257/2125 2413/2288/2125 2412/2287/2125
f 2382/2257/2126 2383/2258/2126 2414/2289/2126 2413/2288/2126
f 2383/2258/2127 2384/2259/2127 2415/2290/2127 2414/2289/2127
f 2384/2259/2128 2385/2260/2128 2416/2291/2128 2415/2290/2128
f 2385/2260/2129 2386/2261/2129 2417/2292/2129 2416/2291/2129
f 2386/2261/2130 2387/2262/2130 2418/2293/2130 2417/2292/2130
f 2387/2262/2131 2388/2263/2131 2419/2294/2131 2418/2293/2131
f 2388/2263/2132 2389/2264/2132 2420/2295/2132 2419/2294/2132
f 2389/2264/2133 2390/2265/2133 2421/2296/2133 2420/2295/2133
f 2390/2265/2134 2391/2266/2134 2422/2297/2134 2421/2296/2134
f 2391/2266/2135 2392/2267/2135 2423/2298/2135 2422/2297/2135
f 2392/2267/2136 2393/2268/2136 2424/2299/2136 2423/2298/2136
f 2393/2268/2137 2394/2269/2137 2425/2300/2137 2424/2299/2137
f 2394/2269/2138 2395/2270/2138 2426/2301/2138 2425/2300/2138
f 2396/2272/2139 2397/2271/2139 2428/2302/2139 2427/2303/2139
f 2397/2271/2140 2398/2273/2140 2429/2304/2140 2428/2302/2140
f 2398/2273/2141 2399/2274/2141 2430/2305/2141 2429/2304/2141
f 2399/2274/2142 2400/2275/2142 2431/2306/2142 2430/2305/2142
f 2400/2275/2143 2401/2276/2143 2432/2307/2143 2431/2306/2143
f 2401/2276/2144 2402/2277/2144 2433/2308/2144 2432/2307/2144
f 2402/2277/2145 2403/2278/2145 2434/2309/2145 2433/2308/2145
f 2403/2278/2146 2404/2279/2146 2435/2310/2146 2434/2309/2146
f 2404/2279/2147 2405/2280/2147 2436/2311/2147 2435/2310/2147
f 2405/2280/2148 2406/2281/2148 2437/2312/2148 2436/2311/2148
f 2406/2281/2149 2407/2282/2149 2438/2313/2149 2437/2312/2149
f 2407/2282/2150 2408/2283/2150 2439/2314/2150 2438/2313/2150
f 2408/2283/2151 2409/2284/2151 2440/2315/2151 2439/2314/2151
f 2409/2284/2152 2410/2285/2152 2441/2316/2152 2440/2315/2152
f 2410/2285/2153 2411/2286/2153 2442/2317/2153 2441/2316/2153
f 2411/2286/2154 2412/2287/2154 2443/2318/2154 2442/2317/2154
f 2412/2287/2155 2413/2288/2155 2444/2319/2155 2443/2318/2155
f 2413/2288/2156 2414/2289/2156 2445/2320/2156 2444/2319/2156
f 2414/2289/2157 2415/2290/2157 2446/2321/2157 2445/2320/2157
f 2415/2290/2158 2416/2291/2158 2447/2322/2158 2446/2321/2158
f 2416/2291/2159 2417/2292/2159 2448/2323/2159 2447/2322/2159
f 2417/2292/2160 2418/2293/2160 2449/2324/2160 2448/2323/2160
f 2418/2293/2161 2419/2294/2161 2450/2325/2161 2449/2324/2161
f 2419/2294/2162 2420/2295/2162 2451/2326/2162 2450/2325/2162
f 2420/2295/2163 2421/2296/2163 2452/2327/2163 2451/2326/2163
f 2421/2296/2164 2422/2297/2164 2453/2328/2164 2452/2327/2164
f 2422/2297/2165 2423/2298/2165 2454/2329/2165 2453/2328/2165
f 2423/2298/2166 2424/2299/2166 2455/2330/2166 2454/2329/2166
f 2424/2299/2167 2425/2300/2167 2456/2331/2167 2455/2330/2167
f 2425/2300/2168 2426/2301/2168 2457/2332/2168 2456/2331/2168
f 2427/2303/2169 2428/2302/2169 2459/2333/2169 2458/2334/2169
f 2428/2302/2170 2429/2304/2170 2460/2335/2170 2459/2333/2170
f 2429/2304/2171 2430/2305/2171 2461/2336/2171 2460/2335/2171
f 2430/2305/2172 2431/2306/2172 2462/2337/2172 2461/2336/2172
f 2431/2306/2173 2432/2307/2173 2463/2338/2173 2462/2337/2173
f 2432/2307/2174 2433/2308/2174 2464/2339/2174 2463/2338/2174
f 2433/2308/2175 2434/2309/2175 2465/2340/2175 2464/2339/2175
f 2434/2309/2176 2435/2310/2176 2466/2341/2176 2465/2340/2176
f 2435/2310/2177 2436/2311/2177 2467/2342/2177 2466/2341/2177
f 2436/2311/2178 2437/2312/2178 2468/2343/2178 2467/2342/2178
f 2437/2312/2179 2438/2313/2179 2469/2344/2179 2468/2343/2179
f 2438/2313/2180 2439/2314/2180 2470/2345/2180 2469/2344/2180
f 2439/2314/2181 2440/2315/2181 2471/2346/2181 2470/2345/2181
f 2440/2315/2182 2441/2316/2182 2472/2347/2182 2471/2346/2182
f 2441/2316/2183 2442/2317/2183 2473/2348/2183 2472/2347/2183
f 2442/2317/2184 2443/2318/2184 2474/2349/2184 2473/2348/2184
f 2443/2318/2185 2444/2319/2185 2475/2350/2185 2474/2349/2185
f 2444/2319/2186 2445/2320/2186 2476/2351/2186 2475/2350/2186
f 2445/2320/2187 2446/2321/2187 2477/2352/2187 2476/2351/2187
f 2446/2321/2188 2447/2322/2188 2478/2353/2188 2477/2352/2188
f 2447/2322/2189 2448/2323/2189 2479/2354/2189 2478/2353/2189
f 2448/2323/2190 2449/2324/2190 2480/2355/2190 2479/2354/2190
f 2449/2324/2191 2450/2325/2191 2481/2356/2191 2480/2355/2191
f 2450/2325/2192 2451/2326/2192 2482/2357/2192 2481/2356/2192
f 2451/2326/2193 2452/2327/2193 2483/2358/2193 2482/2357/2193
f 2452/2327/2194 2453/2328/2194 2484/2359/2194 2483/2358/2194
f 2453/2328/2195 2454/2329/2195 2485/2360/2195 2484/2359/2195
f 2454/2329/2196 2455/2330/2196 2486/2361/2196 2485/2360/2196
f 2455/2330/2197 2456/2331/2197 2487/2362/2197 2486/2361/2197
f 2456/2331/2198 2457/2332/2198 2488/2363/2198 2487/2362/2198
f 2458/2334/2199 2459/2333/2199 2490/2364/2199 2489/2365/2199
f 2459/2333/2200 2460/2335/2200 2491/2366/2200 2490/2364/2200
f 2460/2335/2201 2461/2336/2201 2492/2367/2201 2491/2366/2201
f 2461/2336/2202 2462/2337/2202 2493/2368/2202 2492/2367/2202
f 2462/2337/2203 2463/2338/2203 2494/2369/2203 2493/2368/2203
f 2463/2338/2204 2464/2339/2204 2495/2370/2204 2494/2369/2204
f 2464/2339/2205 2465/2340/2205 2496/2371/2205 2495/2370/2205
f 2465/2340/2206 2466/2341/2206 2497/2372/2206 2496/2371/2206
f 2466/2341/2207 2467/2342/2207 2498/2373/2207 2497/2372/2207
f 2467/2342/2208 2468/2343/2208 2499/2374/2208 2498/2373/2208
f 2468/2343/2209 2469/2344/2209 2500/2375/2209 2499/2374/2209
f 2469/2344/2210 2470/2345/2210 2501/2376/2210 2500/2375/2210
f 2470/2345/2211 2471/2346/2211 2502/2377/2211 2501/2376/2211
f 2471/2346/2212 2472/2347/2212 2503/2378/2212 2502/2377/2212
f 2472/2347/2213 2473/2348/2213 2504/2379/2213 2503/2378/2213
f 2473/2348/2214 2474/2349/2214 2505/2380/2214 2504/2379/2214
f 2474/2349/2215 2475/2350/2215 2506/2381/2215 2505/2380/2215
f 2475/2350/2216 2476/2351/2216 2507/2382/2216 2506/2381/2216
f 2476/2351/2217 2477/2352/2217 2508/2383/2217 2507/2382/2217
f 2477/2352/2218 2478/2353/2218 2509/2384/2218 2508/2383/2218
f 2478/2353/2219 2479/2354/2219 2510/2385/2219 2509/2384/2219
f 2479/2354/2220 2480/2355/2220 2511/2386/2220 2510/2385/2220
f 2480/2355/2221 2481/2356/2221 2512/2387/2221 2511/2386/2221
f 2481/2356/2222 2482/2357/2222 2513/2388/2222 2512/2387/2222
f 2482/2357/2223 2483/2358/2223 2514/2389/2223 2513/2388/2223
f 2483/2358/2224 2484/2359/2224 2515/2390/2224 2514/2389/2224
f 2484/2359/2225 2485/2360/2225 2516/2391/2225 2515/2390/2225
f 2485/2360/2226 2486/2361/2226 2517/2392/2226 2516/2391/2226
f 2486/2361/2227 2487/2362/2227 2518/2393/2227 2517/2392/2227
f 2487/2362/2228 2488/2363/2228 2519/2394/2228 2518/2393/2228
f 2489/2365/2229 2490/2364/2229 2521/2395/2229 2520/2396/2229
f 2490/2364/2230 2491/2366/2230 2522/2397/2230 2521/2395/2230
f 2491/2366/2231 2492/2367/2231 2523/2398/2231 2522/2397/2231
f 2492/2367/2232 2493/2368/2232 2524/2399/2232 2523/2398/2232
f 2493/2368/2233 2494/2369/2233 2525/2400/2233 2524/2399/2233
f 2494/2369/2234 2495/2370/2234 2526/2401/2234 2525/2400/2234
f 2495/2370/2235 2496/2371/2235 2527/2402/2235 2526/2401/2235
f 2496/2371/2236 2497/2372/2236 2528/2403/2236 2527/2402/2236
f 2497/2372/2237 2498/2373/2237 2529/2404/2237 2528/2403/2237
f 2498/2373/2238 2499/2374/2238 2530/2405/2238 2529/2404/2238
f 2499/2374/2239 2500/2375/2239 2531/2406/2239 2530/2405/2239
f 2500/2375/2240 2501/2376/2240 2532/2407/2240 2531/2406/2240
f 2501/2376/2241 2502/2377/2241 2533/2408/2241 2532/2407/2241
f 2502/2377/2242 2503/2378/2242 2534/2409/2242 2533/2408/2242
f 2503/2378/2243 2504/2379/2243 2535/2410/2243 2534/2409/2243
f 2504/2379/2244 2505/2380/2244 2536/2411/2244 2535/2410/2244
f 2505/2380/2245 2506/2381/2245 2537/2412/2245 2536/2411/2245
f 2506/2381/2246 2507/2382/2246 2538/2413/2246 2537/2412/2246
f 2507/2382/2247 2508/2383/2247 2539/2414/2247 2538/2413/2247
f 2508/2383/2248 2509/2384/2248 2540/2415/2248 2539/2414/2248
f 2509/2384/2249 2510/2385/2249 2541/2416/2249 2540/2415/2249
f 2510/2385/2250 2511/2386/2250 2542/2417/2250 2541/2416/2250
f 2511/2386/2251 2512/2387/2251 2543/2418/2251 2542/2417/2251
f 2512/2387/2252 2513/2388/2252 2544/2419/2252 2543/2418/2252
f 2513/2388/2253 2514/2389/2253 2545/2420/2253 2544/2419/2253
f 2514/2389/2254 2515/2390/2254 2546/2421/2254 2545/2420/2254
f 2515/2390/2255 2516/2391/2255 2547/2422/2255 2546/2421/2255
f 2516/2391/2256 2517/2392/2256 2548/2423/2256 2547/2422/2256
f 2517/2392/2257 2518/2393/2257 2549/2424/2257 2548/2423/2257
f 2518/2393/2258 2519/2394/2258 2550/2425/2258 2549/2424/2258
f 2520/2396/2259 2521/2395/2259 2552/2426/2259 2551/2427/2259
f 2521/2395/2260 2522/2397/2260 2553/2428/2260 2552/2426/2260
f 2522/2397/2261 2523/2398/2261 2554/2429/2261 2553/2428/2261
f 2523/2398/2262 2524/2399/2262 2555/2430/2262 2554/2429/2262
f 2524/2399/2263 2525/2400/2263 2556/2431/2263 2555/2430/2263
f 2525/2400/2264 2526/2401/2264 2557/2432/2264 2556/2431/2264
f 2526/2401/2265 2527/2402/2265 2558/2433/2265 2557/2432/2265
f 2527/2402/2266 2528/2403/2266 2559/2434/2266 2558/2433/2266
f 2528/2403/2267 2529/2404/2267 2560/2435/2267 2559/2434/2267
f 2529/2404/2268 2530/2405/2268 2561/2436/2268 2560/2435/2268
f 2530/2405/2269 2531/2406/2269 2562/2437/2269 2561/2436/2269
f 2531/2406/2270 2532/2407/2270 2563/2438/2270 2562/2437/2270
f 2532/2407/2271 2533/2408/2271 2564/2439/2271 2563/2438/2271
f 2533/2408/2272 2534/2409/2272 2565/2440/2272 2564/2439/2272
f 2534/2409/2273 2535/2410/2273 2566/2441/2273 2565/2440/2273
f 2535/2410/2274 2536/2411/2274 2567/2442/2274 2566/2441/2274
f 2536/2411/2275 2537/2412/2275 2568/2443/2275 2567/2442/2275
f 2537/2412/2276 2538/2413/2276 2569/2444/2276 2568/2443/2276
f 2538/2413/2277 2539/2414/2277 2570/2445/2277 2569/2444/2277
f 2539/2414/2278 2540/2415/2278 2571/2446/2278 2570/2445/2278
f 2540/2415/2279 2541/2416/2279 2572/2447/2279 2571/2446/2279
f 2541/2416/2280 2542/2417/2280 2573/2448/2280 2572/2447/2280
f 2542/2417/2281 2543/2418/2281 2574/2449/2281 2573/2448/2281
f 2543/2418/2282 2544/2419/2282 2575/2450/2282 2574/2449/2282
f 2544/2419/2283 2545/2420/2283 2576/2451/2283 2575/2450/2283
f 2545/2420/2284 2546/2421/2284 2577/2452/2284 2576/2451/2284
f 2546/2421/2285 2547/2422/2285 2578/2453/2285 2577/2452/2285
f 2547/2422/2286 2548/2423/2286 2579/2454/2286 2578/2453/2286
f 2548/2423/2287 2549/2424/2287 2580/2455/2287 2579/2454/2287
f 2549/2424/2288 2550/2425/2288 2581/2456/2288 2580/2455/2288
f 2551/2427/2289 2552/2426/2289 2583/2457/2289 2582/2458/2289
f 2552/2426/2290 2553/2428/2290 2584/2459/2290 2583/2457/2290
f 2553/2428/2291 2554/2429/2291 2585/2460/2291 2584/2459/2291
f 2554/2429/2292 2555/2430/2292 2586/2461/2292 2585/2460/2292
f 2555/2430/2293 2556/2431/2293 2587/2462/2293 2586/2461/2293
f 2556/2431/2294 2557/2432/2294 2588/2463/2294 2587/2462/2294
f 2557/2432/2295 2558/2433/2295 2589/2464/2295 2588/2463/2295
f 2558/2433/2296 2559/2434/2296 2590/2465/2296 2589/2464/2296
f 2559/2434/2297 2560/2435/2297 2591/2466/2297 2590/2465/2297
f 2560/2435/2298 2561/2436/2298 2592/2467/2298 2591/2466/2298
f 2561/2436/2299 2562/2437/2299 2593/2468/2299 2592/2467/2299
f 2562/2437/2300 2563/2438/2300 2594/2469/2300 2593/2468/2300
f 2563/2438/2301 2564/2439/2301 2595/2470/2301 2594/2469/2301
f 2564/2439/2302 2565/2440/2302 2596/2471/2302 2595/2470/2302
f 2565/2440/2303 2566/2441/2303 2597/2472/2303 2596/2471/2303
f 2566/2441/2304 2567/2442/2304 2598/2473/2304 2597/2472/2304
f 2567/2442/2305 2568/2443/2305 2599/2474/2305 2598/2473/2305
f 2568/2443/2306 2569/2444/2306 2600/2475/2306 2599/2474/2306
f 2569/2444/2307 2570/2445/2307 2601/2476/2307 2600/2475/2307
f 2570/2445/2308 2571/2446/2308 2602/2477/2308 2601/2476/2308
f 2571/2446/2309 2572/2447/2309 2603/2478/2309 2602/2477/2309
f 2572/2447/2310 2573/2448/2310 2604/2479/2310 2603/2478/2310
f 2573/2448/2311 2574/2449/2311 2605/2480/2311 2604/2479/2311
f 2574/2449/2312 2575/2450/2312 2606/2481/2312 2605/2480/2312
f 2575/2450/2313 2576/2451/2313 2607/2482/2313 2606/2481/2313
f 2576/2451/2314 2577/2452/2314 2608/2483/2314 2607/2482/2314
f 2577/2452/2315 2578/2453/2315 2609/2484/2315 2608/2483/2315
f 2578/2453/2316 2579/2454/2316 2610/2485/2316 2609/2484/2316
f 2579/2454/2317 2580/2455/2317 2611/2486/2317 2610/2485/2317
f 2580/2455/2318 2581/2456/2318 2612/2487/2318 2611/2486/2318
f 2582/2458/2319 2583/2457/2319 2614/2488/2319 2613/2489/2319
f 2583/2457/2320 2584/2459/2320 2615/2490/2320 2614/2488/2320
f 2584/2459/2321 2585/2460/2321 2616/2491/2321 2615/2490/2321
f 2585/2460/2322 2586/2461/2322 2617/2492/2322 2616/2491/2322
f 2586/2461/2323 2587/2462/2323 2618/2493/2323 2617/2492/2323
f 2587/2462/2324 2588/2463/2324 2619/2494/2324 2618/2493/2324
f 2588/2463/2325 2589/2464/2325 2620/2495/2325 2619/2494/2325
f 2589/2464/2326 2590/2465/2326 2621/2496/2326 2620/2495/2326
f 2590/2465/2327 2591/2466/2327 2622/2497/2327 2621/2496/2327
f 2591/2466/2328 2592/2467/2328 2623/2498/2328 2622/2497/2328
f 2592/2467/2329 2593/2468/2329 2624/2499/2329 2623/2498/2329
f 2593/2468/2330 2594/2469/2330 2625/2500/2330 2624/2499/2330
f 2594/2469/2331 2595/2470/2331 2626/2501/2331 2625/2500/2331
f 2595/2470/2332 2596/2471/2332 2627/2502/2332 2626/2501/2332
f 2596/2471/2333 2597/2472/2333 2628/2503/2333 2627/2502/2333
f 2597/2472/2334 2598/2473/2334 2629/2504/2334 2628/2503/2334
f 2598/2473/2335 2599/2474/2335 2630/2505/2335 2629/2504/2335
f 2599/2474/2336 2600/2475/2336 2631/2506/2336 2630/2505/2336
f 2600/2475/2337 2601/2476/2337 2632/2507/2337 2631/2506/2337
f 2601/2476/2338 2602/2477/2338 2633/2508/2338 2632/2507/2338
f 2602/2477/2339 2603/2478/2339 2634/2509/2339 2633/2508/2339
f 2603/2478/2340 2604/2479/2340 2635/2510/2340 2634/2509/2340
f 2604/2479/2341 2605/2480/2341 2636/2511/2341 2635/2510/2341
f 2605/2480/2342 2606/2481/2342 2637/2512/2342 2636/2511/2342
f 2606/2481/2343 2607/2482/2343 2638/2513/2343 2637/2512/2343
f 2607/2482/2344 2608/2483/2344 2639/2514/2344 2638/2513/2344
f 2608/2483/2345 2609/2484/2345 2640/2515/2345 2639/2514/2345
f 2609/2484/2346 2610/2485/2346 2641/2516/2346 2640/2515/2346
f 2610/2485/2347 2611/2486/2347 2642/2517/2347 2641/2516/2347
f 2611/2486/2348 2612/2487/2348 2643/2518/2348 2642/2517/2348
f 2613/2489/2349 2614/2488/2349 2645/2519/2349 2644/2520/2349
f 2614/2488/2350 2615/2490/2350 2646/2521/2350 2645/2519/2350
f 2615/2490/2351 2616/2491/2351 2647/2522/2351 2646/2521/2351
f 2616/2491/2352 2617/2492/2352 2648/2523/2352 2647/2522/2352
f 2617/2492/2353 2618/2493/2353 2649/2524/2353 2648/2523/2353
f 2618/2493/2354 2619/2494/2354 2650/2525/2354 2649/2524/2354
f 2619/2494/2355 2620/2495/2355 2651/2526/2355 2650/2525/2355
f 2620/2495/2356 2621/2496/2356 2652/2527/2356 2651/2526/2356
f 2621/2496/2357 2622/2497/2357 2653/2528/2357 2652/2527/2357
f 2622/2497/2358 2623/2498/2358 2654/2529/2358 2653/2528/2358
f 2623/2498/2359 2624/2499/2359 2655/2530/2359 2654/2529/2359
f 2624/2499/2360 2625/2500/2360 2656/2531/2360 2655/2530/2360
f 2625/2500/2361 2626/2501/2361 2657/2532/2361 2656/2531/2361
f 2626/2501/2362 2627/2502/2362 2658/2533/2362 2657/2532/2362
f 2627/2502/2363 2628/2503/2363 2659/2534/2363 2658/2533/2363
f 2628/2503/2364 2629/2504/2364 2660/2535/2364 2659/2534/2364
f 2629/2504/2365 2630/2505/2365 2661/2536/2365 2660/2535/2365
f 2630/2505/2366 2631/2506/2366 2662/2537/2366 2661/2536/2366
f 2631/2506/2367 2632/2507/2367 2663/2538/2367 2662/2537/2367
f 2632/2507/2368 2633/2508/2368 2664/2539/2368 2663/2538/2368
f 2633/2508/2369 2634/2509/2369 2665/2540/2369 2664/2539/2369
f 2634/2509/2370 2635/2510/2370 2666/2541/2370 2665/2540/2370
f 2635/2510/2371 2636/2511/2371 2667/2542/2371 2666/2541/2371
f 2636/2511/2372 2637/2512/2372 2668/2543/2372 2667/2542/2372
f 2637/2512/2373 2638/2513/2373 2669/2544/2373 2668/2543/2373
f 2638/2513/2374 2639/2514/2374 2670/2545/2374 2669/2544/2374
f 2639/2514/2375 2640/2515/2375 2671/2546/2375 2670/2545/2375
f 2640/2515/2376 2641/2516/2376 2672/2547/2376 2671/2546/2376
f 2641/2516/2377 2642/2517/2377 2673/2548/2377 2672/2547/2377
f 2642/2517/2378 2643/2518/2378 2674/2549/2378 2673/2548/2378
f 2644/2520/2379 2645/2519/2379 2676/2550/2379 2675/2551/2379
f 2645/2519/2380 2646/2521/2380 2677/2552/2380 2676/2550/2380
f 2646/2521/2381 2647/2522/2381 2678/2553/2381 2677/2552/2381
f 2647/2522/2382 2648/2523/2382 2679/2554/2382 2678/2553/2382
f 2648/2523/2383 2649/2524/2383 2680/2555/2383 2679/2554/2383
f 2649/2524/2384 2650/2525/2384 2681/2556/2384 2680/2555/2384
f 2650/2525/2385 2651/2526/2385 2682/2557/2385 2681/2556/2385
f 2651/2526/2386 2652/2527/2386 2683/2558/2386 2682/2557/2386
f 2652/2527/2387 2653/2528/2387 2684/2559/2387 2683/2558/2387
f 2653/2528/2388 2654/2529/2388 2685/2560/2388 2684/2559/2388
f 2654/2529/2389 2655/2530/2389 2686/2561/2389 2685/2560/2389
f 2655/2530/2390 2656/2531/2390 2687/2562/2390 2686/2561/2390
f 2656/2531/2391 2657/2532/2391 2688/2563/2391 2687/2562/2391
f 2657/2532/2392 2658/2533/2392 2689/2564/2392 2688/2563/2392
f 2658/2533/2393 2659/2534/2393 2690/2565/2393 2689/2564/2393
f 2659/2534/2394 2660/2535/2394 2691/2566/2394 2690/2565/2394
f 2660/2535/2395 2661/2536/2395 2692/2567/2395 2691/2566/2395
f 2661/2536/2396 2662/2537/2396 2693/2568/2396 2692/2567/2396
f 2662/2537/2397 2663/2538/2397 2694/2569/2397 2693/2568/2397
f 2663/2538/2398 2664/2539/2398 2695/2570/2398 2694/2569/2398
f 2664/2539/2399 2665/2540/2399 2696/2571/2399 2695/2570/2399
f 2665/2540/2400 2666/2541/2400 2697/2572/2400 2696/2571/2400
f 2666/2541/2401 2667/2542/2401 2698/2573/2401 2697/2572/2401
f 2667/2542/2402 2668/2543/2402 2699/2574/2402 2698/2573/2402
f 2668/2543/2403 2669/2544/2403 2700/2575/2403 2699/2574/2403
f 2669/2544/2404 2670/2545/2404 2701/2576/2404 2700/2575/2404
f 2670/2545/2405 2671/2546/2405 2702/2577/2405 2701/2576/2405
f 2671/2546/2406 2672/2547/2406 2703/2578/2406 2702/2577/2406
f 2672/2547/2407 2673/2548/2407 2704/2579/2407 2703/2578/2407
f 2673/2548/2408 2674/2549/2408 2705/2580/2408 2704/2579/2408
f 2675/2551/2409 2676/2550/2409 2707/2581/2409 2706/2582/2409
f 2676/2550/2410 2677/2552/2410 2708/2583/2410 2707/2581/2410
f 2677/2552/2411 2678/2553/2411 2709/2584/2411 2708/2583/2411
f 2678/2553/2412 2679/2554/2412 2710/2585/2412 2709/2584/2412
f 2679/2554/2413 2680/2555/2413 2711/2586/2413 2710/2585/2413
f 2680/2555/2414 2681/2556/2414 2712/2587/2414 2711/2586/2414
f 2681/2556/2415 2682/2557/2415 2713/2588/2415 2712/2587/2415
f 2682/2557/2416 2683/2558/2416 2714/2589/2416 2713/2588/2416
f 2683/2558/2417 2684/2559/2417 2715/2590/2417 2714/2589/2417
f 2684/2559/2418 2685/2560/2418 2716/2591/2418 2715/2590/2418
f 2685/2560/2419 2686/2561/2419 2717/2592/2419 2716/2591/2419
f 2686/2561/2420 2687/2562/2420 2718/2593/2420 2717/2592/2420
f 2687/2562/2421 2688/2563/2421 2719/2594/2421 2718/2593/2421
f 2688/2563/2422 2689/2564/2422 2720/2595/2422 2719/2594/2422
f 2689/2564/2423 2690/2565/2423 2721/2596/2423 2720/2595/2423
f 2690/2565/2424 2691/2566/2424 2722/2597/2424 2721/2596/2424
f 2691/2566/2425 2692/2567/2425 2723/2598/2425 2722/2597/2425
f 2692/2567/2426 2693/2568/2426 2724/2599/2426 2723/2598/2426
f 2693/2568/2427 2694/2569/2427 2725/2600/2427 2724/2599/2427
f 2694/2569/2428 2695/2570/2428 2726/2601/2428 2725/2600/2428
f 2695/2570/2429 2696/2571/2429 2727/2602/2429 2726/2601/2429
f 2696/2571/2430 2697/2572/2430 2728/2603/2430 2727/2602/2430
f 2697/2572/2431 2698/2573/2431 2729/2604/2431 2728/2603/2431
f 2698/2573/2432 2699/2574/2432 2730/2605/2432 2729/2604/2432
f 2699/2574/2433 2700/2575/2433 2731/2606/2433 2730/2605/2433
f 2700/2575/2434 2701/2576/2434 2732/2607/2434 2731/2606/2434
f 2701/2576/2435 2702/2577/2435 2733/2608/2435 2732/2607/2435
f 2702/2577/2436 2703/2578/2436 2734/2609/2436 2733/2608/2436
f 2703/2578/2437 2704/2579/2437 2735/2610/2437 2734/2609/2437
f 2704/2579/2438 2705/2580/2438 2736/2611/2438 2735/2610/2438
f 2706/2582/2439 2707/2581/2439 2738/2612/2439 2737/2613/2439
f 2707/2581/2440 2708/2583/2440 2739/2614/2440 2738/2612/2440
f 2708/2583/2441 2709/2584/2441 2740/2615/2441 2739/2614/2441
f 2709/2584/2442 2710/2585/2442 2741/2616/2442 2740/2615/2442
f 2710/2585/2443 2711/2586/2443 2742/2617/2443 2741/2616/2443
f 2711/2586/2444 2712/2587/2444 2743/2618/2444 2742/2617/2444
f 2712/2587/2445 2713/2588/2445 2744/2619/2445 2743/2618/2445
f 2713/2588/2446 2714/2589/2446 2745/2620/2446 2744/2619/2446
f 2714/2589/2447 2715/2590/2447 2746/2621/2447 2745/2620/2447
f 2715/2590/2448 2716/2591/2448 2747/2622/2448 2746/2621/2448
f 2716/2591/2449 2717/2592/2449 2748/2623/2449 2747/2622/2449
f 2717/2592/2450 2718/2593/2450 2749/2624/2450 2748/2623/2450
f 2718/2593/2451 2719/2594/2451 2750/2625/2451 2749/2624/2451
f 2719/2594/2452 2720/2595/2452 2751/2626/2452 2750/2625/2452
f 2720/2595/2453 2721/2596/2453 2752/2627/2453 2751/2626/2453
f 2721/2596/2454 2722/2597/2454 2753/2628/2454 2752/2627/2454
f 2722/2597/2455 2723/2598/2455 2754/2629/2455 2753/2628/2455
f 2723/2598/2456 2724/2599/2456 2755/2630/2456 2754/2629/2456
f 2724/2599/2457 2725/2600/2457 2756/2631/2457 2755/2630/2457
f 2725/2600/2458 2726/2601/2458 2757/2632/2458 2756/2631/2458
f 2726/2601/2459 2727/2602/2459 2758/2633/2459 2757/2632/2459
f 2727/2602/2460 2728/2603/2460 2759/2634/2460 2758/2633/2460
f 2728/2603/2461 2729/2604/2461 2760/2635/2461 2759/2634/2461
f 2729/2604/2462 2730/2605/2462 2761/2636/2462 2760/2635/2462
f 2730/2605/2463 2731/2606/2463 2762/2637/2463 2761/2636/2463
f 2731/2606/2464 2732/2607/2464 2763/2638/2464 2762/2637/2464
f 2732/2607/2465 2733/2608/2465 2764/2639/2465 2763/2638/2465
f 2733/2608/2466 2734/2609/2466 2765/2640/2466 2764/2639/2466
f 2734/2609/2467 2735/2610/2467 2766/2641/2467 2765/2640/2467
f 2735/2610/2468 2736/2611/2468 2767/2642/2468 2766/2641/2468
f 2737/2613/2469 2738/2612/2469 2769/2643/2469 2768/2644/2469
f 2738/2612/2470 2739/2614/2470 2770/2645/2470 2769/2643/2470
f 2739/2614/2471 2740/2615/2471 2771/2646/2471 2770/2645/2471
f 2740/2615/2472 2741/2616/2472 2772/2647/2472 2771/2646/2472
f 2741/2616/2473 2742/2617/2473 2773/2648/2473 2772/2647/2473
f 2742/2617/2474 2743/2618/2474 2774/2649/2474 2773/2648/2474
f 2743/2618/2475 2744/2619/2475 2775/2650/2475 2774/2649/2475
f 2744/2619/2476 2745/2620/2476 2776/2651/2476 2775/2650/2476
f 2745/2620/2477 2746/2621/2477 2777/2652/2477 2776/2651/2477
f 2746/2621/2478 2747/2622/2478 2778/2653/2478 2777/2652/2478
f 2747/2622/2479 2748/2623/2479 2779/2654/2479 2778/2653/2479
f 2748/2623/2480 2749/2624/2480 2780/2655/2480 2779/2654/2480
f 2749/2624/2481 2750/2625/2481 2781/2656/2481 2780/2655/2481
f 2750/2625/2482 2751/2626/2482 2782/2657/2482 2781/2656/2482
f 2751/2626/2483 2752/2627/2483 2783/2658/2483 2782/2657/2483
f 2752/2627/2484 2753/2628/2484 2784/2659/2484 2783/2658/2484
f 2753/2628/2485 2754/2629/2485 2785/2660/2485 2784/2659/2485
f 2754/2629/2486 2755/2630/2486 2786/2661/2486 2785/2660/2486
f 2755/2630/2487 2756/2631/2487 2787/2662/2487 2786/2661/2487
f 2756/2631/2488 2757/2632/2488 2788/2663/2488 2787/2662/2488
f 2757/2632/2489 2758/2633/2489 2789/2664/2489 2788/2663/2489
f 2758/2633/2490 2759/2634/2490 2790/2665/2490 2789/2664/2490
f 2759/2634/2491 2760/2635/2491 2791/2666/2491 2790/2665/2491
f 2760/2635/2492 2761/2636/2492 2792/2667/2492 2791/2666/2492
f 2761/2636/2493 2762/2637/2493 2793/2668/2493 2792/2667/2493
f 2762/2637/2494 2763/2638/2494 2794/2669/2494 2793/2668/2494
f 2763/2638/2495 2764/2639/2495 2795/2670/2495 2794/2669/2495
f 2764/2639/2496 2765/2640/2496 2796/2671/2496 2795/2670/2496
f 2765/2640/2497 2766/2641/2497 2797/2672/2497 2796/2671/2497
f 2766/2641/2498 2767/2642/2498 2798/2673/2498 2797/2672/2498
f 2768/2644/2499 2769/2643/2499 2800/2674/2499 2799/2675/2499
f 2769/2643/2500 2770/2645/2500 2801/2676/2500 2800/2674/2500
f 2770/2645/2501 2771/2646/2501 2802/2677/2501 2801/2676/2501
f 2771/2646/2502 2772/2647/2502 2803/2678/2502 2802/2677/2502
f 2772/2647/2503 2773/2648/2503 2804/2679/2503 2803/2678/2503
f 2773/2648/2504 2774/2649/2504 2805/2680/2504 2804/2679/2504
f 2774/2649/2505 2775/2650/2505 2806/2681/2505 2805/2680/2505
f 2775/2650/2506 2776/2651/2506 2807/2682/2506 2806/2681/2506
f 2776/2651/2507 2777/2652/2507 2808/2683/2507 2807/2682/2507
f 2777/2652/2508 2778/2653/2508 2809/2684/2508 2808/2683/2508
f 2778/2653/2509 2779/2654/2509 2810/2685/2509 2809/2684/2509
f 2779/2654/2510 2780/2655/2510 2811/2686/2510 2810/2685/2510
f 2780/2655/2511 2781/2656/2511 2812/2687/2511 2811/2686/2511
f 2781/2656/2512 2782/2657/2512 2813/2688/2512 2812/2687/2512
f 2782/2657/2513 2783/2658/2513 2814/2689/2513 2813/2688/2513
f 2783/2658/2514 2784/2659/2514 2815/2690/2514 2814/2689/2514
f 2784/2659/2515 2785/2660/2515 2816/2691/2515 2815/2690/2515
f 2785/2660/2516 2786/2661/2516 2817/2692/2516 2816/2691/2516
f 2786/2661/2517 2787/2662/2517 2818/2693/2517 2817/2692/2517
f 2787/2662/2518 2788/2663/2518 2819/2694/2518 2818/2693/2518
f 2788/2663/2519 2789/2664/2519 2820/2695/2519 2819/2694/2519
f 2789/2664/2520 2790/2665/2520 2821/2696/2520 2820/2695/2520
f 2790/2665/2521 2791/2666/2521 2822/2697/2521 2821/2696/2521
f 2791/2666/2522 2792/2667/2522 2823/2698/2522 2822/2697/2522
f 2792/2667/2523 2793/2668/2523 2824/2699/2523 2823/2698/2523
f 2793/2668/2524 2794/2669/2524 2825/2700/2524 2824/2699/2524
f 2794/2669/2525 2795/2670/2525 2826/2701/2525 2825/2700/2525
f 2795/2670/2526 2796/2671/2526 2827/2702/2526 2826/2701/2526
f 2796/2671/2527 2797/2672/2527 2828/2703/2527 2827/2702/2527
f 2797/2672/2528 2798/2673/2528 2829/2704/2528 2828/2703/2528
f 2799/2675/2529 2800/2674/2529 2831/2705/2529 2830/2706/2529
f 2800/2674/2530 2801/2676/2530 2832/2707/2530 2831/2705/2530
f 2801/2676/2531 2802/2677/2531 2833/2708/2531 2832/2707/2531
f 2802/2677/2532 2803/2678/2532 2834/2709/2532 2833/2708/2532
f 2803/2678/2533 2804/2679/2533 2835/2710/2533 2834/2709/2533
f 2804/2679/2534 2805/2680/2534 2836/2711/2534 2835/2710/2534
f 2805/2680/2535 2806/2681/2535 2837/2712/2535 2836/2711/2535
f 2806/2681/2536 2807/2682/2536 2838/2713/2536 2837/2712/2536
f 2807/2682/2537 2808/2683/2537 2839/2714/2537 2838/2713/2537
f 2808/2683/2538 2809/2684/2538 2840/2715/2538 2839/2714/2538
f 2809/2684/2539 2810/2685/2539 2841/2716/2539 2840/2715/2539
f 2810/2685/2540 2811/2686/2540 2842/2717/2540 2841/2716/2540
f 2811/2686/2541 2812/2687/2541 2843/2718/2541 2842/2717/2541
f 2812/2687/2542 2813/2688/2542 2844/2719/2542 2843/2718/2542
f 2813/2688/2543 2814/2689/2543 2845/2720/2543 2844/2719/2543
f 2814/2689/2544 2815/2690/2544 2846/2721/2544 2845/2720/2544
f 2815/2690/2545 2816/2691/2545 2847/2722/2545 2846/2721/2545
f 2816/2691/2546 2817/2692/2546 2848/2723/2546 2847/2722/2546
f 2817/2692/2547 2818/2693/2547 2849/2724/2547 2848/2723/2547
f 2818/2693/2548 2819/2694/2548 2850/2725/2548 2849/2724/2548
f 2819/2694/2549 2820/2695/2549 2851/2726/2549 2850/2725/2549
f 2820/2695/2550 2821/2696/2550 2852/2727/2550 2851/2726/2550
f 2821/2696/2551 2822/2697/2551 2853/2728/2551 2852/2727/2551
f 2822/2697/2552 2823/2698/2552 2854/2729/2552 2853/2728/2552
f 2823/2698/2553 2824/2699/2553 2855/2730/2553 2854/2729/2553
f 2824/2699/2554 2825/2700/2554 2856/2731/2554 2855/2730/2554
f 2825/2700/2555 2826/2701/2555 2857/2732/2555 2856/2731/2555
f 2826/2701/2556 2827/2702/2556 2858/2733/2556 2857/2732/2556
f 2827/2702/2557 2828/2703/2557 2859/2734/2557 2858/2733/2557
f 2828/2703/2558 2829/2704/2558 2860/2735/2558 2859/2734/2558
f 2830/2706/2559 2831/2705/2559 2862/2736/2559 2861/2737/2559
f 2831/2705/2560 2832/2707/2560 2863/2738/2560 2862/2736/2560
f 2832/2707/2561 2833/2708/2561 2864/2739/2561 2863/2738/2561
f 2833/2708/2562 2834/2709/2562 2865/2740/2562 2864/2739/2562
f 2834/2709/2563 2835/2710/2563 2866/2741/2563 2865/2740/2563
f 2835/2710/2564 2836/2711/2564 2867/2742/2564 2866/2741/2564
f 2836/2711/2565 2837/2712/2565 2868/2743/2565 2867/2742/2565
f 2837/2712/2566 2838/2713/2566 2869/2744/2566 2868/2743/2566
f 2838/2713/2567 2839/2714/2567 2870/2745/2567 2869/2744/2567
f 2839/2714/2568 2840/2715/2568 2871/2746/2568 2870/2745/2568
f 2840/2715/2569 2841/2716/2569 2872/2747/2569 2871/2746/2569
f 2841/2716/2570 2842/2717/2570 2873/2748/2570 2872/2747/2570
f 2842/2717/2571 2843/2718/2571 2874/2749/2571 2873/2748/2571
f 2843/2718/2572 2844/2719/2572 2875/2750/2572 2874/2749/2572
f 2844/2719/2573 2845/2720/2573 2876/2751/2573 2875/2750/2573
f 2845/2720/2574 2846/2721/2574 2877/2752/2574 2876/2751/2574
f 2846/2721/2575 2847/2722/2575 2878/2753/2575 2877/2752/2575
f 2847/2722/2576 2848/2723/2576 2879/2754/2576 2878/2753/2576
f 2848/2723/2577 2849/2724/2577 2880/2755/2577 2879/2754/2577
f 2849/2724/2578 2850/2725/2578 2881/2756/2578 2880/2755/2578
f 2850/2725/2579 2851/2726/2579 2882/2757/2579 2881/2756/2579
f 2851/2726/2580 2852/2727/2580 2883/2758/2580 2882/2757/2580
f 2852/2727/2581 2853/2728/2581 2884/2759/2581 2883/2758/2581
f 2853/2728/2582 2854/2729/2582 2885/2760/2582 2884/2759/2582
f 2854/2729/2583 2855/2730/2583 2886/2761/2583 2885/2760/2583
f 2855/2730/2584 2856/2731/2584 2887/2762/2584 2886/2761/2584
f 2856/2731/2585 2857/2732/2585 2888/2763/2585 2887/2762/2585
f 2857/2732/2586 2858/2733/2586 2889/2764/2586 2888/2763/2586
f 2858/2733/2587 2859/2734/2587 2890/2765/2587 2889/2764/2587
f 2859/2734/2588 2860/2735/2588 2891/2766/2588 2890/2765/2588
f 2861/2737/2589 2862/2736/2589 2893/2767/2589 2892/2768/2589
f 2862/2736/2590 2863/2738/2590 2894/2769/2590 2893/2767/2590
f 2863/2738/2591 2864/2739/2591 2895/2770/2591 2894/2769/2591
f 2864/2739/2592 2865/2740/2592 2896/2771/2592 2895/2770/2592
f 2865/2740/2593 2866/2741/2593 2897/2772/2593 2896/2771/2593
f 2866/2741/2594 2867/2742/2594 2898/2773/2594 2897/2772/2594
f 2867/2742/2595 2868/2743/2595 2899/2774/2595 2898/2773/2595
f 2868/2743/2596 2869/2744/2596 2900/2775/2596 2899/2774/2596
f 2869/2744/2597 2870/2745/2597 2901/2776/2597 2900/2775/2597
f 2870/2745/2598 2871/2746/2598 2902/2777/2598 2901/2776/2598
f 2871/2746/2599 2872/2747/2599 2903/2778/2599 2902/2777/2599
f 2872/2747/2600 2873/2748/2600 2904/2779/2600 2903/2778/2600
f 2873/2748/2601 2874/2749/2601 2905/2780/2601 2904/2779/2601
f 2874/2749/2602 2875/2750/2602 2906/2781/2602 2905/2780/2602
f 2875/2750/2603 2876/2751/2603 2907/2782/2603 2906/2781/2603
f 2876/2751/2604 2877/2752/2604 2908/2783/2604 2907/2782/2604
f 2877/2752/2605 2878/2753/2605 2909/2784/2605 2908/2783/2605
f 2878/2753/2606 2879/2754/2606 2910/2785/2606 2909/2784/2606
f 2879/2754/2607 2880/2755/2607 2911/2786/2607 2910/2785/2607
f 2880/2755/2608 2881/2756/2608 2912/2787/2608 2911/2786/2608
f 2881/2756/2609 2882/2757/2609 2913/2788/2609 2912/2787/2609
f 2882/2757/2610 2883/2758/2610 2914/2789/2610 2913/2788/2610
f 2883/2758/2611 2884/2759/2611 2915/2790/2611 2914/2789/2611
f 2884/2759/2612 2885/2760/2612 2916/2791/2612 2915/2790/2612
f 2885/2760/2613 2886/2761/2613 2917/2792/2613 2916/2791/2613
f 2886/2761/2614 2887/2762/2614 2918/2793/2614 2917/2792/2614
f 2887/2762/2615 2888/2763/2615 2919/2794/2615 2918/2793/2615
f 2888/2763/2616 2889/2764/2616 2920/2795/2616 2919/2794/2616
f 2889/2764/2617 2890/2765/2617 2921/2796/2617 2920/2795/2617
f 2890/2765/2618 2891/2766/2618 2922/2797/2618 2921/2796/2618
f 2892/2768/2619 2893/2767/2619 2924/2798/2619 2923/2799/2619
f 2893/2767/2620 2894/2769/2620 2925/2800/2620 2924/2798/2620
f 2894/2769/2621 2895/2770/2621 2926/2801/2621 2925/2800/2621
f 2895/2770/2622 2896/2771/2622 2927/2802/2622 2926/2801/2622
f 2896/2771/2623 2897/2772/2623 2928/2803/2623 2927/2802/2623
f 2897/2772/2624 2898/2773/2624 2929/2804/2624 2928/2803/2624
f 2898/2773/2625 2899/2774/2625 2930/2805/2625 2929/2804/2625
f 2899/2774/2626 2900/2775/2626 2931/2806/2626 2930/2805/2626
f 2900/2775/2627 2901/2776/2627 2932/2807/2627 2931/2806/2627
f 2901/2776/2628 2902/2777/2628 2933/2808/2628 2932/2807/2628
f 2902/2777/2629 2903/2778/2629 2934/2809/2629 2933/2808/2629
f 2903/2778/2630 2904/2779/2630 2935/2810/2630 2934/2809/2630
f 2904/2779/2631 2905/2780/2631 2936/2811/2631 2935/2810/2631
f 2905/2780/2632 2906/2781/2632 2937/2812/2632 2936/2811/2632
f 2906/2781/2633 2907/2782/2633 2938/2813/2633 2937/2812/2633
f 2907/2782/2634 2908/2783/2634 2939/2814/2634 2938/2813/2634
f 2908/2783/2635 2909/2784/2635 2940/2815/2635 2939/2814/2635
f 2909/2784/2636 2910/2785/2636 2941/2816/2636 2940/2815/2636
f 2910/2785/2637 2911/2786/2637 2942/2817/2637 2941/2816/2637
f 2911/2786/2638 2912/2787/2638 2943/2818/2638 2942/2817/2638
f 2912/2787/2639 2913/2788/2639 2944/2819/2639 2943/2818/2639
f 2913/2788/2640 2914/2789/2640 2945/2820/2640 2944/2819/2640
f 2914/2789/2641 2915/2790/2641 2946/2821/2641 2945/2820/2641
f 2915/2790/2642 2916/2791/2642 2947/2822/2642 2946/2821/2642
f 2916/2791/2643 2917/2792/2643 2948/2823/2643 2947/2822/2643
f 2917/2792/2644 2918/2793/2644 2949/2824/2644 2948/2823/2644
f 2918/2793/2645 2919/2794/2645 2950/2825/2645 2949/2824/2645
f 2919/2794/2646 2920/2795/2646 2951/2826/2646 2950/2825/2646
f 2920/2795/2647 2921/2796/2647 2952/2827/2647 2951/2826/2647
f 2921/2796/2648 2922/2797/2648 2953/2828/2648 2952/2827/2648
f 2923/2799/2649 2924/2798/2649 2955/2829/2649 2954/2830/2649
f 2924/2798/2650 2925/2800/2650 2956/2831/2650 2955/2829/2650
f 2925/2800/2651 2926/2801/2651 2957/2832/2651 2956/2831/2651
f 2926/2801/2652 2927/2802/2652 2958/2833/2652 2957/2832/2652
f 2927/2802/2653 2928/2803/2653 2959/2834/2653 2958/2833/2653
f 2928/2803/2654 2929/2804/2654 2960/2835/2654 2959/2834/2654
f 2929/2804/2655 2930/2805/2655 2961/2836/2655 2960/2835/2655
f 2930/2805/2656 2931/2806/2656 2962/2837/2656 2961/2836/2656
f 2931/2806/2657 2932/2807/2657 2963/2838/2657 2962/2837/2657
f 2932/2807/2658 2933/2808/2658 2964/2839/2658 2963/2838/2658
f 2933/2808/2659 2934/2809/2659 2965/2840/2659 2964/2839/2659
f 2934/2809/2660 2935/2810/2660 2966/2841/2660 2965/2840/2660
f 2935/2810/2661 2936/2811/2661 2967/2842/2661 2966/2841/2661
f 2936/2811/2662 2937/2812/2662 2968/2843/2662 2967/2842/2662
f 2937/2812/2663 2938/2813/2663 2969/2844/2663 2968/2843/2663
f 2938/2813/2664 2939/2814/2664 2970/2845/2664 2969/2844/2664
f 2939/2814/2665 2940/2815/2665 2971/2846/2665 2970/2845/2665
f 2940/2815/2666 2941/2816/2666 2972/2847/2666 2971/2846/2666
f 2941/2816/2667 2942/2817/2667 2973/2848/2667 2972/2847/2667
f 2942/2817/2668 2943/2818/2668 2974/2849/2668 2973/2848/2668
f 2943/2818/2669 2944/2819/2669 2975/2850/2669 2974/2849/2669
f 2944/2819/2670 2945/2820/2670 2976/2851/2670 2975/2850/2670
f 2945/2820/2671 2946/2821/2671 2977/2852/2671 2976/2851/2671
f 2946/2821/2672 2947/2822/2672 2978/2853/2672 2977/2852/2672
f 2947/2822/2673 2948/2823/2673 2979/2854/2673 2978/2853/2673
f 2948/2823/2674 2949/2824/2674 2980/2855/2674 2979/2854/2674
f 2949/2824/2675 2950/2825/2675 2981/2856/2675 2980/2855/2675
f 2950/2825/2676 2951/2826/2676 2982/2857/2676 2981/2856/2676
f 2951/2826/2677 2952/2827/2677 2983/2858/2677 2982/2857/2677
f 2952/2827/2678 2953/2828/2678 2984/2859/2678 2983/2858/2678
f 2954/2830/2679 2955/2829/2679 2986/2860/2679 2985/2861/2679
f 2955/2829/2680 2956/2831/2680 2987/2862/2680 2986/2860/2680
f 2956/2831/2681 2957/2832/2681 2988/2863/2681 2987/2862/2681
f 2957/2832/2682 2958/2833/2682 2989/2864/2682 2988/2863/2682
f 2958/2833/2683 2959/2834/2683 2990/2865/2683 2989/2864/2683
f 2959/2834/2684 2960/2835/2684 2991/2866/2684 2990/2865/2684
f 2960/2835/2685 2961/2836/2685 2992/2867/2685 2991/2866/2685
f 2961/2836/2686 2962/2837/2686 2993/2868/2686 2992/2867/2686
f 2962/2837/2687 2963/2838/2687 2994/2869/2687 2993/2868/2687
f 2963/2838/2688 2964/2839/2688 2995/2870/2688 2994/2869/2688
f 2964/2839/2689 2965/2840/2689 2996/2871/2689 2995/2870/2689
f 2965/2840/2690 2966/2841/2690 2997/2872/2690 2996/2871/2690
f 2966/2841/2691 2967/2842/2691 2998/2873/2691 2997/2872/2691
f 2967/2842/2692 2968/2843/2692 2999/2874/2692 2998/2873/2692
f 2968/2843/2693 2969/2844/2693 3000/2875/2693 2999/2874/2693
f 2969/2844/2694 2970/2845/2694 3001/2876/2694 3000/2875/2694
f 2970/2845/2695 2971/2846/2695 3002/2877/2695 3001/2876/2695
f 2971/2846/2696 2972/2847/2696 3003/2878/2696 3002/2877/2696
f 2972/2847/2697 2973/2848/2697 3004/2879/2697 3003/2878/2697
f 2973/2848/2698 2974/2849/2698 3005/2880/2698 3004/2879/2698
f 2974/2849/2699 2975/2850/2699 3006/2881/2699 3005/2880/2699
f 2975/2850/2700 2976/2851/2700 3007/2882/2700 3006/2881/2700
f 2976/2851/2701 2977/2852/2701 3008/2883/2701 3007/2882/2701
f 2977/2852/2702 2978/2853/2702 3009/2884/2702 3008/2883/2702
f 2978/2853/2703 2979/2854/2703 3010/2885/2703 3009/2884/2703
f 2979/2854/2704 2980/2855/2704 3011/2886/2704 3010/2885/2704
f 2980/2855/2705 2981/2856/2705 3012/2887/2705 3011/2886/2705
f 2981/2856/2706 2982/2857/2706 3013/2888/2706 3012/2887/2706
f 2982/2857/2707 2983/2858/2707 3014/2889/2707 3013/2888/2707
f 2983/2858/2708 2984/2859/2708 3015/2890/2708 3014/2889/2708
f 2985/2861/2709 2986/2860/2709 3017/2891/2709 3016/2892/2709
f 2986/2860/2710 2987/2862/2710 3018/2893/2710 3017/2891/2710
f 2987/2862/2711 2988/2863/2711 3019/2894/2711 3018/2893/2711
f 2988/2863/2712 2989/2864/2712 3020/2895/2712 3019/2894/2712
f 2989/2864/2713 2990/2865/2713 3021/2896/2713 3020/2895/2713
f 2990/2865/2714 2991/2866/2714 3022/2897/2714 3021/2896/2714
f 2991/2866/2715 2992/2867/2715 3023/2898/2715 3022/2897/2715
f 2992/2867/2716 2993/2868/2716 3024/2899/2716 3023/2898/2716
f 2993/2868/2717 2994/2869/2717 3025/2900/2717 3024/2899/2717
f 2994/2869/2718 2995/2870/2718 3026/2901/2718 3025/2900/2718
f 2995/2870/2719 2996/2871/2719 3027/2902/2719 3026/2901/2719
f 2996/2871/2720 2997/2872/2720 3028/2903/2720 3027/2902/2720
f 2997/2872/2721 2998/2873/2721 3029/2904/2721 3028/2903/2721
f 2998/2873/2722 2999/2874/2722 3030/2905/2722 3029/2904/2722
f 2999/2874/2723 3000/2875/2723 3031/2906/2723 3030/2905/2723
f 3000/2875/2724 3001/2876/2724 3032/2907/2724 3031/2906/2724
f 3001/2876/2725 3002/2877/2725 3033/2908/2725 3032/2907/2725
f 3002/2877/2726 3003/2878/2726 3034/2909/2726 3033/2908/2726
f 3003/2878/2727 3004/2879/2727 3035/2910/2727 3034/2909/2727
f 3004/2879/2728 3005/2880/2728 3036/2911/2728 3035/2910/2728
f 3005/2880/2729 3006/2881/2729 3037/2912/2729 3036/2911/2729
f 3006/2881/2730 3007/2882/2730 3038/2913/2730 3037/2912/2730
f 3007/2882/2731 3008/2883/2731 3039/2914/2731 3038/2913/2731
f 3008/2883/2732 3009/2884/2732 3040/2915/2732 3039/2914/2732
f 3009/2884/2733 3010/2885/2733 3041/2916/2733 3040/2915/2733
f 3010/2885/2734 3011/2886/2734 3042/2917/2734 3041/2916/2734
f 3011/2886/2735 3012/2887/2735 3043/2918/2735 3042/2917/2735
f 3012/2887/2736 3013/2888/2736 3044/2919/2736 3043/2918/2736
f 3013/2888/2737 3014/2889/2737 3045/2920/2737 3044/2919/2737
f 3014/2889/2738 3015/2890/2738 3046/2921/2738 3045/2920/2738
f 3016/2892/2739 3017/2891/2739 3048/2922/2739 3047/2923/2739
f 3017/2891/2740 3018/2893/2740 3049/2924/2740 3048/2922/2740
f 3018/2893/2741 3019/2894/2741 3050/2925/2741 3049/2924/2741
f 3019/2894/2742 3020/2895/2742 3051/2926/2742 3050/2925/2742
f 3020/2895/2743 3021/2896/2743 3052/2927/2743 3051/2926/2743
f 3021/2896/2744 3022/2897/2744 3053/2928/2744 3052/2927/2744
f 3022/2897/2745 3023/2898/2745 3054/2929/2745 3053/2928/2745
f 3023/2898/2746 3024/2899/2746 3055/2930/2746 3054/2929/2746
f 3024/2899/2747 3025/2900/2747 3056/2931/2747 3055/2930/2747
f 3025/2900/2748 3026/2901/2748 3057/2932/2748 3056/2931/2748
f 3026/2901/2749 3027/2902/2749 3058/2933/2749 3057/2932/2749
f 3027/2902/2750 3028/2903/2750 3059/2934/2750 3058/2933/2750
f 3028/2903/2751 3029/2904/2751 3060/2935/2751 3059/2934/2751
f 3029/2904/2752 3030/2905/2752 3061/2936/2752 3060/2935/2752
f 3030/2905/2753 3031/2906/2753 3062/2937/2753 3061/2936/2753
f 3031/2906/2754 3032/2907/2754 3063/2938/2754 3062/2937/2754
f 3032/2907/2755 3033/2908/2755 3064/2939/2755 3063/2938/2755
f 3033/2908/2756 3034/2909/2756 3065/2940/2756 3064/2939/2756
f 3034/2909/2757 3035/2910/2757 3066/2941/2757 3065/2940/2757
f 3035/2910/2758 3036/2911/2758 3067/2942/2758 3066/2941/2758
f 3036/2911/2759 3037/2912/2759 3068/2943/2759 3067/2942/2759
f 3037/2912/2760 3038/2913/2760 3069/2944/2760 3068/2943/2760
f 3038/2913/2761 3039/2914/2761 3070/2945/2761 3069/2944/2761
f 3039/2914/2762 3040/2915/2762 3071/2946/2762 3070/2945/2762
f 3040/2915/2763 3041/2916/2763 3072/2947/2763 3071/2946/2763
f 3041/2916/2764 3042/2917/2764 3073/2948/2764 3072/2947/2764
f 3042/2917/2765 3043/2918/2765 3074/2949/2765 3073/2948/2765
f 3043/2918/2766 3044/2919/2766 3075/2950/2766 3074/2949/2766
f 3044/2919/2767 3045/2920/2767 3076/2951/2767 3075/2950/2767
f 3045/2920/2768 3046/2921/2768 3077/2952/2768 3076/2951/2768
f 3047/2923/2769 3048/2922/2769 3079/2953/2769 3078/2954/2769
f 3048/2922/2770 3049/2924/2770 3080/2955/2770 3079/2953/2770
f 3049/2924/2771 3050/2925/2771 3081/2956/2771 3080/2955/2771
f 3050/2925/2772 3051/2926/2772 3082/2957/2772 3081/2956/2772
f 3051/2926/2773 3052/2927/2773 3083/2958/2773 3082/2957/2773
f 3052/2927/2774 3053/2928/2774 3084/2959/2774 3083/2958/2774
f 3053/2928/2775 3054/2929/2775 3085/2960/2775 3084/2959/2775
f 3054/2929/2776 3055/2930/2776 3086/2961/2776 3085/2960/2776
f 3055/2930/2777 3056/2931/2777 3087/2962/2777 3086/2961/2777
f 3056/2931/2778 3057/2932/2778 3088/2963/2778 3087/2962/2778
f 3057/2932/2779 3058/2933/2779 3089/2964/2779 3088/2963/2779
f 3058/2933/2780 3059/2934/2780 3090/2965/2780 3089/2964/2780
f 3059/2934/2781 3060/2935/2781 3091/2966/2781 3090/2965/2781
f 3060/2935/2782 3061/2936/2782 3092/2967/2782 3091/2966/2782
f 3061/2936/2783 3062/2937/2783 3093/2968/2783 3092/2967/2783
f 3062/2937/2784 3063/2938/2784 3094/2969/2784 3093/2968/2784
f 3063/2938/2785 3064/2939/2785 3095/2970/2785 3094/2969/2785
f 3064/2939/2786 3065/2940/2786 3096/2971/2786 3095/2970/2786
f 3065/2940/2787 3066/2941/2787 3097/2972/2787 3096/2971/2787
f 3066/2941/2788 3067/2942/2788 3098/2973/2788 3097/2972/2788
f 3067/2942/2789 3068/2943/2789 3099/2974/2789 3098/2973/2789
f 3068/2943/2790 3069/2944/2790 3100/2975/2790 3099/2974/2790
f 3069/2944/2791 3070/2945/2791 3101/2976/2791 3100/2975/2791
f 3070/2945/2792 3071/2946/2792 3102/2977/2792 3101/2976/2792
f 3071/2946/2793 3072/2947/2793 3103/2978/2793 3102/2977/2793
f 3072/2947/2794 3073/2948/2794 3104/2979/2794 3103/2978/2794
f 3073/2948/2795 3074/2949/2795 3105/2980/2795 3104/2979/2795
f 3074/2949/2796 3075/2950/2796 3106/2981/2796 3105/2980/2796
f 3075/2950/2797 3076/2951/2797 3107/2982/2797 3106/2981/2797
f 3076/2951/2798 3077/2952/2798 3108/2983/2798 3107/2982/2798
f 3078/2954/2799 3079/2953/2799 3110/2984/2799 3109/2985/2799
f 3079/2953/2800 3080/2955/2800 3111/2986/2800 3110/2984/2800
f 3080/2955/2801 3081/2956/2801 3112/2987/2801 3111/2986/2801
f 3081/2956/2802 3082/2957/2802 3113/2988/2802 3112/2987/2802
f 3082/2957/2803 3083/2958/2803 3114/2989/2803 3113/2988/2803
f 3083/2958/2804 3084/2959/2804 3115/2990/2804 3114/2989/2804
f 3084/2959/2805 3085/2960/2805 3116/2991/2805 3115/2990/2805
f 3085/2960/2806 3086/2961/2806 3117/2992/2806 3116/2991/2806
f 3086/2961/2807 3087/2962/2807 3118/2993/2807 3117/2992/2807
f 3087/2962/2808 3088/2963/2808 3119/2994/2808 3118/2993/2808
f 3088/2963/2809 3089/2964/2809 3120/2995/2809 3119/2994/2809
f 3089/2964/2810 3090/2965/2810 3121/2996/2810 3120/2995/2810
f 3090/2965/2811 3091/2966/2811 3122/2997/2811 3121/2996/2811
f 3091/2966/2812 3092/2967/2812 3123/2998/2812 3122/2997/2812
f 3092/2967/2813 3093/2968/2813 3124/2999/2813 3123/2998/2813
f 3093/2968/2814 3094/2969/2814 3125/3000/2814 3124/2999/2814
f 3094/2969/2815 3095/2970/2815 3126/3001/2815 3125/3000/2815
f 3095/2970/2816 3096/2971/2816 3127/3002/2816 3126/3001/2816
f 3096/2971/2817 3097/2972/2817 3128/3003/2817 3127/3002/2817
f 3097/2972/2818 3098/2973/2818 3129/3004/2818 3128/3003/2818
f 3098/2973/2819 3099/2974/2819 3130/3005/2819 3129/3004/2819
f 3099/2974/2820 3100/2975/2820 3131/3006/2820 3130/3005/2820
f 3100/2975/2821 3101/2976/2821 3132/3007/2821 3131/3006/2821
f 3101/2976/2822 3102/2977/2822 3133/3008/2822 3132/3007/2822
f 3102/2977/2823 3103/2978/2823 3134/3009/2823 3133/3008/2823
f 3103/2978/2824 3104/2979/2824 3135/3010/2824 3134/3009/2824
f 3104/2979/2825 3105/2980/2825 3136/3011/2825 3135/3010/2825
f 3105/2980/2826 3106/2981/2826 3137/3012/2826 3136/3011/2826
f 3106/2981/2827 3107/2982/2827 3138/3013/2827 3137/3012/2827
f 3107/2982/2828 3108/2983/2828 3139/3014/2828 3138/3013/2828
f 3109/2985/2829 3110/2984/2829 3141/3015/2829 3140/3016/2829
f 3110/2984/2830 3111/2986/2830 3142/3017/2830 3141/3015/2830
f 3111/2986/2831 3112/2987/2831 3143/3018/2831 3142/3017/2831
f 3112/2987/2832 3113/2988/2832 3144/3019/2832 3143/3018/2832
f 3113/2988/2833 3114/2989/2833 3145/3020/2833 3144/3019/2833
f 3114/2989/2834 3115/2990/2834 3146/3021/2834 3145/3020/2834
f 3115/2990/2835 3116/2991/2835 3147/3022/2835 3146/3021/2835
f 3116/2991/2836 3117/2992/2836 3148/3023/2836 3147/3022/2836
f 3117/2992/2837 3118/2993/2837 3149/3024/2837 3148/3023/2837
f 3118/2993/2838 3119/2994/2838 3150/3025/2838 3149/3024/2838
f 3119/2994/2839 3120/2995/2839 3151/3026/2839 3150/3025/2839
f 3120/2995/2840 3121/2996/2840 3152/3027/2840 3151/3026/2840
f 3121/2996/2841 3122/2997/2841 3153/3028/2841 3152/3027/2841
f 3122/2997/2842 3123/2998/2842 3154/3029/2842 3153/3028/2842
f 3123/2998/2843 3124/2999/2843 3155/3030/2843 3154/3029/2843
f 3124/2999/2844 3125/3000/2844 3156/3031/2844 3155/3030/2844
f 3125/3000/2845 3126/3001/2845 3157/3032/2845 3156/3031/2845
f 3126/3001/2846 3127/3002/2846 3158/3033/2846 3157/3032/2846
f 3127/3002/2847 3128/3003/2847 3159/3034/2847 3158/3033/2847
f 3128/3003/2848 3129/3004/2848 3160/3035/2848 3159/3034/2848
f 3129/3004/2849 3130/3005/2849 3161/3036/2849 3160/3035/2849
f 3130/3005/2850 3131/3006/2850 3162/3037/2850 3161/3036/2850
f 3131/3006/2851 3132/3007/2851 3163/3038/2851 3162/3037/2851
f 3132/3007/2852 3133/3008/2852 3164/3039/2852 3163/3038/2852
f 3133/3008/2853 3134/3009/2853 3165/3040/2853 3164/3039/2853
f 3134/3009/2854 3135/3010/2854 3166/3041/2854 3165/3040/2854
f 3135/3010/2855 3136/3011/2855 3167/3042/2855 3166/3041/2855
f 3136/3011/2856 3137/3012/2856 3168/3043/2856 3167/3042/2856
f 3137/3012/2857 3138/3013/2857 3169/3044/2857 3168/3043/2857
f 3138/3013/2858 3139/3014/2858 3170/3045/2858 3169/3044/2858
f 3140/3016/2859 3141/3015/2859 3172/3046/2859 3171/3047/2859
f 3141/3015/2860 3142/3017/2860 3173/3048/2860 3172/3046/2860
f 3142/3017/2861 3143/3018/2861 3174/3049/2861 3173/3048/2861
f 3143/3018/2862 3144/3019/2862 3175/3050/2862 3174/3049/2862
f 3144/3019/2863 3145/3020/2863 3176/3051/2863 3175/3050/2863
f 3145/3020/2864 3146/3021/2864 3177/3052/2864 3176/3051/2864
f 3146/3021/2865 3147/3022/2865 3178/3053/2865 3177/3052/2865
f 3147/3022/2866 3148/3023/2866 3179/3054/2866 3178/3053/2866
f 3148/3023/2867 3149/3024/2867 3180/3055/2867 3179/3054/2867
f 3149/3024/2868 3150/3025/2868 3181/3056/2868 3180/3055/2868
f 3150/3025/2869 3151/3026/2869 3182/3057/2869 3181/3056/2869
f 3151/3026/2870 3152/3027/2870 3183/3058/2870 3182/3057/2870
f 3152/3027/2871 3153/3028/2871 3184/3059/2871 3183/3058/2871
f 3153/3028/2872 3154/3029/2872 3185/3060/2872 3184/3059/2872
f 3154/3029/2873 3155/3030/2873 3186/3061/2873 3185/3060/2873
f 3155/3030/2874 3156/3031/2874 3187/3062/2874 3186/3061/2874
f 3156/3031/2875 3157/3032/2875 3188/3063/2875 3187/3062/2875
f 3157/3032/2876 3158/3033/2876 3189/3064/2876 3188/3063/2876
f 3158/3033/2877 3159/3034/2877 3190/3065/2877 3189/3064/2877
f 3159/3034/2878 3160/3035/2878 3191/3066/2878 3190/3065/2878
f 3160/3035/2879 3161/3036/2879 3192/3067/2879 3191/3066/2879
f 3161/3036/2880 3162/3037/2880 3193/3068/2880 3192/3067/2880
f 3162/3037/2881 3163/3038/2881 3194/3069/2881 3193/3068/2881
f 3163/3038/2882 3164/3039/2882 3195/3070/2882 3194/3069/2882
f 3164/3039/2883 3165/3040/2883 3196/3071/2883 3195/3070/2883
f 3165/3040/2884 3166/3041/2884 3197/3072/2884 3196/3071/2884
f 3166/3041/2885 3167/3042/2885 3198/3073/2885 3197/3072/2885
f 3167/3042/2886 3168/3043/2886 3199/3074/2886 3198/3073/2886
f 3168/3043/2887 3169/3044/2887 3200/3075/2887 3199/3074/2887
f 3169/3044/2888 3170/3045/2888 3201/3076/2888 3200/3075/2888
f 3171/3047/2889 3172/3046/2889 3203/3077/2889 3202/3078/2889
f 3172/3046/2890 3173/3048/2890 3204/3079/2890 3203/3077/2890
f 3173/3048/2891 3174/3049/2891 3205/3080/2891 3204/3079/2891
f 3174/3049/2892 3175/3050/2892 3206/3081/2892 3205/3080/2892
f 3175/3050/2893 3176/3051/2893 3207/3082/2893 3206/3081/2893
f 3176/3051/2894 3177/3052/2894 3208/3083/2894 3207/3082/2894
f 3177/3052/2895 3178/3053/2895 3209/3084/2895 3208/3083/2895
f 3178/3053/2896 3179/3054/2896 3210/3085/2896 3209/3084/2896
f 3179/3054/2897 3180/3055/2897 3211/3086/2897 3210/3085/2897
f 3180/3055/2898 3181/3056/2898 3212/3087/2898 3211/3086/2898
f 3181/3056/2899 3182/3057/2899 3213/3088/2899 3212/3087/2899
f 3182/3057/2900 3183/3058/2900 3214/3089/2900 3213/3088/2900
f 3183/3058/2901 3184/3059/2901 3215/3090/2901 3214/3089/2901
f 3184/3059/2902 3185/3060/2902 3216/3091/2902 3215/3090/2902
f 3185/3060/2903 3186/3061/2903 3217/3092/2903 3216/3091/2903
f 3186/3061/2904 3187/3062/2904 3218/3093/2904 3217/3092/2904
f 3187/3062/2905 3188/3063/2905 3219/3094/2905 3218/3093/2905
f 3188/3063/2906 3189/3064/2906 3220/3095/2906 3219/3094/2906
f 3189/3064/2907 3190/3065/2907 3221/3096/2907 3220/3095/2907
f 3190/3065/2908 3191/3066/2908 3222/3097/2908 3221/3096/2908
f 3191/3066/2909 3192/3067/2909 3223/3098/2909 3222/3097/2909
f 3192/3067/2910 3193/3068/2910 3224/3099/2910 3223/3098/2910
f 3193/3068/2911 3194/3069/2911 3225/3100/2911 3224/3099/2911
f 3194/3069/2912 3195/3070/2912 3226/3101/2912 3225/3100/2912
f 3195/3070/2913 3196/3071/2913 3227/3102/2913 3226/3101/2913
f 3196/3071/2914 3197/3072/2914 3228/3103/2914 3227/3102/2914
f 3197/3072/2915 3198/3073/2915 3229/3104/2915 3228/3103/2915
f 3198/3073/2916 3199/3074/2916 3230/3105/2916 3229/3104/2916
f 3199/3074/2917 3200/3075/2917 3231/3106/2917 3230/3105/2917
f 3200/3075/2918 3201/3076/2918 3232/3107/2918 3231/3106/2918
f 3202/3078/2919 3203/3077/2919 3234/3108/2919 3233/3109/2919
f 3203/3077/2920 3204/3079/2920 3235/3110/2920 3234/3108/2920
f 3204/3079/2921 3205/3080/2921 3236/3111/2921 3235/3110/2921
f 3205/3080/2922 3206/3081/2922 3237/3112/2922 3236/3111/2922
f 3206/3081/2923 3207/3082/2923 3238/3113/2923 3237/3112/2923
f 3207/3082/2924 3208/3083/2924 3239/3114/2924 3238/3113/2924
f 3208/3083/2925 3209/3084/2925 3240/3115/2925 3239/3114/2925
f 3209/3084/2926 3210/3085/2926 3241/3116/2926 3240/3115/2926
f 3210/3085/2927 3211/3086/2927 3242/3117/2927 3241/3116/2927
f 3211/3086/2928 3212/3087/2928 3243/3118/2928 3242/3117/2928
f 3212/3087/2929 3213/3088/2929 3244/3119/2929 3243/3118/2929
f 3213/3088/2930 3214/3089/2930 3245/3120/2930 3244/3119/2930
f 3214/3089/2931 3215/3090/2931 3246/3121/2931 3245/3120/2931
f 3215/3090/2932 3216/3091/2932 3247/3122/2932 3246/3121/2932
f 3216/3091/2933 3217/3092/2933 3248/3123/2933 3247/3122/2933
f 3217/3092/2934 3218/3093/2934 3249/3124/2934 3248/3123/2934
f 3218/3093/2935 3219/3094/2935 3250/3125/2935 3249/3124/2935
f 3219/3094/2936 3220/3095/2936 3251/3126/2936 3250/3125/2936
f 3220/3095/2937 3221/3096/2937 3252/3127/2937 3251/3126/2937
f 3221/3096/2938 3222/3097/2938 3253/3128/2938 3252/3127/2938
f 3222/3097/2939 3223/3098/2939 3254/3129/2939 3253/3128/2939
f 3223/3098/2940 3224/3099/2940 3255/3130/2940 3254/3129/2940
f 3224/3099/2941 3225/3100/2941 3256/3131/2941 3255/3130/2941
f 3225/3100/2942 3226/3101/2942 3257/3132/2942 3256/3131/2942
f 3226/3101/2943 3227/3102/2943 3258/3133/2943 3257/3132/2943
f 3227/3102/2944 3228/3103/2944 3259/3134/2944 3258/3133/2944
f 3228/3103/2945 3229/3104/2945 3260/3135/2945 3259/3134/2945
f 3229/3104/2946 3230/3105/2946 3261/3136/2946 3260/3135/2946
f 3230/3105/2947 3231/3106/2947 3262/3137/2947 3261/3136/2947
f 3231/3106/2948 3232/3107/2948 3263/3138/2948 3262/3137/2948
f 8/3139/2949 102/3140/2949 2303/2178/2949 39/3141/2949
f 102/3140/2950 103/3142/2950 2304/2179/2950 2303/2178/2950
f 103/3142/2951 104/3143/2951 2305/2182/2951 2304/2179/2951
f 104/3143/2952 105/3144/2952 2306/2184/2952 2305/2182/2952
f 105/3144/2953 106/3145/2953 2307/2186/2953 2306/2184/2953
f 106/3145/2954 107/3146/2954 2308/2188/2954 2307/2186/2954
f 107/3146/2955 108/3147/2955 2309/2190/2955 2308/2188/2955
f 108/3147/2956 109/3148/2956 2310/2192/2956 2309/2190/2956
f 109/3148/2957 110/3149/2957 2311/2194/2957 2310/2192/2957
f 110/3149/2958 111/3150/2958 2312/2196/2958 2311/2194/2958
f 111/3150/2959 112/3151/2959 2313/2198/2959 2312/2196/2959
f 112/3151/2960 113/3152/2960 2314/2200/2960 2313/2198/2960
f 113/3152/2961 114/3153/2961 2315/2202/2961 2314/2200/2961
f 114/3153/2962 115/3154/2962 2316/2204/2962 2315/2202/2962
f 115/3154/2963 116/3155/2963 2317/2206/2963 2316/2204/2963
f 116/3155/2964 117/3156/2964 2318/2208/2964 2317/2206/2964
f 117/3156/2965 118/3157/2965 2319/2210/2965 2318/2208/2965
f 118/3157/2966 119/3158/2966 2320/2212/2966 2319/2210/2966
f 119/3158/2967 120/3159/2967 2321/2214/2967 2320/2212/2967
f 120/3159/2968 121/3160/2968 2322/2216/2968 2321/2214/2968
f 121/3160/2969 122/3161/2969 2323/2218/2969 2322/2216/2969
f 122/3161/2970 123/3162/2970 2324/2220/2970 2323/2218/2970
f 123/3162/2971 124/3163/2971 2325/2222/2971 2324/2220/2971
f 124/3163/2972 125/3164/2972 2326/2224/2972 2325/2222/2972
f 125/3164/2973 126/3165/2973 2327/2226/2973 2326/2224/2973
f 126/3165/2974 127/3166/2974 2328/2228/2974 2327/2226/2974
f 127/3166/2975 128/3167/2975 2329/2230/2975 2328/2228/2975
f 128/3167/2976 129/3168/2976 2330/2232/2976 2329/2230/2976
f 129/3168/2977 130/3169/2977 2331/2234/2977 2330/2232/2977
f 130/3169/2978 131/3170/2978 2332/2236/2978 2331/2234/2978
f 131/3170/2979 132/3171/2979 2333/2238/2979 2332/2236/2979
f 132/3171/2980 7/3172/2980 288/3173/2980 2333/2238/2980
f 2333/2238/2981 288/3173/2981 289/3174/2981 2364/2239/2981
f 2364/2239/2982 289/3174/2982 290/3175/2982 2395/2270/2982
f 2395/2270/2983 290/3175/2983 291/3176/2983 2426/2301/2983
f 2426/2301/2984 291/3176/2984 292/3177/2984 2457/2332/2984
f 2457/2332/2985 292/3177/2985 293/3178/2985 2488/2363/2985
f 2488/2363/2986 293/3178/2986 294/3179/2986 2519/2394/2986
f 2519/2394/2987 294/3179/2987 295/3180/2987 2550/2425/2987
f 2550/2425/2988 295/3180/2988 296/3181/2988 2581/2456/2988
f 2581/2456/2989 296/3181/2989 297/3182/2989 2612/2487/2989
f 2612/2487/2990 297/3182/2990 298/3183/2990 2643/2518/2990
f 2643/2518/2991 298/3183/2991 299/3184/2991 2674/2549/2991
f 2674/2549/2992 299/3184/2992 300/3185/2992 2705/2580/2992
f 2705/2580/2993 300/3185/2993 301/3186/2993 2736/2611/2993
f 2736/2611/2994 301/3186/2994 302/3187/2994 2767/2642/2994
f 2767/2642/2995 302/3187/2995 303/3188/2995 2798/2673/2995
f 2798/2673/2996 303/3188/2996 304/3189/2996 2829/2704/2996
f 2829/2704/2997 304/3189/2997 305/3190/2997 2860/2735/2997
f 2860/2735/2998 305/3190/2998 306/3191/2998 2891/2766/2998
f 2891/2766/2999 306/3191/2999 307/3192/2999 2922/2797/2999
f 2922/2797/3000 307/3192/3000 308/3193/3000 2953/2828/3000
f 2953/2828/3001 308/3193/3001 309/3194/3001 2984/2859/3001
f 2984/2859/3002 309/3194/3002 310/3195/3002 3015/2890/3002
f 3015/2890/3003 310/3195/3003 311/3196/3003 3046/2921/3003
f 3046/2921/3004 311/3196/3004 312/3197/3004 3077/2952/3004
f 3077/2952/3005 312/3197/3005 313/3198/3005 3108/2983/3005
f 3108/2983/3006 313/3198/3006 314/3199/3006 3139/3014/3006
f 3139/3014/3007 314/3199/3007 315/3200/3007 3170/3045/3007
f 3170/3045/3008 315/3200/3008 316/3201/3008 3201/3076/3008
f 3201/3076/3009 316/3201/3009 317/3202/3009 3232/3107/3009
f 3232/3107/3010 317/3202/3010 318/3203/3010 3263/3138/3010
f 3263/3138/3011 318/3203/3011 5/3204/3011 164/3205/3011
f 3262/3137/3012 3263/3138/3012 164/3205/3012 165/3206/3012
f 3261/3136/3013 3262/3137/3013 165/3206/3013 166/3207/3013
f 3260/3135/3014 3261/3136/3014 166/3207/3014 167/3208/3014
f 3259/3134/3015 3260/3135/3015 167/3208/3015 168/3209/3015
f 3258/3133/3016 3259/3134/3016 168/3209/3016 169/3210/3016
f 3257/3132/3017 3258/3133/3017 169/3210/3017 170/3211/3017
f 3256/3131/3018 3257/3132/3018 170/3211/3018 171/3212/3018
f 3255/3130/3019 3256/3131/3019 171/3212/3019 172/3213/3019
f 3254/3129/3020 3255/3130/3020 172/3213/3020 173/3214/3020
f 3253/3128/3021 3254/3129/3021 173/3214/3021 174/3215/3021
f 3252/3127/3022 3253/3128/3022 174/3215/3022 175/3216/3022
f 3251/3126/3023 3252/3127/3023 175/3216/3023 176/3217/3023
f 3250/3125/3024 3251/3126/3024 176/3217/3024 177/3218/3024
f 3249/3124/3025 3250/3125/3025 177/3218/3025 178/3219/3025
f 3248/3123/3026 3249/3124/3026 178/3219/3026 179/3220/3026
f 3247/3122/3027 3248/3123/3027 179/3220/3027 180/3221/3027
f 3246/3121/3028 3247/3122/3028 180/3221/3028 181/3222/3028
f 3245/3120/3029 3246/3121/3029 181/3222/3029 182/3223/3029
f 3244/3119/3030 3245/3120/3030 182/3223/3030 183/3224/3030
f 3243/3118/3031 3244/3119/3031 183/3224/3031 184/3225/3031
f 3242/3117/3032 3243/3118/3032 184/3225/3032 185/3226/3032
f 3241/3116/3033 3242/3117/3033 185/3226/3033 186/3227/3033
f 3240/3115/3034 3241/3116/3034 186/3227/3034 187/3228/3034
f 3239/3114/3035 3240/3115/3035 187/3228/3035 188/3229/3035
f 3238/3113/3036 3239/3114/3036 188/3229/3036 189/3230/3036
f 3237/3112/3037 3238/3113/3037 189/3230/3037 190/3231/3037
f 3236/3111/3038 3237/3112/3038 190/3231/3038 191/3232/3038
f 3235/3110/3039 3236/3111/3039 191/3232/3039 192/3233/3039
f 3234/3108/3040 3235/3110/3040 192/3233/3040 193/3234/3040
f 3233/3109/3041 3234/3108/3041 193/3234/3041 194/3235/3041
f 9/3236/3042 3233/3109/3042 194/3235/3042 6/3237/3042
f 10/3238/3043 3202/3078/3043 3233/3109/3043 9/3236/3043
f 11/3239/3044 3171/3047/3044 3202/3078/3044 10/3238/3044
f 12/3240/3045 3140/3016/3045 3171/3047/3045 11/3239/3045
f 13/3241/3046 3109/2985/3046 3140/3016/3046 12/3240/3046
f 14/3242/3047 3078/2954/3047 3109/2985/3047 13/3241/3047
f 15/3243/3048 3047/2923/3048 3078/2954/3048 14/3242/3048
f 16/3244/3049 3016/2892/3049 3047/2923/3049 15/3243/3049
f 17/3245/3050 2985/2861/3050 3016/2892/3050 16/3244/3050
f 18/3246/3051 2954/2830/3051 2985/2861/3051 17/3245/3051
f 19/3247/3052 2923/2799/3052 2954/2830/3052 18/3246/3052
f 20/3248/3053 2892/2768/3053 2923/2799/3053 19/3247/3053
f 21/3249/3054 2861/2737/3054 2892/2768/3054 20/3248/3054
f 22/3250/3055 2830/2706/3055 2861/2737/3055 21/3249/3055
f 23/3251/3056 2799/2675/3056 2830/2706/3056 22/3250/3056
f 24/3252/3057 2768/2644/3057 2799/2675/3057 23/3251/3057
f 25/3253/3058 2737/2613/3058 2768/2644/3058 24/3252/3058
f 26/3254/3059 2706/2582/3059 2737/2613/3059 25/3253/3059
f 27/3255/3060 2675/2551/3060 2706/2582/3060 26/3254/3060
f 28/3256/3061 2644/2520/3061 2675/2551/3061 27/3255/3061
f 29/3257/3062 2613/2489/3062 2644/2520/3062 28/3256/3062
f 30/3258/3063 2582/2458/3063 2613/2489/3063 29/3257/3063
f 31/3259/3064 2551/2427/3064 2582/2458/3064 30/3258/3064
f 32/3260/3065 2520/2396/3065 2551/2427/3065 31/3259/3065
f 33/3261/3066 2489/2365/3066 2520/2396/3066 32/3260/3066
f 34/3262/3067 2458/2334/3067 2489/2365/3067 33/3261/3067
f 35/3263/3068 2427/2303/3068 2458/2334/3068 34/3262/3068
f 36/3264/3069 2396/2272/3069 2427/2303/3069 35/3263/3069
f 37/3265/3070 2365/2241/3070 2396/2272/3070 36/3264/3070
f 38/3266/3071 2334/2181/3071 2365/2241/3071 37/3265/3071
f 39/3141/3072 2303/2178/3072 2334/2181/3072 38/3266/3072
f 3264/3267/3073 3265/3268/3073 3296/3269/3073 3295/3270/3073
f 3265/3268/3074 3266/3271/3074 3297/3272/3074 3296/3269/3074
f 3266/3271/3075 3267/3273/3075 3298/3274/3075 3297/3272/3075
f 3267/3273/3076 3268/3275/3076 3299/3276/3076 3298/3274/3076
f 3268/3275/3077 3269/3277/3077 3300/3278/3077 3299/3276/3077
f 3269/3277/3078 3270/3279/3078 3301/3280/3078 3300/3278/3078
f 3270/3279/3079 3271/3281/3079 3302/3282/3079 3301/3280/3079
f 3271/3281/3080 3272/3283/3080 3303/3284/3080 3302/3282/3080
f 3272/3283/3081 3273/3285/3081 3304/3286/3081 3303/3284/3081
f 3273/3285/3082 3274/3287/3082 3305/3288/3082 3304/3286/3082
f 3274/3287/3083 3275/3289/3083 3306/3290/3083 3305/3288/3083
f 3275/3289/3084 3276/3291/3084 3307/3292/3084 3306/3290/3084
f 3276/3291/3085 3277/3293/3085 3308/3294/3085 3307/3292/3085
f 3277/3293/3086 3278/3295/3086 3309/3296/3086 3308/3294/3086
f 3278/3295/3087 3279/3297/3087 3310/3298/3087 3309/3296/3087
f 3279/3297/3088 3280/3299/3088 3311/3300/3088 3310/3298/3088
f 3280/3299/3089 3281/3301/3089 3312/3302/3089 3311/3300/3089
f 3281/3301/3090 3282/3303/3090 3313/3304/3090 3312/3302/3090
f 3282/3303/3091 3283/3305/3091 3314/3306/3091 3313/3304/3091
f 3283/3305/3092 3284/3307/3092 3315/3308/3092 3314/3306/3092
f 3284/3307/3093 3285/3309/3093 3316/3310/3093 3315/3308/3093
f 3285/3309/3094 3286/3311/3094 3317/3312/3094 3316/3310/3094
f 3286/3311/3095 3287/3313/3095 3318/3314/3095 3317/3312/3095
f 3287/3313/3096 3288/3315/3096 3319/3316/3096 3318/3314/3096
f 3288/3315/3097 3289/3317/3097 3320/3318/3097 3319/3316/3097
f 3289/3317/3098 3290/3319/3098 3321/3320/3098 3320/3318/3098
f 3290/3319/3099 3291/3321/3099 3322/3322/3099 3321/3320/3099
f 3291/3321/3100 3292/3323/3100 3323/3324/3100 3322/3322/3100
f 3292/3323/3101 3293/3325/3101 3324/3326/3101 3323/3324/3101
f 3293/3325/3102 3294/3327/3102 3325/3328/3102 3324/3326/3102
f 3295/3270/3103 3296/3269/3103 3327/3329/3103 3326/3330/3103
f 3296/3269/3104 3297/3272/3104 3328/3331/3104 3327/3329/3104
f 3297/3272/3105 3298/3274/3105 3329/3332/3105 3328/3331/3105
f 3298/3274/3106 3299/3276/3106 3330/3333/3106 3329/3332/3106
f 3299/3276/3107 3300/3278/3107 3331/3334/3107 3330/3333/3107
f 3300/3278/3108 3301/3280/3108 3332/3335/3108 3331/3334/3108
f 3301/3280/3109 3302/3282/3109 3333/3336/3109 3332/3335/3109
f 3302/3282/3110 3303/3284/3110 3334/3337/3110 3333/3336/3110
f 3303/3284/3111 3304/3286/3111 3335/3338/3111 3334/3337/3111
f 3304/3286/3112 3305/3288/3112 3336/3339/3112 3335/3338/3112
f 3305/3288/3113 3306/3290/3113 3337/3340/3113 3336/3339/3113
f 3306/3290/3114 3307/3292/3114 3338/3341/3114 3337/3340/3114
f 3307/3292/3115 3308/3294/3115 3339/3342/3115 3338/3341/3115
f 3308/3294/3116 3309/3296/3116 3340/3343/3116 3339/3342/3116
f 3309/3296/3117 3310/3298/3117 3341/3344/3117 3340/3343/3117
f 3310/3298/3118 3311/3300/3118 3342/3345/3118 3341/3344/3118
f 3311/3300/3119 3312/3302/3119 3343/3346/3119 3342/3345/3119
f 3312/3302/3120 3313/3304/3120 3344/3347/3120 3343/3346/3120
f 3313/3304/3121 3314/3306/3121 3345/3348/3121 3344/3347/3121
f 3314/3306/3122 3315/3308/3122 3346/3349/3122 3345/3348/3122
f 3315/3308/3123 3316/3310/3123 3347/3350/3123 3346/3349/3123
f 3316/3310/3124 3317/3312/3124 3348/3351/3124 3347/3350/3124
f 3317/3312/3125 3318/3314/3125 3349/3352/3125 3348/3351/3125
f 3318/3314/3126 3319/3316/3126 3350/3353/3126 3349/3352/3126
f 3319/3316/3127 3320/3318/3127 3351/3354/3127 3350/3353/3127
f 3320/3318/3128 3321/3320/3128 3352/3355/3128 3351/3354/3128
f 3321/3320/3129 3322/3322/3129 3353/3356/3129 3352/3355/3129
f 3322/3322/3130 3323/3324/3130 3354/3357/3130 3353/3356/3130
f 3323/3324/3131 3324/3326/3131 3355/3358/3131 3354/3357/3131
f 3324/3326/3132 3325/3328/3132 3356/3359/3132 3355/3358/3132
f 3326/3330/3133 3327/3329/3133 3358/3360/3133 3357/3361/3133
f 3327/3329/3134 3328/3331/3134 3359/3362/3134 3358/3360/3134
f 3328/3331/3135 3329/3332/3135 3360/3363/3135 3359/3362/3135
f 3329/3332/3136 3330/3333/3136 3361/3364/3136 3360/3363/3136
f 3330/3333/3137 3331/3334/3137 3362/3365/3137 3361/3364/3137
f 3331/3334/3138 3332/3335/3138 3363/3366/3138 3362/3365/3138
f 3332/3335/3139 3333/3336/3139 3364/3367/3139 3363/3366/3139
f 3333/3336/3140 3334/3337/3140 3365/3368/3140 3364/3367/3140
f 3334/3337/3141 3335/3338/3141 3366/3369/3141 3365/3368/3141
f 3335/3338/3142 3336/3339/3142 3367/3370/3142 3366/3369/3142
f 3336/3339/3143 3337/3340/3143 3368/3371/3143 3367/3370/3143
f 3337/3340/3144 3338/3341/3144 3369/3372/3144 3368/3371/3144
f 3338/3341/3145 3339/3342/3145 3370/3373/3145 3369/3372/3145
f 3339/3342/3146 3340/3343/3146 3371/3374/3146 3370/3373/3146
f 3340/3343/3147 3341/3344/3147 3372/3375/3147 3371/3374/3147
f 3341/3344/3148 3342/3345/3148 3373/3376/3148 3372/3375/3148
f 3342/3345/3149 3343/3346/3149 3374/3377/3149 3373/3376/3149
f 3343/3346/3150 3344/3347/3150 3375/3378/3150 3374/3377/3150
f 3344/3347/3151 3345/3348/3151 3376/3379/3151 3375/3378/3151
f 3345/3348/3152 3346/3349/3152 3377/3380/3152 3376/3379/3152
f 3346/3349/3153 3347/3350/3153 3378/3381/3153 3377/3380/3153
f 3347/3350/3154 3348/3351/3154 3379/3382/3154 3378/3381/3154
f 3348/3351/3155 3349/3352/3155 3380/3383/3155 3379/3382/3155
f 3349/3352/3156 3350/3353/3156 3381/3384/3156 3380/3383/3156
f 3350/3353/3157 3351/3354/3157 3382/3385/3157 3381/3384/3157
f 3351/3354/3158 3352/3355/3158 3383/3386/3158 3382/3385/3158
f 3352/3355/3159 3353/3356/3159 3384/3387/3159 3383/3386/3159
f 3353/3356/3160 3354/3357/3160 3385/3388/3160 3384/3387/3160
f 3354/3357/3161 3355/3358/3161 3386/3389/3161 3385/3388/3161
f 3355/3358/3162 3356/3359/3162 3387/3390/3162 3386/3389/3162
f 3357/3361/3163 3358/3360/3163 3389/3391/3163 3388/3392/3163
f 3358/3360/3164 3359/3362/3164 3390/3393/3164 3389/3391/3164
f 3359/3362/3165 3360/3363/3165 3391/3394/3165 3390/3393/3165
f 3360/3363/3166 3361/3364/3166 3392/3395/3166 3391/3394/3166
f 3361/3364/3167 3362/3365/3167 3393/3396/3167 3392/3395/3167
f 3362/3365/3168 3363/3366/3168 3394/3397/3168 3393/3396/3168
f 3363/3366/3169 3364/3367/3169 3395/3398/3169 3394/3397/3169
f 3364/3367/3170 3365/3368/3170 3396/3399/3170 3395/3398/3170
f 3365/3368/3171 3366/3369/3171 3397/3400/3171 3396/3399/3171
f 3366/3369/3172 3367/3370/3172 3398/3401/3172 3397/3400/3172
f 3367/3370/3173 3368/3371/3173 3399/3402/3173 3398/3401/3173
f 3368/3371/3174 3369/3372/3174 3400/3403/3174 3399/3402/3174
f 3369/3372/3175 3370/3373/3175 3401/3404/3175 3400/3403/3175
f 3370/3373/3176 3371/3374/3176 3402/3405/3176 3401/3404/3176
f 3371/3374/3177 3372/3375/3177 3403/3406/3177 3402/3405/3177
f 3372/3375/3178 3373/3376/3178 3404/3407/3178 3403/3406/3178
f 3373/3376/3179 3374/3377/3179 3405/3408/3179 3404/3407/3179
f 3374/3377/3180 3375/3378/3180 3406/3409/3180 3405/3408/3180
f 3375/3378/3181 3376/3379/3181 3407/3410/3181 3406/3409/3181
f 3376/3379/3182 3377/3380/3182 3408/3411/3182 3407/3410/3182
f 3377/3380/3183 3378/3381/3183 3409/3412/3183 3408/3411/3183
f 3378/3381/3184 3379/3382/3184 3410/3413/3184 3409/3412/3184
f 3379/3382/3185 3380/3383/3185 3411/3414/3185 3410/3413/3185
f 3380/3383/3186 3381/3384/3186 3412/3415/3186 3411/3414/3186
f 3381/3384/3187 3382/3385/3187 3413/3416/3187 3412/3415/3187
f 3382/3385/3188 3383/3386/3188 3414/3417/3188 3413/3416/3188
f 3383/3386/3189 3384/3387/3189 3415/3418/3189 3414/3417/3189
f 3384/3387/3190 3385/3388/3190 3416/3419/3190 3415/3418/3190
f 3385/3388/3191 3386/3389/3191 3417/3420/3191 3416/3419/3191
f 3386/3389/3192 3387/3390/3192 3418/3421/3192 3417/3420/3192
f 3388/3392/3193 3389/3391/3193 3420/3422/3193 3419/3423/3193
f 3389/3391/3194 3390/3393/3194 3421/3424/3194 3420/3422/3194
f 3390/3393/3195 3391/3394/3195 3422/3425/3195 3421/3424/3195
f 3391/3394/3196 3392/3395/3196 3423/3426/3196 3422/3425/3196
f 3392/3395/3197 3393/3396/3197 3424/3427/3197 3423/3426/3197
f 3393/3396/3198 3394/3397/3198 3425/3428/3198 3424/3427/3198
f 3394/3397/3199 3395/3398/3199 3426/3429/3199 3425/3428/3199
f 3395/3398/3200 3396/3399/3200 3427/3430/3200 3426/3429/3200
f 3396/3399/3201 3397/3400/3201 3428/3431/3201 3427/3430/3201
f 3397/3400/3202 3398/3401/3202 3429/3432/3202 3428/3431/3202
f 3398/3401/3203 3399/3402/3203 3430/3433/3203 3429/3432/3203
f 3399/3402/3204 3400/3403/3204 3431/3434/3204 3430/3433/3204
f 3400/3403/3205 3401/3404/3205 3432/3435/3205 3431/3434/3205
f 3401/3404/3206 3402/3405/3206 3433/3436/3206 3432/3435/3206
f 3402/3405/3207 3403/3406/3207 3434/3437/3207 3433/3436/3207
f 3403/3406/3208 3404/3407/3208 3435/3438/3208 3434/3437/3208
f 3404/3407/3209 3405/3408/3209 3436/3439/3209 3435/3438/3209
f 3405/3408/3210 3406/3409/3210 3437/3440/3210 3436/3439/3210
f 3406/3409/3211 3407/3410/3211 3438/3441/3211 3437/3440/3211
f 3407/3410/3212 3408/3411/3212 3439/3442/3212 3438/3441/3212
f 3408/3411/3213 3409/3412/3213 3440/3443/3213 3439/3442/3213
f 3409/3412/3214 3410/3413/3214 3441/3444/3214 3440/3443/3214
f 3410/3413/3215 3411/3414/3215 3442/3445/3215 3441/3444/3215
f 3411/3414/3216 3412/3415/3216 3443/3446/3216 3442/3445/3216
f 3412/3415/3217 3413/3416/3217 3444/3447/3217 3443/3446/3217
f 3413/3416/3218 3414/3417/3218 3445/3448/3218 3444/3447/3218
f 3414/3417/3219 3415/3418/3219 3446/3449/3219 3445/3448/3219
f 3415/3418/3220 3416/3419/3220 3447/3450/3220 3446/3449/3220
f 3416/3419/3221 3417/3420/3221 3448/3451/3221 3447/3450/3221
f 3417/3420/3222 3418/3421/3222 3449/3452/3222 3448/3451/3222
f 3419/3423/3223 3420/3422/3223 3451/3453/3223 3450/3454/3223
f 3420/3422/3224 3421/3424/3224 3452/3455/3224 3451/3453/3224
f 3421/3424/3225 3422/3425/3225 3453/3456/3225 3452/3455/3225
f 3422/3425/3226 3423/3426/3226 3454/3457/3226 3453/3456/3226
f 3423/3426/3227 3424/3427/3227 3455/3458/3227 3454/3457/3227
f 3424/3427/3228 3425/3428/3228 3456/3459/3228 3455/3458/3228
f 3425/3428/3229 3426/3429/3229 3457/3460/3229 3456/3459/3229
f 3426/3429/3230 3427/3430/3230 3458/3461/3230 3457/3460/3230
f 3427/3430/3231 3428/3431/3231 3459/3462/3231 3458/3461/3231
f 3428/3431/3232 3429/3432/3232 3460/3463/3232 3459/3462/3232
f 3429/3432/3233 3430/3433/3233 3461/3464/3233 3460/3463/3233
f 3430/3433/3234 3431/3434/3234 3462/3465/3234 3461/3464/3234
f 3431/3434/3235 3432/3435/3235 3463/3466/3235 3462/3465/3235
f 3432/3435/3236 3433/3436/3236 3464/3467/3236 3463/3466/3236
f 3433/3436/3237 3434/3437/3237 3465/3468/3237 3464/3467/3237
f 3434/3437/3238 3435/3438/3238 3466/3469/3238 3465/3468/3238
f 3435/3438/3239 3436/3439/3239 3467/3470/3239 3466/3469/3239
f 3436/3439/3240 3437/3440/3240 3468/3471/3240 3467/3470/3240
f 3437/3440/3241 3438/3441/3241 3469/3472/3241 3468/3471/3241
f 3438/3441/3242 3439/3442/3242 3470/3473/3242 3469/3472/3242
f 3439/3442/3243 3440/3443/3243 3471/3474/3243 3470/3473/3243
f 3440/3443/3244 3441/3444/3244 3472/3475/3244 3471/3474/3244
f 3441/3444/3245 3442/3445/3245 3473/3476/3245 3472/3475/3245
f 3442/3445/3246 3443/3446/3246 3474/3477/3246 3473/3476/3246
f 3443/3446/3247 3444/3447/3247 3475/3478/3247 3474/3477/3247
f 3444/3447/3248 3445/3448/3248 3476/3479/3248 3475/3478/3248
f 3445/3448/3249 3446/3449/3249 3477/3480/3249 3476/3479/3249
f 3446/3449/3250 3447/3450/3250 3478/3481/3250 3477/3480/3250
f 3447/3450/3251 3448/3451/3251 3479/3482/3251 3478/3481/3251
f 3448/3451/3252 3449/3452/3252 3480/3483/3252 3479/3482/3252
f 3450/3454/3253 3451/3453/3253 3482/3484/3253 3481/3485/3253
f 3451/3453/3254 3452/3455/3254 3483/3486/3254 3482/3484/3254
f 3452/3455/3255 3453/3456/3255 3484/3487/3255 3483/3486/3255
f 3453/3456/3256 3454/3457/3256 3485/3488/3256 3484/3487/3256
f 3454/3457/3257 3455/3458/3257 3486/3489/3257 3485/3488/3257
f 3455/3458/3258 3456/3459/3258 3487/3490/3258 3486/3489/3258
f 3456/3459/3259 3457/3460/3259 3488/3491/3259 3487/3490/3259
f 3457/3460/3260 3458/3461/3260 3489/3492/3260 3488/3491/3260
f 3458/3461/3261 3459/3462/3261 3490/3493/3261 3489/3492/3261
f 3459/3462/3262 3460/3463/3262 3491/3494/3262 3490/3493/3262
f 3460/3463/3263 3461/3464/3263 3492/3495/3263 3491/3494/3263
f 3461/3464/3264 3462/3465/3264 3493/3496/3264 3492/3495/3264
f 3462/3465/3265 3463/3466/3265 3494/3497/3265 3493/3496/3265
f 3463/3466/3266 3464/3467/3266 3495/3498/3266 3494/3497/3266
f 3464/3467/3267 3465/3468/3267 3496/3499/3267 3495/3498/3267
f 3465/3468/3268 3466/3469/3268 3497/3500/3268 3496/3499/3268
f 3466/3469/3269 3467/3470/3269 3498/3501/3269 3497/3500/3269
f 3467/3470/3270 3468/3471/3270 3499/3502/3270 3498/3501/3270
f 3468/3471/3271 3469/3472/3271 3500/3503/3271 3499/3502/3271
f 3469/3472/3272 3470/3473/3272 3501/3504/3272 3500/3503/3272
f 3470/3473/3273 3471/3474/3273 3502/3505/3273 3501/3504/3273
f 3471/3474/3274 3472/3475/3274 3503/3506/3274 3502/3505/3274
f 3472/3475/3275 3473/3476/3275 3504/3507/3275 3503/3506/3275
f 3473/3476/3276 3474/3477/3276 3505/3508/3276 3504/3507/3276
f 3474/3477/3277 3475/3478/3277 3506/3509/3277 3505/3508/3277
f 3475/3478/3278 3476/3479/3278 3507/3510/3278 3506/3509/3278
f 3476/3479/3279 3477/3480/3279 3508/3511/3279 3507/3510/3279
f 3477/3480/3280 3478/3481/3280 3509/3512/3280 3508/3511/3280
f 3478/3481/3281 3479/3482/3281 3510/3513/3281 3509/3512/3281
f 3479/3482/3282 3480/3483/3282 3511/3514/3282 3510/3513/3282
f 3481/3485/3283 3482/3484/3283 3513/3515/3283 3512/3516/3283
f 3482/3484/3284 3483/3486/3284 3514/3517/3284 3513/3515/3284
f 3483/3486/3285 3484/3487/3285 3515/3518/3285 3514/3517/3285
f 3484/3487/3286 3485/3488/3286 3516/3519/3286 3515/3518/3286
f 3485/3488/3287 3486/3489/3287 3517/3520/3287 3516/3519/3287
f 3486/3489/3288 3487/3490/3288 3518/3521/3288 3517/3520/3288
f 3487/3490/3289 3488/3491/3289 3519/3522/3289 3518/3521/3289
f 3488/3491/3290 3489/3492/3290 3520/3523/3290 3519/3522/3290
f 3489/3492/3291 3490/3493/3291 3521/3524/3291 3520/3523/3291
f 3490/3493/3292 3491/3494/3292 3522/3525/3292 3521/3524/3292
f 3491/3494/3293 3492/3495/3293 3523/3526/3293 3522/3525/3293
f 3492/3495/3294 3493/3496/3294 3524/3527/3294 3523/3526/3294
f 3493/3496/3295 3494/3497/3295 3525/3528/3295 3524/3527/3295
f 3494/3497/3296 3495/3498/3296 3526/3529/3296 3525/3528/3296
f 3495/3498/3297 3496/3499/3297 3527/3530/3297 3526/3529/3297
f 3496/3499/3298 3497/3500/3298 3528/3531/3298 3527/3530/3298
f 3497/3500/3299 3498/3501/3299 3529/3532/3299 3528/3531/3299
f 3498/3501/3300 3499/3502/3300 3530/3533/3300 3529/3532/3300
f 3499/3502/3301 3500/3503/3301 3531/3534/3301 3530/3533/3301
f 3500/3503/3302 3501/3504/3302 3532/3535/3302 3531/3534/3302
f 3501/3504/3303 3502/3505/3303 3533/3536/3303 3532/3535/3303
f 3502/3505/3304 3503/3506/3304 3534/3537/3304 3533/3536/3304
f 3503/3506/3305 3504/3507/3305 3535/3538/3305 3534/3537/3305
f 3504/3507/3306 3505/3508/3306 3536/3539/3306 3535/3538/3306
f 3505/3508/3307 3506/3509/3307 3537/3540/3307 3536/3539/3307
f 3506/3509/3308 3507/3510/3308 3538/3541/3308 3537/3540/3308
f 3507/3510/3309 3508/3511/3309 3539/3542/3309 3538/3541/3309
f 3508/3511/3310 3509/3512/3310 3540/3543/3310 3539/3542/3310
f 3509/3512/3311 3510/3513/3311 3541/3544/3311 3540/3543/3311
f 3510/3513/3312 3511/3514/3312 3542/3545/3312 3541/3544/3312
f 3512/3516/3313 3513/3515/3313 3544/3546/3313 3543/3547/3313
f 3513/3515/3314 3514/3517/3314 3545/3548/3314 3544/3546/3314
f 3514/3517/3315 3515/3518/3315 3546/3549/3315 3545/3548/3315
f 3515/3518/3316 3516/3519/3316 3547/3550/3316 3546/3549/3316
f 3516/3519/3317 3517/3520/3317 3548/3551/3317 3547/3550/3317
f 3517/3520/3318 3518/3521/3318 3549/3552/3318 3548/3551/3318
f 3518/3521/3319 3519/3522/3319 3550/3553/3319 3549/3552/3319
f 3519/3522/3320 3520/3523/3320 3551/3554/3320 3550/3553/3320
f 3520/3523/3321 3521/3524/3321 3552/3555/3321 3551/3554/3321
f 3521/3524/3322 3522/3525/3322 3553/3556/3322 3552/3555/3322
f 3522/3525/3323 3523/3526/3323 3554/3557/3323 3553/3556/3323
f 3523/3526/3324 3524/3527/3324 3555/3558/3324 3554/3557/3324
f 3524/3527/3325 3525/3528/3325 3556/3559/3325 3555/3558/3325
f 3525/3528/3326 3526/3529/3326 3557/3560/3326 3556/3559/3326
f 3526/3529/3327 3527/3530/3327 3558/3561/3327 3557/3560/3327
f 3527/3530/3328 3528/3531/3328 3559/3562/3328 3558/3561/3328
f 3528/3531/3329 3529/3532/3329 3560/3563/3329 3559/3562/3329
f 3529/3532/3330 3530/3533/3330 3561/3564/3330 3560/3563/3330
f 3530/3533/3331 3531/3534/3331 3562/3565/3331 3561/3564/3331
f 3531/3534/3332 3532/3535/3332 3563/3566/3332 3562/3565/3332
f 3532/3535/3333 3533/3536/3333 3564/3567/3333 3563/3566/3333
f 3533/3536/3334 3534/3537/3334 3565/3568/3334 3564/3567/3334
f 3534/3537/3335 3535/3538/3335 3566/3569/3335 3565/3568/3335
f 3535/3538/3336 3536/3539/3336 3567/3570/3336 3566/3569/3336
f 3536/3539/3337 3537/3540/3337 3568/3571/3337 3567/3570/3337
f 3537/3540/3338 3538/3541/3338 3569/3572/3338 3568/3571/3338
f 3538/3541/3339 3539/3542/3339 3570/3573/3339 3569/3572/3339
f 3539/3542/3340 3540/3543/3340 3571/3574/3340 3570/3573/3340
f 3540/3543/3341 3541/3544/3341 3572/3575/3341 3571/3574/3341
f 3541/3544/3342 3542/3545/3342 3573/3576/3342 3572/3575/3342
f 3543/3547/3343 3544/3546/3343 3575/3577/3343 3574/3578/3343
f 3544/3546/3344 3545/3548/3344 3576/3579/3344 3575/3577/3344
f 3545/3548/3345 3546/3549/3345 3577/3580/3345 3576/3579/3345
f 3546/3549/3346 3547/3550/3346 3578/3581/3346 3577/3580/3346
f 3547/3550/3347 3548/3551/3347 3579/3582/3347 3578/3581/3347
f 3548/3551/3348 3549/3552/3348 3580/3583/3348 3579/3582/3348
f 3549/3552/3349 3550/3553/3349 3581/3584/3349 3580/3583/3349
f 3550/3553/3350 3551/3554/3350 3582/3585/3350 3581/3584/3350
f 3551/3554/3351 3552/3555/3351 3583/3586/3351 3582/3585/3351
f 3552/3555/3352 3553/3556/3352 3584/3587/3352 3583/3586/3352
f 3553/3556/3353 3554/3557/3353 3585/3588/3353 3584/3587/3353
f 3554/3557/3354 3555/3558/3354 3586/3589/3354 3585/3588/3354
f 3555/3558/3355 3556/3559/3355 3587/3590/3355 3586/3589/3355
f 3556/3559/3356 3557/3560/3356 3588/3591/3356 3587/3590/3356
f 3557/3560/3357 3558/3561/3357 3589/3592/3357 3588/3591/3357
f 3558/3561/3358 3559/3562/3358 3590/3593/3358 3589/3592/3358
f 3559/3562/3359 3560/3563/3359 3591/3594/3359 3590/3593/3359
f 3560/3563/3360 3561/3564/3360 3592/3595/3360 3591/3594/3360
f 3561/3564/3361 3562/3565/3361 3593/3596/3361 3592/3595/3361
f 3562/3565/3362 3563/3566/3362 3594/3597/3362 3593/3596/3362
f 3563/3566/3363 3564/3567/3363 3595/3598/3363 3594/3597/3363
f 3564/3567/3364 3565/3568/3364 3596/3599/3364 3595/3598/3364
f 3565/3568/3365 3566/3569/3365 3597/3600/3365 3596/3599/3365
f 3566/3569/3366 3567/3570/3366 3598/3601/3366 3597/3600/3366
f 3567/3570/3367 3568/3571/3367 3599/3602/3367 3598/3601/3367
f 3568/3571/3368 3569/3572/3368 3600/3603/3368 3599/3602/3368
f 3569/3572/3369 3570/3573/3369 3601/3604/3369 3600/3603/3369
f 3570/3573/3370 3571/3574/3370 3602/3605/3370 3601/3604/3370
f 3571/3574/3371 3572/3575/3371 3603/3606/3371 3602/3605/3371
f 3572/3575/3372 3573/3576/3372 3604/3607/3372 3603/3606/3372
f 3574/3578/3373 3575/3577/3373 3606/3608/3373 3605/3609/3373
f 3575/3577/3374 3576/3579/3374 3607/3610/3374 3606/3608/3374
f 3576/3579/3375 3577/3580/3375 3608/3611/3375 3607/3610/3375
f 3577/3580/3376 3578/3581/3376 3609/3612/3376 3608/3611/3376
f 3578/3581/3377 3579/3582/3377 3610/3613/3377 3609/3612/3377
f 3579/3582/3378 3580/3583/3378 3611/3614/3378 3610/3613/3378
f 3580/3583/3379 3581/3584/3379 3612/3615/3379 3611/3614/3379
f 3581/3584/3380 3582/3585/3380 3613/3616/3380 3612/3615/3380
f 3582/3585/3381 3583/3586/3381 3614/3617/3381 3613/3616/3381
f 3583/3586/3382 3584/3587/3382 3615/3618/3382 3614/3617/3382
f 3584/3587/3383 3585/3588/3383 3616/3619/3383 3615/3618/3383
f 3585/3588/3384 3586/3589/3384 3617/3620/3384 3616/3619/3384
f 3586/3589/3385 3587/3590/3385 3618/3621/3385 3617/3620/3385
f 3587/3590/3386 3588/3591/3386 3619/3622/3386 3618/3621/3386
f 3588/3591/3387 3589/3592/3387 3620/3623/3387 3619/3622/3387
f 3589/3592/3388 3590/3593/3388 3621/3624/3388 3620/3623/3388
f 3590/3593/3389 3591/3594/3389 3622/3625/3389 3621/3624/3389
f 3591/3594/3390 3592/3595/3390 3623/3626/3390 3622/3625/3390
f 3592/3595/3391 3593/3596/3391 3624/3627/3391 3623/3626/3391
f 3593/3596/3392 3594/3597/3392 3625/3628/3392 3624/3627/3392
f 3594/3597/3393 3595/3598/3393 3626/3629/3393 3625/3628/3393
f 3595/3598/3394 3596/3599/3394 3627/3630/3394 3626/3629/3394
f 3596/3599/3395 3597/3600/3395 3628/3631/3395 3627/3630/3395
f 3597/3600/3396 3598/3601/3396 3629/3632/3396 3628/3631/3396
f 3598/3601/3397 3599/3602/3397 3630/3633/3397 3629/3632/3397
f 3599/3602/3398 3600/3603/3398 3631/3634/3398 3630/3633/3398
f 3600/3603/3399 3601/3604/3399 3632/3635/3399 3631/3634/3399
f 3601/3604/3400 3602/3605/3400 3633/3636/3400 3632/3635/3400
f 3602/3605/3401 3603/3606/3401 3634/3637/3401 3633/3636/3401
f 3603/3606/3402 3604/3607/3402 3635/3638/3402 3634/3637/3402
f 3605/3609/3403 3606/3608/3403 3637/3639/3403 3636/3640/3403
f 3606/3608/3404 3607/3610/3404 3638/3641/3404 3637/3639/3404
f 3607/3610/3405 3608/3611/3405 3639/3642/3405 3638/3641/3405
f 3608/3611/3406 3609/3612/3406 3640/3643/3406 3639/3642/3406
f 3609/3612/3407 3610/3613/3407 3641/3644/3407 3640/3643/3407
f 3610/3613/3408 3611/3614/3408 3642/3645/3408 3641/3644/3408
f 3611/3614/3409 3612/3615/3409 3643/3646/3409 3642/3645/3409
f 3612/3615/3410 3613/3616/3410 3644/3647/3410 3643/3646/3410
f 3613/3616/3411 3614/3617/3411 3645/3648/3411 3644/3647/3411
f 3614/3617/3412 3615/3618/3412 3646/3649/3412 3645/3648/3412
f 3615/3618/3413 3616/3619/3413 3647/3650/3413 3646/3649/3413
f 3616/3619/3414 3617/3620/3414 3648/3651/3414 3647/3650/3414
f 3617/3620/3415 3618/3621/3415 3649/3652/3415 3648/3651/3415
f 3618/3621/3416 3619/3622/3416 3650/3653/3416 3649/3652/3416
f 3619/3622/3417 3620/3623/3417 3651/3654/3417 3650/3653/3417
f 3620/3623/3418 3621/3624/3418 3652/3655/3418 3651/3654/3418
f 3621/3624/3419 3622/3625/3419 3653/3656/3419 3652/3655/3419
f 3622/3625/3420 3623/3626/3420 3654/3657/3420 3653/3656/3420
f 3623/3626/3421 3624/3627/3421 3655/3658/3421 3654/3657/3421
f 3624/3627/3422 3625/3628/3422 3656/3659/3422 3655/3658/3422
f 3625/3628/3423 3626/3629/3423 3657/3660/3423 3656/3659/3423
f 3626/3629/3424 3627/3630/3424 3658/3661/3424 3657/3660/3424
f 3627/3630/3425 3628/3631/3425 3659/3662/3425 3658/3661/3425
f 3628/3631/3426 3629/3632/3426 3660/3663/3426 3659/3662/3426
f 3629/3632/3427 3630/3633/3427 3661/3664/3427 3660/3663/3427
f 3630/3633/3428 3631/3634/3428 3662/3665/3428 3661/3664/3428
f 3631/3634/3429 3632/3635/3429 3663/3666/3429 3662/3665/3429
f 3632/3635/3430 3633/3636/3430 3664/3667/3430 3663/3666/3430
f 3633/3636/3431 3634/3637/3431 3665/3668/3431 3664/3667/3431
f 3634/3637/3432 3635/3638/3432 3666/3669/3432 3665/3668/3432
f 3636/3640/3433 3637/3639/3433 3668/3670/3433 3667/3671/3433
f 3637/3639/3434 3638/3641/3434 3669/3672/3434 3668/3670/3434
f 3638/3641/3435 3639/3642/3435 3670/3673/3435 3669/3672/3435
f 3639/3642/3436 3640/3643/3436 3671/3674/3436 3670/3673/3436
f 3640/3643/3437 3641/3644/3437 3672/3675/3437 3671/3674/3437
f 3641/3644/3438 3642/3645/3438 3673/3676/3438 3672/3675/3438
f 3642/3645/3439 3643/3646/3439 3674/3677/3439 3673/3676/3439
f 3643/3646/3440 3644/3647/3440 3675/3678/3440 3674/3677/3440
f 3644/3647/3441 3645/3648/3441 3676/3679/3441 3675/3678/3441
f 3645/3648/3442 3646/3649/3442 3677/3680/3442 3676/3679/3442
f 3646/3649/3443 3647/3650/3443 3678/3681/3443 3677/3680/3443
f 3647/3650/3444 3648/3651/3444 3679/3682/3444 3678/3681/3444
f 3648/3651/3445 3649/3652/3445 3680/3683/3445 3679/3682/3445
f 3649/3652/3446 3650/3653/3446 3681/3684/3446 3680/3683/3446
f 3650/3653/3447 3651/3654/3447 3682/3685/3447 3681/3684/3447
f 3651/3654/3448 3652/3655/3448 3683/3686/3448 3682/3685/3448
f 3652/3655/3449 3653/3656/3449 3684/3687/3449 3683/3686/3449
f 3653/3656/3450 3654/3657/3450 3685/3688/3450 3684/3687/3450
f 3654/3657/3451 3655/3658/3451 3686/3689/3451 3685/3688/3451
f 3655/3658/3452 3656/3659/3452 3687/3690/3452 3686/3689/3452
f 3656/3659/3453 3657/3660/3453 3688/3691/3453 3687/3690/3453
f 3657/3660/3454 3658/3661/3454 3689/3692/3454 3688/3691/3454
f 3658/3661/3455 3659/3662/3455 3690/3693/3455 3689/3692/3455
f 3659/3662/3456 3660/3663/3456 3691/3694/3456 3690/3693/3456
f 3660/3663/3457 3661/3664/3457 3692/3695/3457 3691/3694/3457
f 3661/3664/3458 3662/3665/3458 3693/3696/3458 3692/3695/3458
f 3662/3665/3459 3663/3666/3459 3694/3697/3459 3693/3696/3459
f 3663/3666/3460 3664/3667/3460 3695/3698/3460 3694/3697/3460
f 3664/3667/3461 3665/3668/3461 3696/3699/3461 3695/3698/3461
f 3665/3668/3462 3666/3669/3462 3697/3700/3462 3696/3699/3462
f 3667/3671/3463 3668/3670/3463 3699/3701/3463 3698/3702/3463
f 3668/3670/3464 3669/3672/3464 3700/3703/3464 3699/3701/3464
f 3669/3672/3465 3670/3673/3465 3701/3704/3465 3700/3703/3465
f 3670/3673/3466 3671/3674/3466 3702/3705/3466 3701/3704/3466
f 3671/3674/3467 3672/3675/3467 3703/3706/3467 3702/3705/3467
f 3672/3675/3468 3673/3676/3468 3704/3707/3468 3703/3706/3468
f 3673/3676/3469 3674/3677/3469 3705/3708/3469 3704/3707/3469
f 3674/3677/3470 3675/3678/3470 3706/3709/3470 3705/3708/3470
f 3675/3678/3471 3676/3679/3471 3707/3710/3471 3706/3709/3471
f 3676/3679/3472 3677/3680/3472 3708/3711/3472 3707/3710/3472
f 3677/3680/3473 3678/3681/3473 3709/3712/3473 3708/3711/3473
f 3678/3681/3474 3679/3682/3474 3710/3713/3474 3709/3712/3474
f 3679/3682/3475 3680/3683/3475 3711/3714/3475 3710/3713/3475
f 3680/3683/3476 3681/3684/3476 3712/3715/3476 3711/3714/3476
f 3681/3684/3477 3682/3685/3477 3713/3716/3477 3712/3715/3477
f 3682/3685/3478 3683/3686/3478 3714/3717/3478 3713/3716/3478
f 3683/3686/3479 3684/3687/3479 3715/3718/3479 3714/3717/3479
f 3684/3687/3480 3685/3688/3480 3716/3719/3480 3715/3718/3480
f 3685/3688/3481 3686/3689/3481 3717/3720/3481 3716/3719/3481
f 3686/3689/3482 3687/3690/3482 3718/3721/3482 3717/3720/3482
f 3687/3690/3483 3688/3691/3483 3719/3722/3483 3718/3721/3483
f 3688/3691/3484 3689/3692/3484 3720/3723/3484 3719/3722/3484
f 3689/3692/3485 3690/3693/3485 3721/3724/3485 3720/3723/3485
f 3690/3693/3486 3691/3694/3486 3722/3725/3486 3721/3724/3486
f 3691/3694/3487 3692/3695/3487 3723/3726/3487 3722/3725/3487
f 3692/3695/3488 3693/3696/3488 3724/3727/3488 3723/3726/3488
f 3693/3696/3489 3694/3697/3489 3725/3728/3489 3724/3727/3489
f 3694/3697/3490 3695/3698/3490 3726/3729/3490 3725/3728/3490
f 3695/3698/3491 3696/3699/3491 3727/3730/3491 3726/3729/3491
f 3696/3699/3492 3697/3700/3492 3728/3731/3492 3727/3730/3492
f 3698/3702/3493 3699/3701/3493 3730/3732/3493 3729/3733/3493
f 3699/3701/3494 3700/3703/3494 3731/3734/3494 3730/3732/3494
f 3700/3703/3495 3701/3704/3495 3732/3735/3495 3731/3734/3495
f 3701/3704/3496 3702/3705/3496 3733/3736/3496 3732/3735/3496
f 3702/3705/3497 3703/3706/3497 3734/3737/3497 3733/3736/3497
f 3703/3706/3498 3704/3707/3498 3735/3738/3498 3734/3737/3498
f 3704/3707/3499 3705/3708/3499 3736/3739/3499 3735/3738/3499
f 3705/3708/3500 3706/3709/3500 3737/3740/3500 3736/3739/3500
f 3706/3709/3501 3707/3710/3501 3738/3741/3501 3737/3740/3501
f 3707/3710/3502 3708/3711/3502 3739/3742/3502 3738/3741/3502
f 3708/3711/3503 3709/3712/3503 3740/3743/3503 3739/3742/3503
f 3709/3712/3504 3710/3713/3504 3741/3744/3504 3740/3743/3504
f 3710/3713/3505 3711/3714/3505 3742/3745/3505 3741/3744/3505
f 3711/3714/3506 3712/3715/3506 3743/3746/3506 3742/3745/3506
f 3712/3715/3507 3713/3716/3507 3744/3747/3507 3743/3746/3507
f 3713/3716/3508 3714/3717/3508 3745/3748/3508 3744/3747/3508
f 3714/3717/3509 3715/3718/3509 3746/3749/3509 3745/3748/3509
f 3715/3718/3510 3716/3719/3510 3747/3750/3510 3746/3749/3510
f 3716/3719/3511 3717/3720/3511 3748/3751/3511 3747/3750/3511
f 3717/3720/3512 3718/3721/3512 3749/3752/3512 3748/3751/3512
f 3718/3721/3513 3719/3722/3513 3750/3753/3513 3749/3752/3513
f 3719/3722/3514 3720/3723/3514 3751/3754/3514 3750/3753/3514
f 3720/3723/3515 3721/3724/3515 3752/3755/3515 3751/3754/3515
f 3721/3724/3516 3722/3725/3516 3753/3756/3516 3752/3755/3516
f 3722/3725/3517 3723/3726/3517 3754/3757/3517 3753/3756/3517
f 3723/3726/3518 3724/3727/3518 3755/3758/3518 3754/3757/3518
f 3724/3727/3519 3725/3728/3519 3756/3759/3519 3755/3758/3519
f 3725/3728/3520 3726/3729/3520 3757/3760/3520 3756/3759/3520
f 3726/3729/3521 3727/3730/3521 3758/3761/3521 3757/3760/3521
f 3727/3730/3522 3728/3731/3522 3759/3762/3522 3758/3761/3522
f 3729/3733/3523 3730/3732/3523 3761/3763/3523 3760/3764/3523
f 3730/3732/3524 3731/3734/3524 3762/3765/3524 3761/3763/3524
f 3731/3734/3525 3732/3735/3525 3763/3766/3525 3762/3765/3525
f 3732/3735/3526 3733/3736/3526 3764/3767/3526 3763/3766/3526
f 3733/3736/3527 3734/3737/3527 3765/3768/3527 3764/3767/3527
f 3734/3737/3528 3735/3738/3528 3766/3769/3528 3765/3768/3528
f 3735/3738/3529 3736/3739/3529 3767/3770/3529 3766/3769/3529
f 3736/3739/3530 3737/3740/3530 3768/3771/3530 3767/3770/3530
f 3737/3740/3531 3738/3741/3531 3769/3772/3531 3768/3771/3531
f 3738/3741/3532 3739/3742/3532 3770/3773/3532 3769/3772/3532
f 3739/3742/3533 3740/3743/3533 3771/3774/3533 3770/3773/3533
f 3740/3743/3534 3741/3744/3534 3772/3775/3534 3771/3774/3534
f 3741/3744/3535 3742/3745/3535 3773/3776/3535 3772/3775/3535
f 3742/3745/3536 3743/3746/3536 3774/3777/3536 3773/3776/3536
f 3743/3746/3537 3744/3747/3537 3775/3778/3537 3774/3777/3537
f 3744/3747/3538 3745/3748/3538 3776/3779/3538 3775/3778/3538
f 3745/3748/3539 3746/3749/3539 3777/3780/3539 3776/3779/3539
f 3746/3749/3540 3747/3750/3540 3778/3781/3540 3777/3780/3540
f 3747/3750/3541 3748/3751/3541 3779/3782/3541 3778/3781/3541
f 3748/3751/3542 3749/3752/3542 3780/3783/3542 3779/3782/3542
f 3749/3752/3543 3750/3753/3543 3781/3784/3543 3780/3783/3543
f 3750/3753/3544 3751/3754/3544 3782/3785/3544 3781/3784/3544
f 3751/3754/3545 3752/3755/3545 3783/3786/3545 3782/3785/3545
f 3752/3755/3546 3753/3756/3546 3784/3787/3546 3783/3786/3546
f 3753/3756/3547 3754/3757/3547 3785/3788/3547 3784/3787/3547
f 3754/3757/3548 3755/3758/3548 3786/3789/3548 3785/3788/3548
f 3755/3758/3549 3756/3759/3549 3787/3790/3549 3786/3789/3549
f 3756/3759/3550 3757/3760/3550 3788/3791/3550 3787/3790/3550
f 3757/3760/3551 3758/3761/3551 3789/3792/3551 3788/3791/3551
f 3758/3761/3552 3759/3762/3552 3790/3793/3552 3789/3792/3552
f 3760/3764/3553 3761/3763/3553 3792/3794/3553 3791/3795/3553
f 3761/3763/3554 3762/3765/3554 3793/3796/3554 3792/3794/3554
f 3762/3765/3555 3763/3766/3555 3794/3797/3555 3793/3796/3555
f 3763/3766/3556 3764/3767/3556 3795/3798/3556 3794/3797/3556
f 3764/3767/3557 3765/3768/3557 3796/3799/3557 3795/3798/3557
f 3765/3768/3558 3766/3769/3558 3797/3800/3558 3796/3799/3558
f 3766/3769/3559 3767/3770/3559 3798/3801/3559 3797/3800/3559
f 3767/3770/3560 3768/3771/3560 3799/3802/3560 3798/3801/3560
f 3768/3771/3561 3769/3772/3561 3800/3803/3561 3799/3802/3561
f 3769/3772/3562 3770/3773/3562 3801/3804/3562 3800/3803/3562
f 3770/3773/3563 3771/3774/3563 3802/3805/3563 3801/3804/3563
f 3771/3774/3564 3772/3775/3564 3803/3806/3564 3802/3805/3564
f 3772/3775/3565 3773/3776/3565 3804/3807/3565 3803/3806/3565
f 3773/3776/3566 3774/3777/3566 3805/3808/3566 3804/3807/3566
f 3774/3777/3567 3775/3778/3567 3806/3809/3567 3805/3808/3567
f 3775/3778/3568 3776/3779/3568 3807/3810/3568 3806/3809/3568
f 3776/3779/3569 3777/3780/3569 3808/3811/3569 3807/3810/3569
f 3777/3780/3570 3778/3781/3570 3809/3812/3570 3808/3811/3570
f 3778/3781/3571 3779/3782/3571 3810/3813/3571 3809/3812/3571
f 3779/3782/3572 3780/3783/3572 3811/3814/3572 3810/3813/3572
f 3780/3783/3573 3781/3784/3573 3812/3815/3573 3811/3814/3573
f 3781/3784/3574 3782/3785/3574 3813/3816/3574 3812/3815/3574
f 3782/3785/3575 3783/3786/3575 3814/3817/3575 3813/3816/3575
f 3783/3786/3576 3784/3787/3576 3815/3818/3576 3814/3817/3576
f 3784/3787/3577 3785/3788/3577 3816/3819/3577 3815/3818/3577
f 3785/3788/3578 3786/3789/3578 3817/3820/3578 3816/3819/3578
f 3786/3789/3579 3787/3790/3579 3818/3821/3579 3817/3820/3579
f 3787/3790/3580 3788/3791/3580 3819/3822/3580 3818/3821/3580
f 3788/3791/3581 3789/3792/3581 3820/3823/3581 3819/3822/3581
f 3789/3792/3582 3790/3793/3582 3821/3824/3582 3820/3823/3582
f 3791/3795/3583 3792/3794/3583 3823/3825/3583 3822/3826/3583
f 3792/3794/3584 3793/3796/3584 3824/3827/3584 3823/3825/3584
f 3793/3796/3585 3794/3797/3585 3825/3828/3585 3824/3827/3585
f 3794/3797/3586 3795/3798/3586 3826/3829/3586 3825/3828/3586
f 3795/3798/3587 3796/3799/3587 3827/3830/3587 3826/3829/3587
f 3796/3799/3588 3797/3800/3588 3828/3831/3588 3827/3830/3588
f 3797/3800/3589 3798/3801/3589 3829/3832/3589 3828/3831/3589
f 3798/3801/3590 3799/3802/3590 3830/3833/3590 3829/3832/3590
f 3799/3802/3591 3800/3803/3591 3831/3834/3591 3830/3833/3591
f 3800/3803/3592 3801/3804/3592 3832/3835/3592 3831/3834/3592
f 3801/3804/3593 3802/3805/3593 3833/3836/3593 3832/3835/3593
f 3802/3805/3594 3803/3806/3594 3834/3837/3594 3833/3836/3594
f 3803/3806/3595 3804/3807/3595 3835/3838/3595 3834/3837/3595
f 3804/3807/3596 3805/3808/3596 3836/3839/3596 3835/3838/3596
f 3805/3808/3597 3806/3809/3597 3837/3840/3597 3836/3839/3597
f 3806/3809/3598 3807/3810/3598 3838/3841/3598 3837/3840/3598
f 3807/3810/3599 3808/3811/3599 3839/3842/3599 3838/3841/3599
f 3808/3811/3600 3809/3812/3600 3840/3843/3600 3839/3842/3600
f 3809/3812/3601 3810/3813/3601 3841/3844/3601 3840/3843/3601
f 3810/3813/3602 3811/3814/3602 3842/3845/3602 3841/3844/3602
f 3811/3814/3603 3812/3815/3603 3843/3846/3603 3842/3845/3603
f 3812/3815/3604 3813/3816/3604 3844/3847/3604 3843/3846/3604
f 3813/3816/3605 3814/3817/3605 3845/3848/3605 3844/3847/3605
f 3814/3817/3606 3815/3818/3606 3846/3849/3606 3845/3848/3606
f 3815/3818/3607 3816/3819/3607 3847/3850/3607 3846/3849/3607
f 3816/3819/3608 3817/3820/3608 3848/3851/3608 3847/3850/3608
f 3817/3820/3609 3818/3821/3609 3849/3852/3609 3848/3851/3609
f 3818/3821/3610 3819/3822/3610 3850/3853/3610 3849/3852/3610
f 3819/3822/3611 3820/3823/3611 3851/3854/3611 3850/3853/3611
f 3820/3823/3612 3821/3824/3612 3852/3855/3612 3851/3854/3612
f 3822/3826/3613 3823/3825/3613 3854/3856/3613 3853/3857/3613
f 3823/3825/3614 3824/3827/3614 3855/3858/3614 3854/3856/3614
f 3824/3827/3615 3825/3828/3615 3856/3859/3615 3855/3858/3615
f 3825/3828/3616 3826/3829/3616 3857/3860/3616 3856/3859/3616
f 3826/3829/3617 3827/3830/3617 3858/3861/3617 3857/3860/3617
f 3827/3830/3618 3828/3831/3618 3859/3862/3618 3858/3861/3618
f 3828/3831/3619 3829/3832/3619 3860/3863/3619 3859/3862/3619
f 3829/3832/3620 3830/3833/3620 3861/3864/3620 3860/3863/3620
f 3830/3833/3621 3831/3834/3621 3862/3865/3621 3861/3864/3621
f 3831/3834/3622 3832/3835/3622 3863/3866/3622 3862/3865/3622
f 3832/3835/3623 3833/3836/3623 3864/3867/3623 3863/3866/3623
f 3833/3836/3624 3834/3837/3624 3865/3868/3624 3864/3867/3624
f 3834/3837/3625 3835/3838/3625 3866/3869/3625 3865/3868/3625
f 3835/3838/3626 3836/3839/3626 3867/3870/3626 3866/3869/3626
f 3836/3839/3627 3837/3840/3627 3868/3871/3627 3867/3870/3627
f 3837/3840/3628 3838/3841/3628 3869/3872/3628 3868/3871/3628
f 3838/3841/3629 3839/3842/3629 3870/3873/3629 3869/3872/3629
f 3839/3842/3630 3840/3843/3630 3871/3874/3630 3870/3873/3630
f 3840/3843/3631 3841/3844/3631 3872/3875/3631 3871/3874/3631
f 3841/3844/3632 3842/3845/3632 3873/3876/3632 3872/3875/3632
f 3842/3845/3633 3843/3846/3633 3874/3877/3633 3873/3876/3633
f 3843/3846/3634 3844/3847/3634 3875/3878/3634 3874/3877/3634
f 3844/3847/3635 3845/3848/3635 3876/3879/3635 3875/3878/3635
f 3845/3848/3636 3846/3849/3636 3877/3880/3636 3876/3879/3636
f 3846/3849/3637 3847/3850/3637 3878/3881/3637 3877/3880/3637
f 3847/3850/3638 3848/3851/3638 3879/3882/3638 3878/3881/3638
f 3848/3851/3639 3849/3852/3639 3880/3883/3639 3879/3882/3639
f 3849/3852/3640 3850/3853/3640 3881/3884/3640 3880/3883/3640
f 3850/3853/3641 3851/3854/3641 3882/3885/3641 3881/3884/3641
f 3851/3854/3642 3852/3855/3642 3883/3886/3642 3882/3885/3642
f 3853/3857/3643 3854/3856/3643 3885/3887/3643 3884/3888/3643
f 3854/3856/3644 3855/3858/3644 3886/3889/3644 3885/3887/3644
f 3855/3858/3645 3856/3859/3645 3887/3890/3645 3886/3889/3645
f 3856/3859/3646 3857/3860/3646 3888/3891/3646 3887/3890/3646
f 3857/3860/3647 3858/3861/3647 3889/3892/3647 3888/3891/3647
f 3858/3861/3648 3859/3862/3648 3890/3893/3648 3889/3892/3648
f 3859/3862/3649 3860/3863/3649 3891/3894/3649 3890/3893/3649
f 3860/3863/3650 3861/3864/3650 3892/3895/3650 3891/3894/3650
f 3861/3864/3651 3862/3865/3651 3893/3896/3651 3892/3895/3651
f 3862/3865/3652 3863/3866/3652 3894/3897/3652 3893/3896/3652
f 3863/3866/3653 3864/3867/3653 3895/3898/3653 3894/3897/3653
f 3864/3867/3654 3865/3868/3654 3896/3899/3654 3895/3898/3654
f 3865/3868/3655 3866/3869/3655 3897/3900/3655 3896/3899/3655
f 3866/3869/3656 3867/3870/3656 3898/3901/3656 3897/3900/3656
f 3867/3870/3657 3868/3871/3657 3899/3902/3657 3898/3901/3657
f 3868/3871/3658 3869/3872/3658 3900/3903/3658 3899/3902/3658
f 3869/3872/3659 3870/3873/3659 3901/3904/3659 3900/3903/3659
f 3870/3873/3660 3871/3874/3660 3902/3905/3660 3901/3904/3660
f 3871/3874/3661 3872/3875/3661 3903/3906/3661 3902/3905/3661
f 3872/3875/3662 3873/3876/3662 3904/3907/3662 3903/3906/3662
f 3873/3876/3663 3874/3877/3663 3905/3908/3663 3904/3907/3663
f 3874/3877/3664 3875/3878/3664 3906/3909/3664 3905/3908/3664
f 3875/3878/3665 3876/3879/3665 3907/3910/3665 3906/3909/3665
f 3876/3879/3666 3877/3880/3666 3908/3911/3666 3907/3910/3666
f 3877/3880/3667 3878/3881/3667 3909/3912/3667 3908/3911/3667
f 3878/3881/3668 3879/3882/3668 3910/3913/3668 3909/3912/3668
f 3879/3882/3669 3880/3883/3669 3911/3914/3669 3910/3913/3669
f 3880/3883/3670 3881/3884/3670 3912/3915/3670 3911/3914/3670
f 3881/3884/3671 3882/3885/3671 3913/3916/3671 3912/3915/3671
f 3882/3885/3672 3883/3886/3672 3914/3917/3672 3913/3916/3672
f 3884/3888/3673 3885/3887/3673 3916/3918/3673 3915/3919/3673
f 3885/3887/3674 3886/3889/3674 3917/3920/3674 3916/3918/3674
f 3886/3889/3675 3887/3890/3675 3918/3921/3675 3917/3920/3675
f 3887/3890/3676 3888/3891/3676 3919/3922/3676 3918/3921/3676
f 3888/3891/3677 3889/3892/3677 3920/3923/3677 3919/3922/3677
f 3889/3892/3678 3890/3893/3678 3921/3924/3678 3920/3923/3678
f 3890/3893/3679 3891/3894/3679 3922/3925/3679 3921/3924/3679
f 3891/3894/3680 3892/3895/3680 3923/3926/3680 3922/3925/3680
f 3892/3895/3681 3893/3896/3681 3924/3927/3681 3923/3926/3681
f 3893/3896/3682 3894/3897/3682 3925/3928/3682 3924/3927/3682
f 3894/3897/3683 3895/3898/3683 3926/3929/3683 3925/3928/3683
f 3895/3898/3684 3896/3899/3684 3927/3930/3684 3926/3929/3684
f 3896/3899/3685 3897/3900/3685 3928/3931/3685 3927/3930/3685
f 3897/3900/3686 3898/3901/3686 3929/3932/3686 3928/3931/3686
f 3898/3901/3687 3899/3902/3687 3930/3933/3687 3929/3932/3687
f 3899/3902/3688 3900/3903/3688 3931/3934/3688 3930/3933/3688
f 3900/3903/3689 3901/3904/3689 3932/3935/3689 3931/3934/3689
f 3901/3904/3690 3902/3905/3690 3933/3936/3690 3932/3935/3690
f 3902/3905/3691 3903/3906/3691 3934/3937/3691 3933/3936/3691
f 3903/3906/3692 3904/3907/3692 3935/3938/3692 3934/3937/3692
f 3904/3907/3693 3905/3908/3693 3936/3939/3693 3935/3938/3693
f 3905/3908/3694 3906/3909/3694 3937/3940/3694 3936/3939/3694
f 3906/3909/3695 3907/3910/3695 3938/3941/3695 3937/3940/3695
f 3907/3910/3696 3908/3911/3696 3939/3942/3696 3938/3941/3696
f 3908/3911/3697 3909/3912/3697 3940/3943/3697 3939/3942/3697
f 3909/3912/3698 3910/3913/3698 3941/3944/3698 3940/3943/3698
f 3910/3913/3699 3911/3914/3699 3942/3945/3699 3941/3944/3699
f 3911/3914/3700 3912/3915/3700 3943/3946/3700 3942/3945/3700
f 3912/3915/3701 3913/3916/3701 3944/3947/3701 3943/3946/3701
f 3913/3916/3702 3914/3917/3702 3945/3948/3702 3944/3947/3702
f 3915/3919/3703 3916/3918/3703 3947/3949/3703 3946/3950/3703
f 3916/3918/3704 3917/3920/3704 3948/3951/3704 3947/3949/3704
f 3917/3920/3705 3918/3921/3705 3949/3952/3705 3948/3951/3705
f 3918/3921/3706 3919/3922/3706 3950/3953/3706 3949/3952/3706
f 3919/3922/3707 3920/3923/3707 3951/3954/3707 3950/3953/3707
f 3920/3923/3708 3921/3924/3708 3952/3955/3708 3951/3954/3708
f 3921/3924/3709 3922/3925/3709 3953/3956/3709 3952/3955/3709
f 3922/3925/3710 3923/3926/3710 3954/3957/3710 3953/3956/3710
f 3923/3926/3711 3924/3927/3711 3955/3958/3711 3954/3957/3711
f 3924/3927/3712 3925/3928/3712 3956/3959/3712 3955/3958/3712
f 3925/3928/3713 3926/3929/3713 3957/3960/3713 3956/3959/3713
f 3926/3929/3714 3927/3930/3714 3958/3961/3714 3957/3960/3714
f 3927/3930/3715 3928/3931/3715 3959/3962/3715 3958/3961/3715
f 3928/3931/3716 3929/3932/3716 3960/3963/3716 3959/3962/3716
f 3929/3932/3717 3930/3933/3717 3961/3964/3717 3960/3963/3717
f 3930/3933/3718 3931/3934/3718 3962/3965/3718 3961/3964/3718
f 3931/3934/3719 3932/3935/3719 3963/3966/3719 3962/3965/3719
f 3932/3935/3720 3933/3936/3720 3964/3967/3720 3963/3966/3720
f 3933/3936/3721 3934/3937/3721 3965/3968/3721 3964/3967/3721
f 3934/3937/3722 3935/3938/3722 3966/3969/3722 3965/3968/3722
f 3935/3938/3723 3936/3939/3723 3967/3970/3723 3966/3969/3723
f 3936/3939/3724 3937/3940/3724 3968/3971/3724 3967/3970/3724
f 3937/3940/3725 3938/3941/3725 3969/3972/3725 3968/3971/3725
f 3938/3941/3726 3939/3942/3726 3970/3973/3726 3969/3972/3726
f 3939/3942/3727 3940/3943/3727 3971/3974/3727 3970/3973/3727
f 3940/3943/3728 3941/3944/3728 3972/3975/3728 3971/3974/3728
f 3941/3944/3729 3942/3945/3729 3973/3976/3729 3972/3975/3729
f 3942/3945/3730 3943/3946/3730 3974/3977/3730 3973/3976/3730
f 3943/3946/3731 3944/3947/3731 3975/3978/3731 3974/3977/3731
f 3944/3947/3732 3945/3948/3732 3976/3979/3732 3975/3978/3732
f 3946/3950/3733 3947/3949/3733 3978/3980/3733 3977/3981/3733
f 3947/3949/3734 3948/3951/3734 3979/3982/3734 3978/3980/3734
f 3948/3951/3735 3949/3952/3735 3980/3983/3735 3979/3982/3735
f 3949/3952/3736 3950/3953/3736 3981/3984/3736 3980/3983/3736
f 3950/3953/3737 3951/3954/3737 3982/3985/3737 3981/3984/3737
f 3951/3954/3738 3952/3955/3738 3983/3986/3738 3982/3985/3738
f 3952/3955/3739 3953/3956/3739 3984/3987/3739 3983/3986/3739
f 3953/3956/3740 3954/3957/3740 3985/3988/3740 3984/3987/3740
f 3954/3957/3741 3955/3958/3741 3986/3989/3741 3985/3988/3741
f 3955/3958/3742 3956/3959/3742 3987/3990/3742 3986/3989/3742
f 3956/3959/3743 3957/3960/3743 3988/3991/3743 3987/3990/3743
f 3957/3960/3744 3958/3961/3744 3989/3992/3744 3988/3991/3744
f 3958/3961/3745 3959/3962/3745 3990/3993/3745 3989/3992/3745
f 3959/3962/3746 3960/3963/3746 3991/3994/3746 3990/3993/3746
f 3960/3963/3747 3961/3964/3747 3992/3995/3747 3991/3994/3747
f 3961/3964/3748 3962/3965/3748 3993/3996/3748 3992/3995/3748
f 3962/3965/3749 3963/3966/3749 3994/3997/3749 3993/3996/3749
f 3963/3966/3750 3964/3967/3750 3995/3998/3750 3994/3997/3750
f 3964/3967/3751 3965/3968/3751 3996/3999/3751 3995/3998/3751
f 3965/3968/3752 3966/3969/3752 3997/4000/3752 3996/3999/3752
f 3966/3969/3753 3967/3970/3753 3998/4001/3753 3997/4000/3753
f 3967/3970/3754 3968/3971/3754 3999/4002/3754 3998/4001/3754
f 3968/3971/3755 3969/3972/3755 4000/4003/3755 3999/4002/3755
f 3969/3972/3756 3970/3973/3756 4001/4004/3756 4000/4003/3756
f 3970/3973/3757 3971/3974/3757 4002/4005/3757 4001/4004/3757
f 3971/3974/3758 3972/3975/3758 4003/4006/3758 4002/4005/3758
f 3972/3975/3759 3973/3976/3759 4004/4007/3759 4003/4006/3759
f 3973/3976/3760 3974/3977/3760 4005/4008/3760 4004/4007/3760
f 3974/3977/3761 3975/3978/3761 4006/4009/3761 4005/4008/3761
f 3975/3978/3762 3976/3979/3762 4007/4010/3762 4006/4009/3762
f 3977/3981/3763 3978/3980/3763 4009/4011/3763 4008/4012/3763
f 3978/3980/3764 3979/3982/3764 4010/4013/3764 4009/4011/3764
f 3979/3982/3765 3980/3983/3765 4011/4014/3765 4010/4013/3765
f 3980/3983/3766 3981/3984/3766 4012/4015/3766 4011/4014/3766
f 3981/3984/3767 3982/3985/3767 4013/4016/3767 4012/4015/3767
f 3982/3985/3768 3983/3986/3768 4014/4017/3768 4013/4016/3768
f 3983/3986/3769 3984/3987/3769 4015/4018/3769 4014/4017/3769
f 3984/3987/3770 3985/3988/3770 4016/4019/3770 4015/4018/3770
f 3985/3988/3771 3986/3989/3771 4017/4020/3771 4016/4019/3771
f 3986/3989/3772 3987/3990/3772 4018/4021/3772 4017/4020/3772
f 3987/3990/3773 3988/3991/3773 4019/4022/3773 4018/4021/3773
f 3988/3991/3774 3989/3992/3774 4020/4023/3774 4019/4022/3774
f 3989/3992/3775 3990/3993/3775 4021/4024/3775 4020/4023/3775
f 3990/3993/3776 3991/3994/3776 4022/4025/3776 4021/4024/3776
f 3991/3994/3777 3992/3995/3777 4023/4026/3777 4022/4025/3777
f 3992/3995/3778 3993/3996/3778 4024/4027/3778 4023/4026/3778
f 3993/3996/3779 3994/3997/3779 4025/4028/3779 4024/4027/3779
f 3994/3997/3780 3995/3998/3780 4026/4029/3780 4025/4028/3780
f 3995/3998/3781 3996/3999/3781 4027/4030/3781 4026/4029/3781
f 3996/3999/3782 3997/4000/3782 4028/4031/3782 4027/4030/3782
f 3997/4000/3783 3998/4001/3783 4029/4032/3783 4028/4031/3783
f 3998/4001/3784 3999/4002/3784 4030/4033/3784 4029/4032/3784
f 3999/4002/3785 4000/4003/3785 4031/4034/3785 4030/4033/3785
f 4000/4003/3786 4001/4004/3786 4032/4035/3786 4031/4034/3786
f 4001/4004/3787 4002/4005/3787 4033/4036/3787 4032/4035/3787
f 4002/4005/3788 4003/4006/3788 4034/4037/3788 4033/4036/3788
f 4003/4006/3789 4004/4007/3789 4035/4038/3789 4034/4037/3789
f 4004/4007/3790 4005/4008/3790 4036/4039/3790 4035/4038/3790
f 4005/4008/3791 4006/4009/3791 4037/4040/3791 4036/4039/3791
f 4006/4009/3792 4007/4010/3792 4038/4041/3792 4037/4040/3792
f 4008/4012/3793 4009/4011/3793 4040/4042/3793 4039/4043/3793
f 4009/4011/3794 4010/4013/3794 4041/4044/3794 4040/4042/3794
f 4010/4013/3795 4011/4014/3795 4042/4045/3795 4041/4044/3795
f 4011/4014/3796 4012/4015/3796 4043/4046/3796 4042/4045/3796
f 4012/4015/3797 4013/4016/3797 4044/4047/3797 4043/4046/3797
f 4013/4016/3798 4014/4017/3798 4045/4048/3798 4044/4047/3798
f 4014/4017/3799 4015/4018/3799 4046/4049/3799 4045/4048/3799
f 4015/4018/3800 4016/4019/3800 4047/4050/3800 4046/4049/3800
f 4016/4019/3801 4017/4020/3801 4048/4051/3801 4047/4050/3801
f 4017/4020/3802 4018/4021/3802 4049/4052/3802 4048/4051/3802
f 4018/4021/3803 4019/4022/3803 4050/4053/3803 4049/4052/3803
f 4019/4022/3804 4020/4023/3804 4051/4054/3804 4050/4053/3804
f 4020/4023/3805 4021/4024/3805 4052/4055/3805 4051/4054/3805
f 4021/4024/3806 4022/4025/3806 4053/4056/3806 4052/4055/3806
f 4022/4025/3807 4023/4026/3807 4054/4057/3807 4053/4056/3807
f 4023/4026/3808 4024/4027/3808 4055/4058/3808 4054/4057/3808
f 4024/4027/3809 4025/4028/3809 4056/4059/3809 4055/4058/3809
f 4025/4028/3810 4026/4029/3810 4057/4060/3810 4056/4059/3810
f 4026/4029/3811 4027/4030/3811 4058/4061/3811 4057/4060/3811
f 4027/4030/3812 4028/4031/3812 4059/4062/3812 4058/4061/3812
f 4028/4031/3813 4029/4032/3813 4060/4063/3813 4059/4062/3813
f 4029/4032/3814 4030/4033/3814 4061/4064/3814 4060/4063/3814
f 4030/4033/3815 4031/4034/3815 4062/4065/3815 4061/4064/3815
f 4031/4034/3816 4032/4035/3816 4063/4066/3816 4062/4065/3816
f 4032/4035/3817 4033/4036/3817 4064/4067/3817 4063/4066/3817
f 4033/4036/3818 4034/4037/3818 4065/4068/3818 4064/4067/3818
f 4034/4037/3819 4035/4038/3819 4066/4069/3819 4065/4068/3819
f 4035/4038/3820 4036/4039/3820 4067/4070/3820 4066/4069/3820
f 4036/4039/3821 4037/4040/3821 4068/4071/3821 4067/4070/3821
f 4037/4040/3822 4038/4041/3822 4069/4072/3822 4068/4071/3822
f 4039/4043/3823 4040/4042/3823 4071/4073/3823 4070/4074/3823
f 4040/4042/3824 4041/4044/3824 4072/4075/3824 4071/4073/3824
f 4041/4044/3825 4042/4045/3825 4073/4076/3825 4072/4075/3825
f 4042/4045/3826 4043/4046/3826 4074/4077/3826 4073/4076/3826
f 4043/4046/3827 4044/4047/3827 4075/4078/3827 4074/4077/3827
f 4044/4047/3828 4045/4048/3828 4076/4079/3828 4075/4078/3828
f 4045/4048/3829 4046/4049/3829 4077/4080/3829 4076/4079/3829
f 4046/4049/3830 4047/4050/3830 4078/4081/3830 4077/4080/3830
f 4047/4050/3831 4048/4051/3831 4079/4082/3831 4078/4081/3831
f 4048/4051/3832 4049/4052/3832 4080/4083/3832 4079/4082/3832
f 4049/4052/3833 4050/4053/3833 4081/4084/3833 4080/4083/3833
f 4050/4053/3834 4051/4054/3834 4082/4085/3834 4081/4084/3834
f 4051/4054/3835 4052/4055/3835 4083/4086/3835 4082/4085/3835
f 4052/4055/3836 4053/4056/3836 4084/4087/3836 4083/4086/3836
f 4053/4056/3837 4054/4057/3837 4085/4088/3837 4084/4087/3837
f 4054/4057/3838 4055/4058/3838 4086/4089/3838 4085/4088/3838
f 4055/4058/3839 4056/4059/3839 4087/4090/3839 4086/4089/3839
f 4056/4059/3840 4057/4060/3840 4088/4091/3840 4087/4090/3840
f 4057/4060/3841 4058/4061/3841 4089/4092/3841 4088/4091/3841
f 4058/4061/3842 4059/4062/3842 4090/4093/3842 4089/4092/3842
f 4059/4062/3843 4060/4063/3843 4091/4094/3843 4090/4093/3843
f 4060/4063/3844 4061/4064/3844 4092/4095/3844 4091/4094/3844
f 4061/4064/3845 4062/4065/3845 4093/4096/3845 4092/4095/3845
f 4062/4065/3846 4063/4066/3846 4094/4097/3846 4093/4096/3846
f 4063/4066/3847 4064/4067/3847 4095/4098/3847 4094/4097/3847
f 4064/4067/3848 4065/4068/3848 4096/4099/3848 4095/4098/3848
f 4065/4068/3849 4066/4069/3849 4097/4100/3849 4096/4099/3849
f 4066/4069/3850 4067/4070/3850 4098/4101/3850 4097/4100/3850
f 4067/4070/3851 4068/4071/3851 4099/4102/3851 4098/4101/3851
f 4068/4071/3852 4069/4072/3852 4100/4103/3852 4099/4102/3852
f 4070/4074/3853 4071/4073/3853 4102/4104/3853 4101/4105/3853
f 4071/4073/3854 4072/4075/3854 4103/4106/3854 4102/4104/3854
f 4072/4075/3855 4073/4076/3855 4104/4107/3855 4103/4106/3855
f 4073/4076/3856 4074/4077/3856 4105/4108/3856 4104/4107/3856
f 4074/4077/3857 4075/4078/3857 4106/4109/3857 4105/4108/3857
f 4075/4078/3858 4076/4079/3858 4107/4110/3858 4106/4109/3858
f 4076/4079/3859 4077/4080/3859 4108/4111/3859 4107/4110/3859
f 4077/4080/3860 4078/4081/3860 4109/4112/3860 4108/4111/3860
f 4078/4081/3861 4079/4082/3861 4110/4113/3861 4109/4112/3861
f 4079/4082/3862 4080/4083/3862 4111/4114/3862 4110/4113/3862
f 4080/4083/3863 4081/4084/3863 4112/4115/3863 4111/4114/3863
f 4081/4084/3864 4082/4085/3864 4113/4116/3864 4112/4115/3864
f 4082/4085/3865 4083/4086/3865 4114/4117/3865 4113/4116/3865
f 4083/4086/3866 4084/4087/3866 4115/4118/3866 4114/4117/3866
f 4084/4087/3867 4085/4088/3867 4116/4119/3867 4115/4118/3867
f 4085/4088/3868 4086/4089/3868 4117/4120/3868 4116/4119/3868
f 4086/4089/3869 4087/4090/3869 4118/4121/3869 4117/4120/3869
f 4087/4090/3870 4088/4091/3870 4119/4122/3870 4118/4121/3870
f 4088/4091/3871 4089/4092/3871 4120/4123/3871 4119/4122/3871
f 4089/4092/3872 4090/4093/3872 4121/4124/3872 4120/4123/3872
f 4090/4093/3873 4091/4094/3873 4122/4125/3873 4121/4124/3873
f 4091/4094/3874 4092/4095/3874 4123/4126/3874 4122/4125/3874
f 4092/4095/3875 4093/4096/3875 4124/4127/3875 4123/4126/3875
f 4093/4096/3876 4094/4097/3876 4125/4128/3876 4124/4127/3876
f 4094/4097/3877 4095/4098/3877 4126/4129/3877 4125/4128/3877
f 4095/4098/3878 4096/4099/3878 4127/4130/3878 4126/4129/3878
f 4096/4099/3879 4097/4100/3879 4128/4131/3879 4127/4130/3879
f 4097/4100/3880 4098/4101/3880 4129/4132/3880 4128/4131/3880
f 4098/4101/3881 4099/4102/3881 4130/4133/3881 4129/4132/3881
f 4099/4102/3882 4100/4103/3882 4131/4134/3882 4130/4133/3882
f 4101/4105/3883 4102/4104/3883 4133/4135/3883 4132/4136/3883
f 4102/4104/3884 4103/4106/3884 4134/4137/3884 4133/4135/3884
f 4103/4106/3885 4104/4107/3885 4135/4138/3885 4134/4137/3885
f 4104/4107/3886 4105/4108/3886 4136/4139/3886 4135/4138/3886
f 4105/4108/3887 4106/4109/3887 4137/4140/3887 4136/4139/3887
f 4106/4109/3888 4107/4110/3888 4138/4141/3888 4137/4140/3888
f 4107/4110/3889 4108/4111/3889 4139/4142/3889 4138/4141/3889
f 4108/4111/3890 4109/4112/3890 4140/4143/3890 4139/4142/3890
f 4109/4112/3891 4110/4113/3891 4141/4144/3891 4140/4143/3891
f 4110/4113/3892 4111/4114/3892 4142/4145/3892 4141/4144/3892
f 4111/4114/3893 4112/4115/3893 4143/4146/3893 4142/4145/3893
f 4112/4115/3894 4113/4116/3894 4144/4147/3894 4143/4146/3894
f 4113/4116/3895 4114/4117/3895 4145/4148/3895 4144/4147/3895
f 4114/4117/3896 4115/4118/3896 4146/4149/3896 4145/4148/3896
f 4115/4118/3897 4116/4119/3897 4147/4150/3897 4146/4149/3897
f 4116/4119/3898 4117/4120/3898 4148/4151/3898 4147/4150/3898
f 4117/4120/3899 4118/4121/3899 4149/4152/3899 4148/4151/3899
f 4118/4121/3900 4119/4122/3900 4150/4153/3900 4149/4152/3900
f 4119/4122/3901 4120/4123/3901 4151/4154/3901 4150/4153/3901
f 4120/4123/3902 4121/4124/3902 4152/4155/3902 4151/4154/3902
f 4121/4124/3903 4122/4125/3903 4153/4156/3903 4152/4155/3903
f 4122/4125/3904 4123/4126/3904 4154/4157/3904 4153/4156/3904
f 4123/4126/3905 4124/4127/3905 4155/4158/3905 4154/4157/3905
f 4124/4127/3906 4125/4128/3906 4156/4159/3906 4155/4158/3906
f 4125/4128/3907 4126/4129/3907 4157/4160/3907 4156/4159/3907
f 4126/4129/3908 4127/4130/3908 4158/4161/3908 4157/4160/3908
f 4127/4130/3909 4128/4131/3909 4159/4162/3909 4158/4161/3909
f 4128/4131/3910 4129/4132/3910 4160/4163/3910 4159/4162/3910
f 4129/4132/3911 4130/4133/3911 4161/4164/3911 4160/4163/3911
f 4130/4133/3912 4131/4134/3912 4162/4165/3912 4161/4164/3912
f 4132/4136/3913 4133/4135/3913 4164/4166/3913 4163/4167/3913
f 4133/4135/3914 4134/4137/3914 4165/4168/3914 4164/4166/3914
f 4134/4137/3915 4135/4138/3915 4166/4169/3915 4165/4168/3915
f 4135/4138/3916 4136/4139/3916 4167/4170/3916 4166/4169/3916
f 4136/4139/3917 4137/4140/3917 4168/4171/3917 4167/4170/3917
f 4137/4140/3918 4138/4141/3918 4169/4172/3918 4168/4171/3918
f 4138/4141/3919 4139/4142/3919 4170/4173/3919 4169/4172/3919
f 4139/4142/3920 4140/4143/3920 4171/4174/3920 4170/4173/3920
f 4140/4143/3921 4141/4144/3921 4172/4175/3921 4171/4174/3921
f 4141/4144/3922 4142/4145/3922 4173/4176/3922 4172/4175/3922
f 4142/4145/3923 4143/4146/3923 4174/4177/3923 4173/4176/3923
f 4143/4146/3924 4144/4147/3924 4175/4178/3924 4174/4177/3924
f 4144/4147/3925 4145/4148/3925 4176/4179/3925 4175/4178/3925
f 4145/4148/3926 4146/4149/3926 4177/4180/3926 4176/4179/3926
f 4146/4149/3927 4147/4150/3927 4178/4181/3927 4177/4180/3927
f 4147/4150/3928 4148/4151/3928 4179/4182/3928 4178/4181/3928
f 4148/4151/3929 4149/4152/3929 4180/4183/3929 4179/4182/3929
f 4149/4152/3930 4150/4153/3930 4181/4184/3930 4180/4183/3930
f 4150/4153/3931 4151/4154/3931 4182/4185/3931 4181/4184/3931
f 4151/4154/3932 4152/4155/3932 4183/4186/3932 4182/4185/3932
f 4152/4155/3933 4153/4156/3933 4184/4187/3933 4183/4186/3933
f 4153/4156/3934 4154/4157/3934 4185/4188/3934 4184/4187/3934
f 4154/4157/3935 4155/4158/3935 4186/4189/3935 4185/4188/3935
f 4155/4158/3936 4156/4159/3936 4187/4190/3936 4186/4189/3936
f 4156/4159/3937 4157/4160/3937 4188/4191/3937 4187/4190/3937
f 4157/4160/3938 4158/4161/3938 4189/4192/3938 4188/4191/3938
f 4158/4161/3939 4159/4162/3939 4190/4193/3939 4189/4192/3939
f 4159/4162/3940 4160/4163/3940 4191/4194/3940 4190/4193/3940
f 4160/4163/3941 4161/4164/3941 4192/4195/3941 4191/4194/3941
f 4161/4164/3942 4162/4165/3942 4193/4196/3942 4192/4195/3942
f 4163/4167/3943 4164/4166/3943 4195/4197/3943 4194/4198/3943
f 4164/4166/3944 4165/4168/3944 4196/4199/3944 4195/4197/3944
f 4165/4168/3945 4166/4169/3945 4197/4200/3945 4196/4199/3945
f 4166/4169/3946 4167/4170/3946 4198/4201/3946 4197/4200/3946
f 4167/4170/3947 4168/4171/3947 4199/4202/3947 4198/4201/3947
f 4168/4171/3948 4169/4172/3948 4200/4203/3948 4199/4202/3948
f 4169/4172/3949 4170/4173/3949 4201/4204/3949 4200/4203/3949
f 4170/4173/3950 4171/4174/3950 4202/4205/3950 4201/4204/3950
f 4171/4174/3951 4172/4175/3951 4203/4206/3951 4202/4205/3951
f 4172/4175/3952 4173/4176/3952 4204/4207/3952 4203/4206/3952
f 4173/4176/3953 4174/4177/3953 4205/4208/3953 4204/4207/3953
f 4174/4177/3954 4175/4178/3954 4206/4209/3954 4205/4208/3954
f 4175/4178/3955 4176/4179/3955 4207/4210/3955 4206/4209/3955
f 4176/4179/3956 4177/4180/3956 4208/4211/3956 4207/4210/3956
f 4177/4180/3957 4178/4181/3957 4209/4212/3957 4208/4211/3957
f 4178/4181/3958 4179/4182/3958 4210/4213/3958 4209/4212/3958
f 4179/4182/3959 4180/4183/3959 4211/4214/3959 4210/4213/3959
f 4180/4183/3960 4181/4184/3960 4212/4215/3960 4211/4214/3960
f 4181/4184/3961 4182/4185/3961 4213/4216/3961 4212/4215/3961
f 4182/4185/3962 4183/4186/3962 4214/4217/3962 4213/4216/3962
f 4183/4186/3963 4184/4187/3963 4215/4218/3963 4214/4217/3963
f 4184/4187/3964 4185/4188/3964 4216/4219/3964 4215/4218/3964
f 4185/4188/3965 4186/4189/3965 4217/4220/3965 4216/4219/3965
f 4186/4189/3966 4187/4190/3966 4218/4221/3966 4217/4220/3966
f 4187/4190/3967 4188/4191/3967 4219/4222/3967 4218/4221/3967
f 4188/4191/3968 4189/4192/3968 4220/4223/3968 4219/4222/3968
f 4189/4192/3969 4190/4193/3969 4221/4224/3969 4220/4223/3969
f 4190/4193/3970 4191/4194/3970 4222/4225/3970 4221/4224/3970
f 4191/4194/3971 4192/4195/3971 4223/4226/3971 4222/4225/3971
f 4192/4195/3972 4193/4196/3972 4224/4227/3972 4223/4226/3972
f 6/4228/3973 70/4229/3973 3264/3267/3973 9/4230/3973
f 70/4229/3974 69/4231/3974 3265/3268/3974 3264/3267/3974
f 69/4231/3975 68/4232/3975 3266/3271/3975 3265/3268/3975
f 68/4232/3976 67/4233/3976 3267/3273/3976 3266/3271/3976
f 67/4233/3977 66/4234/3977 3268/3275/3977 3267/3273/3977
f 66/4234/3978 65/4235/3978 3269/3277/3978 3268/3275/3978
f 65/4235/3979 64/4236/3979 3270/3279/3979 3269/3277/3979
f 64/4236/3980 63/4237/3980 3271/3281/3980 3270/3279/3980
f 63/4237/3981 62/4238/3981 3272/3283/3981 3271/3281/3981
f 62/4238/3982 61/4239/3982 3273/3285/3982 3272/3283/3982
f 61/4239/3983 60/4240/3983 3274/3287/3983 3273/3285/3983
f 60/4240/3984 59/4241/3984 3275/3289/3984 3274/3287/3984
f 59/4241/3985 58/4242/3985 3276/3291/3985 3275/3289/3985
f 58/4242/3986 57/4243/3986 3277/3293/3986 3276/3291/3986
f 57/4243/3987 56/4244/3987 3278/3295/3987 3277/3293/3987
f 56/4244/3988 55/4245/3988 3279/3297/3988 3278/3295/3988
f 55/4245/3989 54/4246/3989 3280/3299/3989 3279/3297/3989
f 54/4246/3990 53/4247/3990 3281/3301/3990 3280/3299/3990
f 53/4247/3991 52/4248/3991 3282/3303/3991 3281/3301/3991
f 52/4248/3992 51/4249/3992 3283/3305/3992 3282/3303/3992
f 51/4249/3993 50/4250/3993 3284/3307/3993 3283/3305/3993
f 50/4250/3994 49/4251/3994 3285/3309/3994 3284/3307/3994
f 49/4251/3995 48/4252/3995 3286/3311/3995 3285/3309/3995
f 48/4252/3996 47/4253/3996 3287/3313/3996 3286/3311/3996
f 47/4253/3997 46/4254/3997 3288/3315/3997 3287/3313/3997
f 46/4254/3998 45/4255/3998 3289/3317/3998 3288/3315/3998
f 45/4255/3999 44/4256/3999 3290/3319/3999 3289/3317/3999
f 44/4256/4000 43/4257/4000 3291/3321/4000 3290/3319/4000
f 43/4257/4001 42/4258/4001 3292/3323/4001 3291/3321/4001
f 42/4258/4002 41/4259/4002 3293/3325/4002 3292/3323/4002
f 41/4259/4003 40/4260/4003 3294/3327/4003 3293/3325/4003
f 40/4260/4004 2/4261/4004 380/4262/4004 3294/3327/4004
f 3294/3327/4005 380/4262/4005 379/4263/4005 3325/3328/4005
f 3325/3328/4006 379/4263/4006 378/4264/4006 3356/3359/4006
f 3356/3359/4007 378/4264/4007 377/4265/4007 3387/3390/4007
f 3387/3390/4008 377/4265/4008 376/4266/4008 3418/3421/4008
f 3418/3421/4009 376/4266/4009 375/4267/4009 3449/3452/4009
f 3449/3452/4010 375/4267/4010 374/4268/4010 3480/3483/4010
f 3480/3483/4011 374/4268/4011 373/4269/4011 3511/3514/4011
f 3511/3514/4012 373/4269/4012 372/4270/4012 3542/3545/4012
f 3542/3545/4013 372/4270/4013 371/4271/4013 3573/3576/4013
f 3573/3576/4014 371/4271/4014 370/4272/4014 3604/3607/4014
f 3604/3607/4015 370/4272/4015 369/4273/4015 3635/3638/4015
f 3635/3638/4016 369/4273/4016 368/4274/4016 3666/3669/4016
f 3666/3669/4017 368/4274/4017 367/4275/4017 3697/3700/4017
f 3697/3700/4018 367/4275/4018 366/4276/4018 3728/3731/4018
f 3728/3731/4019 366/4276/4019 365/4277/4019 3759/3762/4019
f 3759/3762/4020 365/4277/4020 364/4278/4020 3790/3793/4020
f 3790/3793/4021 364/4278/4021 363/4279/4021 3821/3824/4021
f 3821/3824/4022 363/4279/4022 362/4280/4022 3852/3855/4022
f 3852/3855/4023 362/4280/4023 361/4281/4023 3883/3886/4023
f 3883/3886/4024 361/4281/4024 360/4282/4024 3914/3917/4024
f 3914/3917/4025 360/4282/4025 359/4283/4025 3945/3948/4025
f 3945/3948/4026 359/4283/4026 358/4284/4026 3976/3979/4026
f 3976/3979/4027 358/4284/4027 357/4285/4027 4007/4010/4027
f 4007/4010/4028 357/4285/4028 356/4286/4028 4038/4041/4028
f 4038/4041/4029 356/4286/4029 355/4287/4029 4069/4072/4029
f 4069/4072/4030 355/4287/4030 354/4288/4030 4100/4103/4030
f 4100/4103/4031 354/4288/4031 353/4289/4031 4131/4134/4031
f 4131/4134/4032 353/4289/4032 352/4290/4032 4162/4165/4032
f 4162/4165/4033 352/4290/4033 351/4291/4033 4193/4196/4033
f 4193/4196/4034 351/4291/4034 350/4292/4034 4224/4227/4034
f 4224/4227/4035 350/4292/4035 4/2051/4035 287/4293/4035
f 4223/4226/4036 4224/4227/4036 287/4293/4036 286/4294/4036
f 4222/4225/4037 4223/4226/4037 286/4294/4037 285/4295/4037
f 4221/4224/4038 4222/4225/4038 285/4295/4038 284/4296/4038
f 4220/4223/4039 4221/4224/4039 284/4296/4039 283/4297/4039
f 4219/4222/4040 4220/4223/4040 283/4297/4040 282/4298/4040
f 4218/4221/4041 4219/4222/4041 282/4298/4041 281/4299/4041
f 4217/4220/4042 4218/4221/4042 281/4299/4042 280/4300/4042
f 4216/4219/4043 4217/4220/4043 280/4300/4043 279/4301/4043
f 4215/4218/4044 4216/4219/4044 279/4301/4044 278/4302/4044
f 4214/4217/4045 4215/4218/4045 278/4302/4045 277/4303/4045
f 4213/4216/4046 4214/4217/4046 277/4303/4046 276/4304/4046
f 4212/4215/4047 4213/4216/4047 276/4304/4047 275/4305/4047
f 4211/4214/4048 4212/4215/4048 275/4305/4048 274/4306/4048
f 4210/4213/4049 4211/4214/4049 274/4306/4049 273/4307/4049
f 4209/4212/4050 4210/4213/4050 273/4307/4050 272/4308/4050
f 4208/4211/4051 4209/4212/4051 272/4308/4051 271/4309/4051
f 4207/4210/4052 4208/4211/4052 271/4309/4052 270/4310/4052
f 4206/4209/4053 4207/4210/4053 270/4310/4053 269/4311/4053
f 4205/4208/4054 4206/4209/4054 269/4311/4054 268/4312/4054
f 4204/4207/4055 4205/4208/4055 268/4312/4055 267/4313/4055
f 4203/4206/4056 4204/4207/4056 267/4313/4056 266/4314/4056
f 4202/4205/4057 4203/4206/4057 266/4314/4057 265/4315/4057
f 4201/4204/4058 4202/4205/4058 265/4315/4058 264/4316/4058
f 4200/4203/4059 4201/4204/4059 264/4316/4059 263/4317/4059
f 4199/4202/4060 4200/4203/4060 263/4317/4060 262/4318/4060
f 4198/4201/4061 4199/4202/4061 262/4318/4061 261/4319/4061
f 4197/4200/4062 4198/4201/4062 261/4319/4062 260/4320/4062
f 4196/4199/4063 4197/4200/4063 260/4320/4063 259/4321/4063
f 4195/4197/4064 4196/4199/4064 259/4321/4064 258/4322/4064
f 4194/4198/4065 4195/4197/4065 258/4322/4065 257/4323/4065
f 39/4324/4066 4194/4198/4066 257/4323/4066 8/4325/4066
f 38/4326/4067 4163/4167/4067 4194/4198/4067 39/4324/4067
f 37/4327/4068 4132/4136/4068 4163/4167/4068 38/4326/4068
f 36/4328/4069 4101/4105/4069 4132/4136/4069 37/4327/4069
f 35/4329/4070 4070/4074/4070 4101/4105/4070 36/4328/4070
f 34/4330/4071 4039/4043/4071 4070/4074/4071 35/4329/4071
f 33/4331/4072 4008/4012/4072 4039/4043/4072 34/4330/4072
f 32/4332/4073 3977/3981/4073 4008/4012/4073 33/4331/4073
f 31/4333/4074 3946/3950/4074 3977/3981/4074 32/4332/4074
f 30/4334/4075 3915/3919/4075 3946/3950/4075 31/4333/4075
f 29/4335/4076 3884/3888/4076 3915/3919/4076 30/4334/4076
f 28/4336/4077 3853/3857/4077 3884/3888/4077 29/4335/4077
f 27/4337/4078 3822/3826/4078 3853/3857/4078 28/4336/4078
f 26/4338/4079 3791/3795/4079 3822/3826/4079 27/4337/4079
f 25/4339/4080 3760/3764/4080 3791/3795/4080 26/4338/4080
f 24/4340/4081 3729/3733/4081 3760/3764/4081 25/4339/4081
f 23/4341/4082 3698/3702/4082 3729/3733/4082 24/4340/4082
f 22/4342/4083 3667/3671/4083 3698/3702/4083 23/4341/4083
f 21/4343/4084 3636/3640/4084 3667/3671/4084 22/4342/4084
f 20/4344/4085 3605/3609/4085 3636/3640/4085 21/4343/4085
f 19/4345/4086 3574/3578/4086 3605/3609/4086 20/4344/4086
f 18/4346/4087 3543/3547/4087 3574/3578/4087 19/4345/4087
f 17/4347/4088 3512/3516/4088 3543/3547/4088 18/4346/4088
f 16/4348/4089 3481/3485/4089 3512/3516/4089 17/4347/4089
f 15/4349/4090 3450/3454/4090 3481/3485/4090 16/4348/4090
f 14/4350/4091 3419/3423/4091 3450/3454/4091 15/4349/4091
f 13/4351/4092 3388/3392/4092 3419/3423/4092 14/4350/4092
f 12/4352/4093 3357/3361/4093 3388/3392/4093 13/4351/4093
f 11/4353/4094 3326/3330/4094 3357/3361/4094 12/4352/4094
f 10/4354/4095 3295/3270/4095 3326/3330/4095 11/4353/4095
f 9/4230/4096 3264/3267/4096 3295/3270/4096 10/4354/4096
f 4225/4355/4097 4226/4356/4097 4257/4357/4097 4256/4358/4097
f 4226/4356/4098 4227/4359/4098 4258/4360/4098 4257/4357/4098
f 4227/4359/4099 4228/4361/4099 4259/4362/4099 4258/4360/4099
f 4228/4361/4100 4229/4363/4100 4260/4364/4100 4259/4362/4100
f 4229/4363/4101 4230/4365/4101 4261/4366/4101 4260/4364/4101
f 4230/4365/4102 4231/4367/4102 4262/4368/4102 4261/4366/4102
f 4231/4367/4103 4232/4369/4103 4263/4370/4103 4262/4368/4103
f 4232/4369/4104 4233/4371/4104 4264/4372/4104 4263/4370/4104
f 4233/4371/4105 4234/4373/4105 4265/4374/4105 4264/4372/4105
f 4234/4373/4106 4235/4375/4106 4266/4376/4106 4265/4374/4106
f 4235/4375/4107 4236/4377/4107 4267/4378/4107 4266/4376/4107
f 4236/4377/4108 4237/4379/4108 4268/4380/4108 4267/4378/4108
f 4237/4379/4109 4238/4381/4109 4269/4382/4109 4268/4380/4109
f 4238/4381/4110 4239/4383/4110 4270/4384/4110 4269/4382/4110
f 4239/4383/4111 4240/4385/4111 4271/4386/4111 4270/4384/4111
f 4240/4385/4112 4241/4387/4112 4272/4388/4112 4271/4386/4112
f 4241/4387/4113 4242/4389/4113 4273/4390/4113 4272/4388/4113
f 4242/4389/4114 4243/4391/4114 4274/4392/4114 4273/4390/4114
f 4243/4391/4115 4244/4393/4115 4275/4394/4115 4274/4392/4115
f 4244/4393/4116 4245/4395/4116 4276/4396/4116 4275/4394/4116
f 4245/4395/4117 4246/4397/4117 4277/4398/4117 4276/4396/4117
f 4246/4397/4118 4247/4399/4118 4278/4400/4118 4277/4398/4118
f 4247/4399/4119 4248/4401/4119 4279/4402/4119 4278/4400/4119
f 4248/4401/4120 4249/4403/4120 4280/4404/4120 4279/4402/4120
f 4249/4403/4121 4250/4405/4121 4281/4406/4121 4280/4404/4121
f 4250/4405/4122 4251/4407/4122 4282/4408/4122 4281/4406/4122
f 4251/4407/4123 4252/4409/4123 4283/4410/4123 4282/4408/4123
f 4252/4409/4124 4253/4411/4124 4284/4412/4124 4283/4410/4124
f 4253/4411/4125 4254/4413/4125 4285/4414/4125 4284/4412/4125
f 4254/4413/4126 4255/4415/4126 4286/4416/4126 4285/4414/4126
f 4256/4358/4127 4257/4357/4127 4288/4417/4127 4287/4418/4127
f 4257/4357/4128 4258/4360/4128 4289/4419/4128 4288/4417/4128
f 4258/4360/4129 4259/4362/4129 4290/4420/4129 4289/4419/4129
f 4259/4362/4130 4260/4364/4130 4291/4421/4130 4290/4420/4130
f 4260/4364/4131 4261/4366/4131 4292/4422/4131 4291/4421/4131
f 4261/4366/4132 4262/4368/4132 4293/4423/4132 4292/4422/4132
f 4262/4368/4133 4263/4370/4133 4294/4424/4133 4293/4423/4133
f 4263/4370/4134 4264/4372/4134 4295/4425/4134 4294/4424/4134
f 4264/4372/4135 4265/4374/4135 4296/4426/4135 4295/4425/4135
f 4265/4374/4136 4266/4376/4136 4297/4427/4136 4296/4426/4136
f 4266/4376/4137 4267/4378/4137 4298/4428/4137 4297/4427/4137
f 4267/4378/4138 4268/4380/4138 4299/4429/4138 4298/4428/4138
f 4268/4380/4139 4269/4382/4139 4300/4430/4139 4299/4429/4139
f 4269/4382/4140 4270/4384/4140 4301/4431/4140 4300/4430/4140
f 4270/4384/4141 4271/4386/4141 4302/4432/4141 4301/4431/4141
f 4271/4386/4142 4272/4388/4142 4303/4433/4142 4302/4432/4142
f 4272/4388/4143 4273/4390/4143 4304/4434/4143 4303/4433/4143
f 4273/4390/4144 4274/4392/4144 4305/4435/4144 4304/4434/4144
f 4274/4392/4145 4275/4394/4145 4306/4436/4145 4305/4435/4145
f 4275/4394/4146 4276/4396/4146 4307/4437/4146 4306/4436/4146
f 4276/4396/4147 4277/4398/4147 4308/4438/4147 4307/4437/4147
f 4277/4398/4148 4278/4400/4148 4309/4439/4148 4308/4438/4148
f 4278/4400/4149 4279/4402/4149 4310/4440/4149 4309/4439/4149
f 4279/4402/4150 4280/4404/4150 4311/4441/4150 4310/4440/4150
f 4280/4404/4151 4281/4406/4151 4312/4442/4151 4311/4441/4151
f 4281/4406/4152 4282/4408/4152 4313/4443/4152 4312/4442/4152
f 4282/4408/4153 4283/4410/4153 4314/4444/4153 4313/4443/4153
f 4283/4410/4154 4284/4412/4154 4315/4445/4154 4314/4444/4154
f 4284/4412/4155 4285/4414/4155 4316/4446/4155 4315/4445/4155
f 4285/4414/4156 4286/4416/4156 4317/4447/4156 4316/4446/4156
f 4287/4418/4157 4288/4417/4157 4319/4448/4157 4318/4449/4157
f 4288/4417/4158 4289/4419/4158 4320/4450/4158 4319/4448/4158
f 4289/4419/4159 4290/4420/4159 4321/4451/4159 4320/4450/4159
f 4290/4420/4160 4291/4421/4160 4322/4452/4160 4321/4451/4160
f 4291/4421/4161 4292/4422/4161 4323/4453/4161 4322/4452/4161
f 4292/4422/4162 4293/4423/4162 4324/4454/4162 4323/4453/4162
f 4293/4423/4163 4294/4424/4163 4325/4455/4163 4324/4454/4163
f 4294/4424/4164 4295/4425/4164 4326/4456/4164 4325/4455/4164
f 4295/4425/4165 4296/4426/4165 4327/4457/4165 4326/4456/4165
f 4296/4426/4166 4297/4427/4166 4328/4458/4166 4327/4457/4166
f 4297/4427/4167 4298/4428/4167 4329/4459/4167 4328/4458/4167
f 4298/4428/4168 4299/4429/4168 4330/4460/4168 4329/4459/4168
f 4299/4429/4169 4300/4430/4169 4331/4461/4169 4330/4460/4169
f 4300/4430/4170 4301/4431/4170 4332/4462/4170 4331/4461/4170
f 4301/4431/4171 4302/4432/4171 4333/4463/4171 4332/4462/4171
f 4302/4432/4172 4303/4433/4172 4334/4464/4172 4333/4463/4172
f 4303/4433/4173 4304/4434/4173 4335/4465/4173 4334/4464/4173
f 4304/4434/4174 4305/4435/4174 4336/4466/4174 4335/4465/4174
f 4305/4435/4175 4306/4436/4175 4337/4467/4175 4336/4466/4175
f 4306/4436/4176 4307/4437/4176 4338/4468/4176 4337/4467/4176
f 4307/4437/4177 4308/4438/4177 4339/4469/4177 4338/4468/4177
f 4308/4438/4178 4309/4439/4178 4340/4470/4178 4339/4469/4178
f 4309/4439/4179 4310/4440/4179 4341/4471/4179 4340/4470/4179
f 4310/4440/4180 4311/4441/4180 4342/4472/4180 4341/4471/4180
f 4311/4441/4181 4312/4442/4181 4343/4473/4181 4342/4472/4181
f 4312/4442/4182 4313/4443/4182 4344/4474/4182 4343/4473/4182
f 4313/4443/4183 4314/4444/4183 4345/4475/4183 4344/4474/4183
f 4314/4444/4184 4315/4445/4184 4346/4476/4184 4345/4475/4184
f 4315/4445/4185 4316/4446/4185 4347/4477/4185 4346/4476/4185
f 4316/4446/4186 4317/4447/4186 4348/4478/4186 4347/4477/4186
f 4318/4449/4187 4319/4448/4187 4350/4479/4187 4349/4480/4187
f 4319/4448/4188 4320/4450/4188 4351/4481/4188 4350/4479/4188
f 4320/4450/4189 4321/4451/4189 4352/4482/4189 4351/4481/4189
f 4321/4451/4190 4322/4452/4190 4353/4483/4190 4352/4482/4190
f 4322/4452/4191 4323/4453/4191 4354/4484/4191 4353/4483/4191
f 4323/4453/4192 4324/4454/4192 4355/4485/4192 4354/4484/4192
f 4324/4454/4193 4325/4455/4193 4356/4486/4193 4355/4485/4193
f 4325/4455/4194 4326/4456/4194 4357/4487/4194 4356/4486/4194
f 4326/4456/4195 4327/4457/4195 4358/4488/4195 4357/4487/4195
f 4327/4457/4196 4328/4458/4196 4359/4489/4196 4358/4488/4196
f 4328/4458/4197 4329/4459/4197 4360/4490/4197 4359/4489/4197
f 4329/4459/4198 4330/4460/4198 4361/4491/4198 4360/4490/4198
f 4330/4460/4199 4331/4461/4199 4362/4492/4199 4361/4491/4199
f 4331/4461/4200 4332/4462/4200 4363/4493/4200 4362/4492/4200
f 4332/4462/4201 4333/4463/4201 4364/4494/4201 4363/4493/4201
f 4333/4463/4202 4334/4464/4202 4365/4495/4202 4364/4494/4202
f 4334/4464/4203 4335/4465/4203 4366/4496/4203 4365/4495/4203
f 4335/4465/4204 4336/4466/4204 4367/4497/4204 4366/4496/4204
f 4336/4466/4205 4337/4467/4205 4368/4498/4205 4367/4497/4205
f 4337/4467/4206 4338/4468/4206 4369/4499/4206 4368/4498/4206
f 4338/4468/4207 4339/4469/4207 4370/4500/4207 4369/4499/4207
f 4339/4469/4208 4340/4470/4208 4371/4501/4208 4370/4500/4208
f 4340/4470/4209 4341/4471/4209 4372/4502/4209 4371/4501/4209
f 4341/4471/4210 4342/4472/4210 4373/4503/4210 4372/4502/4210
f 4342/4472/4211 4343/4473/4211 4374/4504/4211 4373/4503/4211
f 4343/4473/4212 4344/4474/4212 4375/4505/4212 4374/4504/4212
f 4344/4474/4213 4345/4475/4213 4376/4506/4213 4375/4505/4213
f 4345/4475/4214 4346/4476/4214 4377/4507/4214 4376/4506/4214
f 4346/4476/4215 4347/4477/4215 4378/4508/4215 4377/4507/4215
f 4347/4477/4216 4348/4478/4216 4379/4509/4216 4378/4508/4216
f 4349/4480/4217 4350/4479/4217 4381/4510/4217 4380/4511/4217
f 4350/4479/4218 4351/4481/4218 4382/4512/4218 4381/4510/4218
f 4351/4481/4219 4352/4482/4219 4383/4513/4219 4382/4512/4219
f 4352/4482/4220 4353/4483/4220 4384/4514/4220 4383/4513/4220
f 4353/4483/4221 4354/4484/4221 4385/4515/4221 4384/4514/4221
f 4354/4484/4222 4355/4485/4222 4386/4516/4222 4385/4515/4222
f 4355/4485/4223 4356/4486/4223 4387/4517/4223 4386/4516/4223
f 4356/4486/4224 4357/4487/4224 4388/4518/4224 4387/4517/4224
f 4357/4487/4225 4358/4488/4225 4389/4519/4225 4388/4518/4225
f 4358/4488/4226 4359/4489/4226 4390/4520/4226 4389/4519/4226
f 4359/4489/4227 4360/4490/4227 4391/4521/4227 4390/4520/4227
f 4360/4490/4228 4361/4491/4228 4392/4522/4228 4391/4521/4228
f 4361/4491/4229 4362/4492/4229 4393/4523/4229 4392/4522/4229
f 4362/4492/4230 4363/4493/4230 4394/4524/4230 4393/4523/4230
f 4363/4493/4231 4364/4494/4231 4395/4525/4231 4394/4524/4231
f 4364/4494/4232 4365/4495/4232 4396/4526/4232 4395/4525/4232
f 4365/4495/4233 4366/4496/4233 4397/4527/4233 4396/4526/4233
f 4366/4496/4234 4367/4497/4234 4398/4528/4234 4397/4527/4234
f 4367/4497/4235 4368/4498/4235 4399/4529/4235 4398/4528/4235
f 4368/4498/4236 4369/4499/4236 4400/4530/4236 4399/4529/4236
f 4369/4499/4237 4370/4500/4237 4401/4531/4237 4400/4530/4237
f 4370/4500/4238 4371/4501/4238 4402/4532/4238 4401/4531/4238
f 4371/4501/4239 4372/4502/4239 4403/4533/4239 4402/4532/4239
f 4372/4502/4240 4373/4503/4240 4404/4534/4240 4403/4533/4240
f 4373/4503/4241 4374/4504/4241 4405/4535/4241 4404/4534/4241
f 4374/4504/4242 4375/4505/4242 4406/4536/4242 4405/4535/4242
f 4375/4505/4243 4376/4506/4243 4407/4537/4243 4406/4536/4243
f 4376/4506/4244 4377/4507/4244 4408/4538/4244 4407/4537/4244
f 4377/4507/4245 4378/4508/4245 4409/4539/4245 4408/4538/4245
f 4378/4508/4246 4379/4509/4246 4410/4540/4246 4409/4539/4246
f 4380/4511/4247 4381/4510/4247 4412/4541/4247 4411/4542/4247
f 4381/4510/4248 4382/4512/4248 4413/4543/4248 4412/4541/4248
f 4382/4512/4249 4383/4513/4249 4414/4544/4249 4413/4543/4249
f 4383/4513/4250 4384/4514/4250 4415/4545/4250 4414/4544/4250
f 4384/4514/4251 4385/4515/4251 4416/4546/4251 4415/4545/4251
f 4385/4515/4252 4386/4516/4252 4417/4547/4252 4416/4546/4252
f 4386/4516/4253 4387/4517/4253 4418/4548/4253 4417/4547/4253
f 4387/4517/4254 4388/4518/4254 4419/4549/4254 4418/4548/4254
f 4388/4518/4255 4389/4519/4255 4420/4550/4255 4419/4549/4255
f 4389/4519/4256 4390/4520/4256 4421/4551/4256 4420/4550/4256
f 4390/4520/4257 4391/4521/4257 4422/4552/4257 4421/4551/4257
f 4391/4521/4258 4392/4522/4258 4423/4553/4258 4422/4552/4258
f 4392/4522/4259 4393/4523/4259 4424/4554/4259 4423/4553/4259
f 4393/4523/4260 4394/4524/4260 4425/4555/4260 4424/4554/4260
f 4394/4524/4261 4395/4525/4261 4426/4556/4261 4425/4555/4261
f 4395/4525/4262 4396/4526/4262 4427/4557/4262 4426/4556/4262
f 4396/4526/4263 4397/4527/4263 4428/4558/4263 4427/4557/4263
f 4397/4527/4264 4398/4528/4264 4429/4559/4264 4428/4558/4264
f 4398/4528/4265 4399/4529/4265 4430/4560/4265 4429/4559/4265
f 4399/4529/4266 4400/4530/4266 4431/4561/4266 4430/4560/4266
f 4400/4530/4267 4401/4531/4267 4432/4562/4267 4431/4561/4267
f 4401/4531/4268 4402/4532/4268 4433/4563/4268 4432/4562/4268
f 4402/4532/4269 4403/4533/4269 4434/4564/4269 4433/4563/4269
f 4403/4533/4270 4404/4534/4270 4435/4565/4270 4434/4564/4270
f 4404/4534/4271 4405/4535/4271 4436/4566/4271 4435/4565/4271
f 4405/4535/4272 4406/4536/4272 4437/4567/4272 4436/4566/4272
f 4406/4536/4273 4407/4537/4273 4438/4568/4273 4437/4567/4273
f 4407/4537/4274 4408/4538/4274 4439/4569/4274 4438/4568/4274
f 4408/4538/4275 4409/4539/4275 4440/4570/4275 4439/4569/4275
f 4409/4539/4276 4410/4540/4276 4441/4571/4276 4440/4570/4276
f 4411/4542/4277 4412/4541/4277 4443/4572/4277 4442/4573/4277
f 4412/4541/4278 4413/4543/4278 4444/4574/4278 4443/4572/4278
f 4413/4543/4279 4414/4544/4279 4445/4575/4279 4444/4574/4279
f 4414/4544/4280 4415/4545/4280 4446/4576/4280 4445/4575/4280
f 4415/4545/4281 4416/4546/4281 4447/4577/4281 4446/4576/4281
f 4416/4546/4282 4417/4547/4282 4448/4578/4282 4447/4577/4282
f 4417/4547/4283 4418/4548/4283 4449/4579/4283 4448/4578/4283
f 4418/4548/4284 4419/4549/4284 4450/4580/4284 4449/4579/4284
f 4419/4549/4285 4420/4550/4285 4451/4581/4285 4450/4580/4285
f 4420/4550/4286 4421/4551/4286 4452/4582/4286 4451/4581/4286
f 4421/4551/4287 4422/4552/4287 4453/4583/4287 4452/4582/4287
f 4422/4552/4288 4423/4553/4288 4454/4584/4288 4453/4583/4288
f 4423/4553/4289 4424/4554/4289 4455/4585/4289 4454/4584/4289
f 4424/4554/4290 4425/4555/4290 4456/4586/4290 4455/4585/4290
f 4425/4555/4291 4426/4556/4291 4457/4587/4291 4456/4586/4291
f 4426/4556/4292 4427/4557/4292 4458/4588/4292 4457/4587/4292
f 4427/4557/4293 4428/4558/4293 4459/4589/4293 4458/4588/4293
f 4428/4558/4294 4429/4559/4294 4460/4590/4294 4459/4589/4294
f 4429/4559/4295 4430/4560/4295 4461/4591/4295 4460/4590/4295
f 4430/4560/4296 4431/4561/4296 4462/4592/4296 4461/4591/4296
f 4431/4561/4297 4432/4562/4297 4463/4593/4297 4462/4592/4297
f 4432/4562/4298 4433/4563/4298 4464/4594/4298 4463/4593/4298
f 4433/4563/4299 4434/4564/4299 4465/4595/4299 4464/4594/4299
f 4434/4564/4300 4435/4565/4300 4466/4596/4300 4465/4595/4300
f 4435/4565/4301 4436/4566/4301 4467/4597/4301 4466/4596/4301
f 4436/4566/4302 4437/4567/4302 4468/4598/4302 4467/4597/4302
f 4437/4567/4303 4438/4568/4303 4469/4599/4303 4468/4598/4303
f 4438/4568/4304 4439/4569/4304 4470/4600/4304 4469/4599/4304
f 4439/4569/4305 4440/4570/4305 4471/4601/4305 4470/4600/4305
f 4440/4570/4306 4441/4571/4306 4472/4602/4306 4471/4601/4306
f 4442/4573/4307 4443/4572/4307 4474/4603/4307 4473/4604/4307
f 4443/4572/4308 4444/4574/4308 4475/4605/4308 4474/4603/4308
f 4444/4574/4309 4445/4575/4309 4476/4606/4309 4475/4605/4309
f 4445/4575/4310 4446/4576/4310 4477/4607/4310 4476/4606/4310
f 4446/4576/4311 4447/4577/4311 4478/4608/4311 4477/4607/4311
f 4447/4577/4312 4448/4578/4312 4479/4609/4312 4478/4608/4312
f 4448/4578/4313 4449/4579/4313 4480/4610/4313 4479/4609/4313
f 4449/4579/4314 4450/4580/4314 4481/4611/4314 4480/4610/4314
f 4450/4580/4315 4451/4581/4315 4482/4612/4315 4481/4611/4315
f 4451/4581/4316 4452/4582/4316 4483/4613/4316 4482/4612/4316
f 4452/4582/4317 4453/4583/4317 4484/4614/4317 4483/4613/4317
f 4453/4583/4318 4454/4584/4318 4485/4615/4318 4484/4614/4318
f 4454/4584/4319 4455/4585/4319 4486/4616/4319 4485/4615/4319
f 4455/4585/4320 4456/4586/4320 4487/4617/4320 4486/4616/4320
f 4456/4586/4321 4457/4587/4321 4488/4618/4321 4487/4617/4321
f 4457/4587/4322 4458/4588/4322 4489/4619/4322 4488/4618/4322
f 4458/4588/4323 4459/4589/4323 4490/4620/4323 4489/4619/4323
f 4459/4589/4324 4460/4590/4324 4491/4621/4324 4490/4620/4324
f 4460/4590/4325 4461/4591/4325 4492/4622/4325 4491/4621/4325
f 4461/4591/4326 4462/4592/4326 4493/4623/4326 4492/4622/4326
f 4462/4592/4327 4463/4593/4327 4494/4624/4327 4493/4623/4327
f 4463/4593/4328 4464/4594/4328 4495/4625/4328 4494/4624/4328
f 4464/4594/4329 4465/4595/4329 4496/4626/4329 4495/4625/4329
f 4465/4595/4330 4466/4596/4330 4497/4627/4330 4496/4626/4330
f 4466/4596/4331 4467/4597/4331 4498/4628/4331 4497/4627/4331
f 4467/4597/4332 4468/4598/4332 4499/4629/4332 4498/4628/4332
f 4468/4598/4333 4469/4599/4333 4500/4630/4333 4499/4629/4333
f 4469/4599/4334 4470/4600/4334 4501/4631/4334 4500/4630/4334
f 4470/4600/4335 4471/4601/4335 4502/4632/4335 4501/4631/4335
f 4471/4601/4336 4472/4602/4336 4503/4633/4336 4502/4632/4336
f 4473/4604/4337 4474/4603/4337 4505/4634/4337 4504/4635/4337
f 4474/4603/4338 4475/4605/4338 4506/4636/4338 4505/4634/4338
f 4475/4605/4339 4476/4606/4339 4507/4637/4339 4506/4636/4339
f 4476/4606/4340 4477/4607/4340 4508/4638/4340 4507/4637/4340
f 4477/4607/4341 4478/4608/4341 4509/4639/4341 4508/4638/4341
f 4478/4608/4342 4479/4609/4342 4510/4640/4342 4509/4639/4342
f 4479/4609/4343 4480/4610/4343 4511/4641/4343 4510/4640/4343
f 4480/4610/4344 4481/4611/4344 4512/4642/4344 4511/4641/4344
f 4481/4611/4345 4482/4612/4345 4513/4643/4345 4512/4642/4345
f 4482/4612/4346 4483/4613/4346 4514/4644/4346 4513/4643/4346
f 4483/4613/4347 4484/4614/4347 4515/4645/4347 4514/4644/4347
f 4484/4614/4348 4485/4615/4348 4516/4646/4348 4515/4645/4348
f 4485/4615/4349 4486/4616/4349 4517/4647/4349 4516/4646/4349
f 4486/4616/4350 4487/4617/4350 4518/4648/4350 4517/4647/4350
f 4487/4617/4351 4488/4618/4351 4519/4649/4351 4518/4648/4351
f 4488/4618/4352 4489/4619/4352 4520/4650/4352 4519/4649/4352
f 4489/4619/4353 4490/4620/4353 4521/4651/4353 4520/4650/4353
f 4490/4620/4354 4491/4621/4354 4522/4652/4354 4521/4651/4354
f 4491/4621/4355 4492/4622/4355 4523/4653/4355 4522/4652/4355
f 4492/4622/4356 4493/4623/4356 4524/4654/4356 4523/4653/4356
f 4493/4623/4357 4494/4624/4357 4525/4655/4357 4524/4654/4357
f 4494/4624/4358 4495/4625/4358 4526/4656/4358 4525/4655/4358
f 4495/4625/4359 4496/4626/4359 4527/4657/4359 4526/4656/4359
f 4496/4626/4360 4497/4627/4360 4528/4658/4360 4527/4657/4360
f 4497/4627/4361 4498/4628/4361 4529/4659/4361 4528/4658/4361
f 4498/4628/4362 4499/4629/4362 4530/4660/4362 4529/4659/4362
f 4499/4629/4363 4500/4630/4363 4531/4661/4363 4530/4660/4363
f 4500/4630/4364 4501/4631/4364 4532/4662/4364 4531/4661/4364
f 4501/4631/4365 4502/4632/4365 4533/4663/4365 4532/4662/4365
f 4502/4632/4366 4503/4633/4366 4534/4664/4366 4533/4663/4366
f 4504/4635/4367 4505/4634/4367 4536/4665/4367 4535/4666/4367
f 4505/4634/4368 4506/4636/4368 4537/4667/4368 4536/4665/4368
f 4506/4636/4369 4507/4637/4369 4538/4668/4369 4537/4667/4369
f 4507/4637/4370 4508/4638/4370 4539/4669/4370 4538/4668/4370
f 4508/4638/4371 4509/4639/4371 4540/4670/4371 4539/4669/4371
f 4509/4639/4372 4510/4640/4372 4541/4671/4372 4540/4670/4372
f 4510/4640/4373 4511/4641/4373 4542/4672/4373 4541/4671/4373
f 4511/4641/4374 4512/4642/4374 4543/4673/4374 4542/4672/4374
f 4512/4642/4375 4513/4643/4375 4544/4674/4375 4543/4673/4375
f 4513/4643/4376 4514/4644/4376 4545/4675/4376 4544/4674/4376
f 4514/4644/4377 4515/4645/4377 4546/4676/4377 4545/4675/4377
f 4515/4645/4378 4516/4646/4378 4547/4677/4378 4546/4676/4378
f 4516/4646/4379 4517/4647/4379 4548/4678/4379 4547/4677/4379
f 4517/4647/4380 4518/4648/4380 4549/4679/4380 4548/4678/4380
f 4518/4648/4381 4519/4649/4381 4550/4680/4381 4549/4679/4381
f 4519/4649/4382 4520/4650/4382 4551/4681/4382 4550/4680/4382
f 4520/4650/4383 4521/4651/4383 4552/4682/4383 4551/4681/4383
f 4521/4651/4384 4522/4652/4384 4553/4683/4384 4552/4682/4384
f 4522/4652/4385 4523/4653/4385 4554/4684/4385 4553/4683/4385
f 4523/4653/4386 4524/4654/4386 4555/4685/4386 4554/4684/4386
f 4524/4654/4387 4525/4655/4387 4556/4686/4387 4555/4685/4387
f 4525/4655/4388 4526/4656/4388 4557/4687/4388 4556/4686/4388
f 4526/4656/4389 4527/4657/4389 4558/4688/4389 4557/4687/4389
f 4527/4657/4390 4528/4658/4390 4559/4689/4390 4558/4688/4390
f 4528/4658/4391 4529/4659/4391 4560/4690/4391 4559/4689/4391
f 4529/4659/4392 4530/4660/4392 4561/4691/4392 4560/4690/4392
f 4530/4660/4393 4531/4661/4393 4562/4692/4393 4561/4691/4393
f 4531/4661/4394 4532/4662/4394 4563/4693/4394 4562/4692/4394
f 4532/4662/4395 4533/4663/4395 4564/4694/4395 4563/4693/4395
f 4533/4663/4396 4534/4664/4396 4565/4695/4396 4564/4694/4396
f 4535/4666/4397 4536/4665/4397 4567/4696/4397 4566/4697/4397
f 4536/4665/4398 4537/4667/4398 4568/4698/4398 4567/4696/4398
f 4537/4667/4399 4538/4668/4399 4569/4699/4399 4568/4698/4399
f 4538/4668/4400 4539/4669/4400 4570/4700/4400 4569/4699/4400
f 4539/4669/4401 4540/4670/4401 4571/4701/4401 4570/4700/4401
f 4540/4670/4402 4541/4671/4402 4572/4702/4402 4571/4701/4402
f 4541/4671/4403 4542/4672/4403 4573/4703/4403 4572/4702/4403
f 4542/4672/4404 4543/4673/4404 4574/4704/4404 4573/4703/4404
f 4543/4673/4405 4544/4674/4405 4575/4705/4405 4574/4704/4405
f 4544/4674/4406 4545/4675/4406 4576/4706/4406 4575/4705/4406
f 4545/4675/4407 4546/4676/4407 4577/4707/4407 4576/4706/4407
f 4546/4676/4408 4547/4677/4408 4578/4708/4408 4577/4707/4408
f 4547/4677/4409 4548/4678/4409 4579/4709/4409 4578/4708/4409
f 4548/4678/4410 4549/4679/4410 4580/4710/4410 4579/4709/4410
f 4549/4679/4411 4550/4680/4411 4581/4711/4411 4580/4710/4411
f 4550/4680/4412 4551/4681/4412 4582/4712/4412 4581/4711/4412
f 4551/4681/4413 4552/4682/4413 4583/4713/4413 4582/4712/4413
f 4552/4682/4414 4553/4683/4414 4584/4714/4414 4583/4713/4414
f 4553/4683/4415 4554/4684/4415 4585/4715/4415 4584/4714/4415
f 4554/4684/4416 4555/4685/4416 4586/4716/4416 4585/4715/4416
f 4555/4685/4417 4556/4686/4417 4587/4717/4417 4586/4716/4417
f 4556/4686/4418 4557/4687/4418 4588/4718/4418 4587/4717/4418
f 4557/4687/4419 4558/4688/4419 4589/4719/4419 4588/4718/4419
f 4558/4688/4420 4559/4689/4420 4590/4720/4420 4589/4719/4420
f 4559/4689/4421 4560/4690/4421 4591/4721/4421 4590/4720/4421
f 4560/4690/4422 4561/4691/4422 4592/4722/4422 4591/4721/4422
f 4561/4691/4423 4562/4692/4423 4593/4723/4423 4592/4722/4423
f 4562/4692/4424 4563/4693/4424 4594/4724/4424 4593/4723/4424
f 4563/4693/4425 4564/4694/4425 4595/4725/4425 4594/4724/4425
f 4564/4694/4426 4565/4695/4426 4596/4726/4426 4595/4725/4426
f 4566/4697/4427 4567/4696/4427 4598/4727/4427 4597/4728/4427
f 4567/4696/4428 4568/4698/4428 4599/4729/4428 4598/4727/4428
f 4568/4698/4429 4569/4699/4429 4600/4730/4429 4599/4729/4429
f 4569/4699/4430 4570/4700/4430 4601/4731/4430 4600/4730/4430
f 4570/4700/4431 4571/4701/4431 4602/4732/4431 4601/4731/4431
f 4571/4701/4432 4572/4702/4432 4603/4733/4432 4602/4732/4432
f 4572/4702/4433 4573/4703/4433 4604/4734/4433 4603/4733/4433
f 4573/4703/4434 4574/4704/4434 4605/4735/4434 4604/4734/4434
f 4574/4704/4435 4575/4705/4435 4606/4736/4435 4605/4735/4435
f 4575/4705/4436 4576/4706/4436 4607/4737/4436 4606/4736/4436
f 4576/4706/4437 4577/4707/4437 4608/4738/4437 4607/4737/4437
f 4577/4707/4438 4578/4708/4438 4609/4739/4438 4608/4738/4438
f 4578/4708/4439 4579/4709/4439 4610/4740/4439 4609/4739/4439
f 4579/4709/4440 4580/4710/4440 4611/4741/4440 4610/4740/4440
f 4580/4710/4441 4581/4711/4441 4612/4742/4441 4611/4741/4441
f 4581/4711/4442 4582/4712/4442 4613/4743/4442 4612/4742/4442
f 4582/4712/4443 4583/4713/4443 4614/4744/4443 4613/4743/4443
f 4583/4713/4444 4584/4714/4444 4615/4745/4444 4614/4744/4444
f 4584/4714/4445 4585/4715/4445 4616/4746/4445 4615/4745/4445
f 4585/4715/4446 4586/4716/4446 4617/4747/4446 4616/4746/4446
f 4586/4716/4447 4587/4717/4447 4618/4748/4447 4617/4747/4447
f 4587/4717/4448 4588/4718/4448 4619/4749/4448 4618/4748/4448
f 4588/4718/4449 4589/4719/4449 4620/4750/4449 4619/4749/4449
f 4589/4719/4450 4590/4720/4450 4621/4751/4450 4620/4750/4450
f 4590/4720/4451 4591/4721/4451 4622/4752/4451 4621/4751/4451
f 4591/4721/4452 4592/4722/4452 4623/4753/4452 4622/4752/4452
f 4592/4722/4453 4593/4723/4453 4624/4754/4453 4623/4753/4453
f 4593/4723/4454 4594/4724/4454 4625/4755/4454 4624/4754/4454
f 4594/4724/4455 4595/4725/4455 4626/4756/4455 4625/4755/4455
f 4595/4725/4456 4596/4726/4456 4627/4757/4456 4626/4756/4456
f 4597/4728/4457 4598/4727/4457 4629/4758/4457 4628/4759/4457
f 4598/4727/4458 4599/4729/4458 4630/4760/4458 4629/4758/4458
f 4599/4729/4459 4600/4730/4459 4631/4761/4459 4630/4760/4459
f 4600/4730/4460 4601/4731/4460 4632/4762/4460 4631/4761/4460
f 4601/4731/4461 4602/4732/4461 4633/4763/4461 4632/4762/4461
f 4602/4732/4462 4603/4733/4462 4634/4764/4462 4633/4763/4462
f 4603/4733/4463 4604/4734/4463 4635/4765/4463 4634/4764/4463
f 4604/4734/4464 4605/4735/4464 4636/4766/4464 4635/4765/4464
f 4605/4735/4465 4606/4736/4465 4637/4767/4465 4636/4766/4465
f 4606/4736/4466 4607/4737/4466 4638/4768/4466 4637/4767/4466
f 4607/4737/4467 4608/4738/4467 4639/4769/4467 4638/4768/4467
f 4608/4738/4468 4609/4739/4468 4640/4770/4468 4639/4769/4468
f 4609/4739/4469 4610/4740/4469 4641/4771/4469 4640/4770/4469
f 4610/4740/4470 4611/4741/4470 4642/4772/4470 4641/4771/4470
f 4611/4741/4471 4612/4742/4471 4643/4773/4471 4642/4772/4471
f 4612/4742/4472 4613/4743/4472 4644/4774/4472 4643/4773/4472
f 4613/4743/4473 4614/4744/4473 4645/4775/4473 4644/4774/4473
f 4614/4744/4474 4615/4745/4474 4646/4776/4474 4645/4775/4474
f 4615/4745/4475 4616/4746/4475 4647/4777/4475 4646/4776/4475
f 4616/4746/4476 4617/4747/4476 4648/4778/4476 4647/4777/4476
f 4617/4747/4477 4618/4748/4477 4649/4779/4477 4648/4778/4477
f 4618/4748/4478 4619/4749/4478 4650/4780/4478 4649/4779/4478
f 4619/4749/4479 4620/4750/4479 4651/4781/4479 4650/4780/4479
f 4620/4750/4480 4621/4751/4480 4652/4782/4480 4651/4781/4480
f 4621/4751/4481 4622/4752/4481 4653/4783/4481 4652/4782/4481
f 4622/4752/4482 4623/4753/4482 4654/4784/4482 4653/4783/4482
f 4623/4753/4483 4624/4754/4483 4655/4785/4483 4654/4784/4483
f 4624/4754/4484 4625/4755/4484 4656/4786/4484 4655/4785/4484
f 4625/4755/4485 4626/4756/4485 4657/4787/4485 4656/4786/4485
f 4626/4756/4486 4627/4757/4486 4658/4788/4486 4657/4787/4486
f 4628/4759/4487 4629/4758/4487 4660/4789/4487 4659/4790/4487
f 4629/4758/4488 4630/4760/4488 4661/4791/4488 4660/4789/4488
f 4630/4760/4489 4631/4761/4489 4662/4792/4489 4661/4791/4489
f 4631/4761/4490 4632/4762/4490 4663/4793/4490 4662/4792/4490
f 4632/4762/4491 4633/4763/4491 4664/4794/4491 4663/4793/4491
f 4633/4763/4492 4634/4764/4492 4665/4795/4492 4664/4794/4492
f 4634/4764/4493 4635/4765/4493 4666/4796/4493 4665/4795/4493
f 4635/4765/4494 4636/4766/4494 4667/4797/4494 4666/4796/4494
f 4636/4766/4495 4637/4767/4495 4668/4798/4495 4667/4797/4495
f 4637/4767/4496 4638/4768/4496 4669/4799/4496 4668/4798/4496
f 4638/4768/4497 4639/4769/4497 4670/4800/4497 4669/4799/4497
f 4639/4769/4498 4640/4770/4498 4671/4801/4498 4670/4800/4498
f 4640/4770/4499 4641/4771/4499 4672/4802/4499 4671/4801/4499
f 4641/4771/4500 4642/4772/4500 4673/4803/4500 4672/4802/4500
f 4642/4772/4501 4643/4773/4501 4674/4804/4501 4673/4803/4501
f 4643/4773/4502 4644/4774/4502 4675/4805/4502 4674/4804/4502
f 4644/4774/4503 4645/4775/4503 4676/4806/4503 4675/4805/4503
f 4645/4775/4504 4646/4776/4504 4677/4807/4504 4676/4806/4504
f 4646/4776/4505 4647/4777/4505 4678/4808/4505 4677/4807/4505
f 4647/4777/4506 4648/4778/4506 4679/4809/4506 4678/4808/4506
f 4648/4778/4507 4649/4779/4507 4680/4810/4507 4679/4809/4507
f 4649/4779/4508 4650/4780/4508 4681/4811/4508 4680/4810/4508
f 4650/4780/4509 4651/4781/4509 4682/4812/4509 4681/4811/4509
f 4651/4781/4510 4652/4782/4510 4683/4813/4510 4682/4812/4510
f 4652/4782/4511 4653/4783/4511 4684/4814/4511 4683/4813/4511
f 4653/4783/4512 4654/4784/4512 4685/4815/4512 4684/4814/4512
f 4654/4784/4513 4655/4785/4513 4686/4816/4513 4685/4815/4513
f 4655/4785/4514 4656/4786/4514 4687/4817/4514 4686/4816/4514
f 4656/4786/4515 4657/4787/4515 4688/4818/4515 4687/4817/4515
f 4657/4787/4516 4658/4788/4516 4689/4819/4516 4688/4818/4516
f 4659/4790/4517 4660/4789/4517 4691/4820/4517 4690/4821/4517
f 4660/4789/4518 4661/4791/4518 4692/4822/4518 4691/4820/4518
f 4661/4791/4519 4662/4792/4519 4693/4823/4519 4692/4822/4519
f 4662/4792/4520 4663/4793/4520 4694/4824/4520 4693/4823/4520
f 4663/4793/4521 4664/4794/4521 4695/4825/4521 4694/4824/4521
f 4664/4794/4522 4665/4795/4522 4696/4826/4522 4695/4825/4522
f 4665/4795/4523 4666/4796/4523 4697/4827/4523 4696/4826/4523
f 4666/4796/4524 4667/4797/4524 4698/4828/4524 4697/4827/4524
f 4667/4797/4525 4668/4798/4525 4699/4829/4525 4698/4828/4525
f 4668/4798/4526 4669/4799/4526 4700/4830/4526 4699/4829/4526
f 4669/4799/4527 4670/4800/4527 4701/4831/4527 4700/4830/4527
f 4670/4800/4528 4671/4801/4528 4702/4832/4528 4701/4831/4528
f 4671/4801/4529 4672/4802/4529 4703/4833/4529 4702/4832/4529
f 4672/4802/4530 4673/4803/4530 4704/4834/4530 4703/4833/4530
f 4673/4803/4531 4674/4804/4531 4705/4835/4531 4704/4834/4531
f 4674/4804/4532 4675/4805/4532 4706/4836/4532 4705/4835/4532
f 4675/4805/4533 4676/4806/4533 4707/4837/4533 4706/4836/4533
f 4676/4806/4534 4677/4807/4534 4708/4838/4534 4707/4837/4534
f 4677/4807/4535 4678/4808/4535 4709/4839/4535 4708/4838/4535
f 4678/4808/4536 4679/4809/4536 4710/4840/4536 4709/4839/4536
f 4679/4809/4537 4680/4810/4537 4711/4841/4537 4710/4840/4537
f 4680/4810/4538 4681/4811/4538 4712/4842/4538 4711/4841/4538
f 4681/4811/4539 4682/4812/4539 4713/4843/4539 4712/4842/4539
f 4682/4812/4540 4683/4813/4540 4714/4844/4540 4713/4843/4540
f 4683/4813/4541 4684/4814/4541 4715/4845/4541 4714/4844/4541
f 4684/4814/4542 4685/4815/4542 4716/4846/4542 4715/4845/4542
f 4685/4815/4543 4686/4816/4543 4717/4847/4543 4716/4846/4543
f 4686/4816/4544 4687/4817/4544 4718/4848/4544 4717/4847/4544
f 4687/4817/4545 4688/4818/4545 4719/4849/4545 4718/4848/4545
f 4688/4818/4546 4689/4819/4546 4720/4850/4546 4719/4849/4546
f 4690/4821/4547 4691/4820/4547 4722/4851/4547 4721/4852/4547
f 4691/4820/4548 4692/4822/4548 4723/4853/4548 4722/4851/4548
f 4692/4822/4549 4693/4823/4549 4724/4854/4549 4723/4853/4549
f 4693/4823/4550 4694/4824/4550 4725/4855/4550 4724/4854/4550
f 4694/4824/4551 4695/4825/4551 4726/4856/4551 4725/4855/4551
f 4695/4825/4552 4696/4826/4552 4727/4857/4552 4726/4856/4552
f 4696/4826/4553 4697/4827/4553 4728/4858/4553 4727/4857/4553
f 4697/4827/4554 4698/4828/4554 4729/4859/4554 4728/4858/4554
f 4698/4828/4555 4699/4829/4555 4730/4860/4555 4729/4859/4555
f 4699/4829/4556 4700/4830/4556 4731/4861/4556 4730/4860/4556
f 4700/4830/4557 4701/4831/4557 4732/4862/4557 4731/4861/4557
f 4701/4831/4558 4702/4832/4558 4733/4863/4558 4732/4862/4558
f 4702/4832/4559 4703/4833/4559 4734/4864/4559 4733/4863/4559
f 4703/4833/4560 4704/4834/4560 4735/4865/4560 4734/4864/4560
f 4704/4834/4561 4705/4835/4561 4736/4866/4561 4735/4865/4561
f 4705/4835/4562 4706/4836/4562 4737/4867/4562 4736/4866/4562
f 4706/4836/4563 4707/4837/4563 4738/4868/4563 4737/4867/4563
f 4707/4837/4564 4708/4838/4564 4739/4869/4564 4738/4868/4564
f 4708/4838/4565 4709/4839/4565 4740/4870/4565 4739/4869/4565
f 4709/4839/4566 4710/4840/4566 4741/4871/4566 4740/4870/4566
f 4710/4840/4567 4711/4841/4567 4742/4872/4567 4741/4871/4567
f 4711/4841/4568 4712/4842/4568 4743/4873/4568 4742/4872/4568
f 4712/4842/4569 4713/4843/4569 4744/4874/4569 4743/4873/4569
f 4713/4843/4570 4714/4844/4570 4745/4875/4570 4744/4874/4570
f 4714/4844/4571 4715/4845/4571 4746/4876/4571 4745/4875/4571
f 4715/4845/4572 4716/4846/4572 4747/4877/4572 4746/4876/4572
f 4716/4846/4573 4717/4847/4573 4748/4878/4573 4747/4877/4573
f 4717/4847/4574 4718/4848/4574 4749/4879/4574 4748/4878/4574
f 4718/4848/4575 4719/4849/4575 4750/4880/4575 4749/4879/4575
f 4719/4849/4576 4720/4850/4576 4751/4881/4576 4750/4880/4576
f 4721/4852/4577 4722/4851/4577 4753/4882/4577 4752/4883/4577
f 4722/4851/4578 4723/4853/4578 4754/4884/4578 4753/4882/4578
f 4723/4853/4579 4724/4854/4579 4755/4885/4579 4754/4884/4579
f 4724/4854/4580 4725/4855/4580 4756/4886/4580 4755/4885/4580
f 4725/4855/4581 4726/4856/4581 4757/4887/4581 4756/4886/4581
f 4726/4856/4582 4727/4857/4582 4758/4888/4582 4757/4887/4582
f 4727/4857/4583 4728/4858/4583 4759/4889/4583 4758/4888/4583
f 4728/4858/4584 4729/4859/4584 4760/4890/4584 4759/4889/4584
f 4729/4859/4585 4730/4860/4585 4761/4891/4585 4760/4890/4585
f 4730/4860/4586 4731/4861/4586 4762/4892/4586 4761/4891/4586
f 4731/4861/4587 4732/4862/4587 4763/4893/4587 4762/4892/4587
f 4732/4862/4588 4733/4863/4588 4764/4894/4588 4763/4893/4588
f 4733/4863/4589 4734/4864/4589 4765/4895/4589 4764/4894/4589
f 4734/4864/4590 4735/4865/4590 4766/4896/4590 4765/4895/4590
f 4735/4865/4591 4736/4866/4591 4767/4897/4591 4766/4896/4591
f 4736/4866/4592 4737/4867/4592 4768/4898/4592 4767/4897/4592
f 4737/4867/4593 4738/4868/4593 4769/4899/4593 4768/4898/4593
f 4738/4868/4594 4739/4869/4594 4770/4900/4594 4769/4899/4594
f 4739/4869/4595 4740/4870/4595 4771/4901/4595 4770/4900/4595
f 4740/4870/4596 4741/4871/4596 4772/4902/4596 4771/4901/4596
f 4741/4871/4597 4742/4872/4597 4773/4903/4597 4772/4902/4597
f 4742/4872/4598 4743/4873/4598 4774/4904/4598 4773/4903/4598
f 4743/4873/4599 4744/4874/4599 4775/4905/4599 4774/4904/4599
f 4744/4874/4600 4745/4875/4600 4776/4906/4600 4775/4905/4600
f 4745/4875/4601 4746/4876/4601 4777/4907/4601 4776/4906/4601
f 4746/4876/4602 4747/4877/4602 4778/4908/4602 4777/4907/4602
f 4747/4877/4603 4748/4878/4603 4779/4909/4603 4778/4908/4603
f 4748/4878/4604 4749/4879/4604 4780/4910/4604 4779/4909/4604
f 4749/4879/4605 4750/4880/4605 4781/4911/4605 4780/4910/4605
f 4750/4880/4606 4751/4881/4606 4782/4912/4606 4781/4911/4606
f 4752/4883/4607 4753/4882/4607 4784/4913/4607 4783/4914/4607
f 4753/4882/4608 4754/4884/4608 4785/4915/4608 4784/4913/4608
f 4754/4884/4609 4755/4885/4609 4786/4916/4609 4785/4915/4609
f 4755/4885/4610 4756/4886/4610 4787/4917/4610 4786/4916/4610
f 4756/4886/4611 4757/4887/4611 4788/4918/4611 4787/4917/4611
f 4757/4887/4612 4758/4888/4612 4789/4919/4612 4788/4918/4612
f 4758/4888/4613 4759/4889/4613 4790/4920/4613 4789/4919/4613
f 4759/4889/4614 4760/4890/4614 4791/4921/4614 4790/4920/4614
f 4760/4890/4615 4761/4891/4615 4792/4922/4615 4791/4921/4615
f 4761/4891/4616 4762/4892/4616 4793/4923/4616 4792/4922/4616
f 4762/4892/4617 4763/4893/4617 4794/4924/4617 4793/4923/4617
f 4763/4893/4618 4764/4894/4618 4795/4925/4618 4794/4924/4618
f 4764/4894/4619 4765/4895/4619 4796/4926/4619 4795/4925/4619
f 4765/4895/4620 4766/4896/4620 4797/4927/4620 4796/4926/4620
f 4766/4896/4621 4767/4897/4621 4798/4928/4621 4797/4927/4621
f 4767/4897/4622 4768/4898/4622 4799/4929/4622 4798/4928/4622
f 4768/4898/4623 4769/4899/4623 4800/4930/4623 4799/4929/4623
f 4769/4899/4624 4770/4900/4624 4801/4931/4624 4800/4930/4624
f 4770/4900/4625 4771/4901/4625 4802/4932/4625 4801/4931/4625
f 4771/4901/4626 4772/4902/4626 4803/4933/4626 4802/4932/4626
f 4772/4902/4627 4773/4903/4627 4804/4934/4627 4803/4933/4627
f 4773/4903/4628 4774/4904/4628 4805/4935/4628 4804/4934/4628
f 4774/4904/4629 4775/4905/4629 4806/4936/4629 4805/4935/4629
f 4775/4905/4630 4776/4906/4630 4807/4937/4630 4806/4936/4630
f 4776/4906/4631 4777/4907/4631 4808/4938/4631 4807/4937/4631
f 4777/4907/4632 4778/4908/4632 4809/4939/4632 4808/4938/4632
f 4778/4908/4633 4779/4909/4633 4810/4940/4633 4809/4939/4633
f 4779/4909/4634 4780/4910/4634 4811/4941/4634 4810/4940/4634
f 4780/4910/4635 4781/4911/4635 4812/4942/4635 4811/4941/4635
f 4781/4911/4636 4782/4912/4636 4813/4943/4636 4812/4942/4636
f 4783/4914/4637 4784/4913/4637 4815/4944/4637 4814/4945/4637
f 4784/4913/4638 4785/4915/4638 4816/4946/4638 4815/4944/4638
f 4785/4915/4639 4786/4916/4639 4817/4947/4639 4816/4946/4639
f 4786/4916/4640 4787/4917/4640 4818/4948/4640 4817/4947/4640
f 4787/4917/4641 4788/4918/4641 4819/4949/4641 4818/4948/4641
f 4788/4918/4642 4789/4919/4642 4820/4950/4642 4819/4949/4642
f 4789/4919/4643 4790/4920/4643 4821/4951/4643 4820/4950/4643
f 4790/4920/4644 4791/4921/4644 4822/4952/4644 4821/4951/4644
f 4791/4921/4645 4792/4922/4645 4823/4953/4645 4822/4952/4645
f 4792/4922/4646 4793/4923/4646 4824/4954/4646 4823/4953/4646
f 4793/4923/4647 4794/4924/4647 4825/4955/4647 4824/4954/4647
f 4794/4924/4648 4795/4925/4648 4826/4956/4648 4825/4955/4648
f 4795/4925/4649 4796/4926/4649 4827/4957/4649 4826/4956/4649
f 4796/4926/4650 4797/4927/4650 4828/4958/4650 4827/4957/4650
f 4797/4927/4651 4798/4928/4651 4829/4959/4651 4828/4958/4651
f 4798/4928/4652 4799/4929/4652 4830/4960/4652 4829/4959/4652
f 4799/4929/4653 4800/4930/4653 4831/4961/4653 4830/4960/4653
f 4800/4930/4654 4801/4931/4654 4832/4962/4654 4831/4961/4654
f 4801/4931/4655 4802/4932/4655 4833/4963/4655 4832/4962/4655
f 4802/4932/4656 4803/4933/4656 4834/4964/4656 4833/4963/4656
f 4803/4933/4657 4804/4934/4657 4835/4965/4657 4834/4964/4657
f 4804/4934/4658 4805/4935/4658 4836/4966/4658 4835/4965/4658
f 4805/4935/4659 4806/4936/4659 4837/4967/4659 4836/4966/4659
f 4806/4936/4660 4807/4937/4660 4838/4968/4660 4837/4967/4660
f 4807/4937/4661 4808/4938/4661 4839/4969/4661 4838/4968/4661
f 4808/4938/4662 4809/4939/4662 4840/4970/4662 4839/4969/4662
f 4809/4939/4663 4810/4940/4663 4841/4971/4663 4840/4970/4663
f 4810/4940/4664 4811/4941/4664 4842/4972/4664 4841/4971/4664
f 4811/4941/4665 4812/4942/4665 4843/4973/4665 4842/4972/4665
f 4812/4942/4666 4813/4943/4666 4844/4974/4666 4843/4973/4666
f 4814/4945/4667 4815/4944/4667 4846/4975/4667 4845/4976/4667
f 4815/4944/4668 4816/4946/4668 4847/4977/4668 4846/4975/4668
f 4816/4946/4669 4817/4947/4669 4848/4978/4669 4847/4977/4669
f 4817/4947/4670 4818/4948/4670 4849/4979/4670 4848/4978/4670
f 4818/4948/4671 4819/4949/4671 4850/4980/4671 4849/4979/4671
f 4819/4949/4672 4820/4950/4672 4851/4981/4672 4850/4980/4672
f 4820/4950/4673 4821/4951/4673 4852/4982/4673 4851/4981/4673
f 4821/4951/4674 4822/4952/4674 4853/4983/4674 4852/4982/4674
f 4822/4952/4675 4823/4953/4675 4854/4984/4675 4853/4983/4675
f 4823/4953/4676 4824/4954/4676 4855/4985/4676 4854/4984/4676
f 4824/4954/4677 4825/4955/4677 4856/4986/4677 4855/4985/4677
f 4825/4955/4678 4826/4956/4678 4857/4987/4678 4856/4986/4678
f 4826/4956/4679 4827/4957/4679 4858/4988/4679 4857/4987/4679
f 4827/4957/4680 4828/4958/4680 4859/4989/4680 4858/4988/4680
f 4828/4958/4681 4829/4959/4681 4860/4990/4681 4859/4989/4681
f 4829/4959/4682 4830/4960/4682 4861/4991/4682 4860/4990/4682
f 4830/4960/4683 4831/4961/4683 4862/4992/4683 4861/4991/4683
f 4831/4961/4684 4832/4962/4684 4863/4993/4684 4862/4992/4684
f 4832/4962/4685 4833/4963/4685 4864/4994/4685 4863/4993/4685
f 4833/4963/4686 4834/4964/4686 4865/4995/4686 4864/4994/4686
f 4834/4964/4687 4835/4965/4687 4866/4996/4687 4865/4995/4687
f 4835/4965/4688 4836/4966/4688 4867/4997/4688 4866/4996/4688
f 4836/4966/4689 4837/4967/4689 4868/4998/4689 4867/4997/4689
f 4837/4967/4690 4838/4968/4690 4869/4999/4690 4868/4998/4690
f 4838/4968/4691 4839/4969/4691 4870/5000/4691 4869/4999/4691
f 4839/4969/4692 4840/4970/4692 4871/5001/4692 4870/5000/4692
f 4840/4970/4693 4841/4971/4693 4872/5002/4693 4871/5001/4693
f 4841/4971/4694 4842/4972/4694 4873/5003/4694 4872/5002/4694
f 4842/4972/4695 4843/4973/4695 4874/5004/4695 4873/5003/4695
f 4843/4973/4696 4844/4974/4696 4875/5005/4696 4874/5004/4696
f 4845/4976/4697 4846/4975/4697 4877/5006/4697 4876/5007/4697
f 4846/4975/4698 4847/4977/4698 4878/5008/4698 4877/5006/4698
f 4847/4977/4699 4848/4978/4699 4879/5009/4699 4878/5008/4699
f 4848/4978/4700 4849/4979/4700 4880/5010/4700 4879/5009/4700
f 4849/4979/4701 4850/4980/4701 4881/5011/4701 4880/5010/4701
f 4850/4980/4702 4851/4981/4702 4882/5012/4702 4881/5011/4702
f 4851/4981/4703 4852/4982/4703 4883/5013/4703 4882/5012/4703
f 4852/4982/4704 4853/4983/4704 4884/5014/4704 4883/5013/4704
f 4853/4983/4705 4854/4984/4705 4885/5015/4705 4884/5014/4705
f 4854/4984/4706 4855/4985/4706 4886/5016/4706 4885/5015/4706
f 4855/4985/4707 4856/4986/4707 4887/5017/4707 4886/5016/4707
f 4856/4986/4708 4857/4987/4708 4888/5018/4708 4887/5017/4708
f 4857/4987/4709 4858/4988/4709 4889/5019/4709 4888/5018/4709
f 4858/4988/4710 4859/4989/4710 4890/5020/4710 4889/5019/4710
f 4859/4989/4711 4860/4990/4711 4891/5021/4711 4890/5020/4711
f 4860/4990/4712 4861/4991/4712 4892/5022/4712 4891/5021/4712
f 4861/4991/4713 4862/4992/4713 4893/5023/4713 4892/5022/4713
f 4862/4992/4714 4863/4993/4714 4894/5024/4714 4893/5023/4714
f 4863/4993/4715 4864/4994/4715 4895/5025/4715 4894/5024/4715
f 4864/4994/4716 4865/4995/4716 4896/5026/4716 4895/5025/4716
f 4865/4995/4717 4866/4996/4717 4897/5027/4717 4896/5026/4717
f 4866/4996/4718 4867/4997/4718 4898/5028/4718 4897/5027/4718
f 4867/4997/4719 4868/4998/4719 4899/5029/4719 4898/5028/4719
f 4868/4998/4720 4869/4999/4720 4900/5030/4720 4899/5029/4720
f 4869/4999/4721 4870/5000/4721 4901/5031/4721 4900/5030/4721
f 4870/5000/4722 4871/5001/4722 4902/5032/4722 4901/5031/4722
f 4871/5001/4723 4872/5002/4723 4903/5033/4723 4902/5032/4723
f 4872/5002/4724 4873/5003/4724 4904/5034/4724 4903/5033/4724
f 4873/5003/4725 4874/5004/4725 4905/5035/4725 4904/5034/4725
f 4874/5004/4726 4875/5005/4726 4906/5036/4726 4905/5035/4726
f 4876/5007/4727 4877/5006/4727 4908/5037/4727 4907/5038/4727
f 4877/5006/4728 4878/5008/4728 4909/5039/4728 4908/5037/4728
f 4878/5008/4729 4879/5009/4729 4910/5040/4729 4909/5039/4729
f 4879/5009/4730 4880/5010/4730 4911/5041/4730 4910/5040/4730
f 4880/5010/4731 4881/5011/4731 4912/5042/4731 4911/5041/4731
f 4881/5011/4732 4882/5012/4732 4913/5043/4732 4912/5042/4732
f 4882/5012/4733 4883/5013/4733 4914/5044/4733 4913/5043/4733
f 4883/5013/4734 4884/5014/4734 4915/5045/4734 4914/5044/4734
f 4884/5014/4735 4885/5015/4735 4916/5046/4735 4915/5045/4735
f 4885/5015/4736 4886/5016/4736 4917/5047/4736 4916/5046/4736
f 4886/5016/4737 4887/5017/4737 4918/5048/4737 4917/5047/4737
f 4887/5017/4738 4888/5018/4738 4919/5049/4738 4918/5048/4738
f 4888/5018/4739 4889/5019/4739 4920/5050/4739 4919/5049/4739
f 4889/5019/4740 4890/5020/4740 4921/5051/4740 4920/5050/4740
f 4890/5020/4741 4891/5021/4741 4922/5052/4741 4921/5051/4741
f 4891/5021/4742 4892/5022/4742 4923/5053/4742 4922/5052/4742
f 4892/5022/4743 4893/5023/4743 4924/5054/4743 4923/5053/4743
f 4893/5023/4744 4894/5024/4744 4925/5055/4744 4924/5054/4744
f 4894/5024/4745 4895/5025/4745 4926/5056/4745 4925/5055/4745
f 4895/5025/4746 4896/5026/4746 4927/5057/4746 4926/5056/4746
f 4896/5026/4747 4897/5027/4747 4928/5058/4747 4927/5057/4747
f 4897/5027/4748 4898/5028/4748 4929/5059/4748 4928/5058/4748
f 4898/5028/4749 4899/5029/4749 4930/5060/4749 4929/5059/4749
f 4899/5029/4750 4900/5030/4750 4931/5061/4750 4930/5060/4750
f 4900/5030/4751 4901/5031/4751 4932/5062/4751 4931/5061/4751
f 4901/5031/4752 4902/5032/4752 4933/5063/4752 4932/5062/4752
f 4902/5032/4753 4903/5033/4753 4934/5064/4753 4933/5063/4753
f 4903/5033/4754 4904/5034/4754 4935/5065/4754 4934/5064/4754
f 4904/5034/4755 4905/5035/4755 4936/5066/4755 4935/5065/4755
f 4905/5035/4756 4906/5036/4756 4937/5067/4756 4936/5066/4756
f 4907/5038/4757 4908/5037/4757 4939/5068/4757 4938/5069/4757
f 4908/5037/4758 4909/5039/4758 4940/5070/4758 4939/5068/4758
f 4909/5039/4759 4910/5040/4759 4941/5071/4759 4940/5070/4759
f 4910/5040/4760 4911/5041/4760 4942/5072/4760 4941/5071/4760
f 4911/5041/4761 4912/5042/4761 4943/5073/4761 4942/5072/4761
f 4912/5042/4762 4913/5043/4762 4944/5074/4762 4943/5073/4762
f 4913/5043/4763 4914/5044/4763 4945/5075/4763 4944/5074/4763
f 4914/5044/4764 4915/5045/4764 4946/5076/4764 4945/5075/4764
f 4915/5045/4765 4916/5046/4765 4947/5077/4765 4946/5076/4765
f 4916/5046/4766 4917/5047/4766 4948/5078/4766 4947/5077/4766
f 4917/5047/4767 4918/5048/4767 4949/5079/4767 4948/5078/4767
f 4918/5048/4768 4919/5049/4768 4950/5080/4768 4949/5079/4768
f 4919/5049/4769 4920/5050/4769 4951/5081/4769 4950/5080/4769
f 4920/5050/4770 4921/5051/4770 4952/5082/4770 4951/5081/4770
f 4921/5051/4771 4922/5052/4771 4953/5083/4771 4952/5082/4771
f 4922/5052/4772 4923/5053/4772 4954/5084/4772 4953/5083/4772
f 4923/5053/4773 4924/5054/4773 4955/5085/4773 4954/5084/4773
f 4924/5054/4774 4925/5055/4774 4956/5086/4774 4955/5085/4774
f 4925/5055/4775 4926/5056/4775 4957/5087/4775 4956/5086/4775
f 4926/5056/4776 4927/5057/4776 4958/5088/4776 4957/5087/4776
f 4927/5057/4777 4928/5058/4777 4959/5089/4777 4958/5088/4777
f 4928/5058/4778 4929/5059/4778 4960/5090/4778 4959/5089/4778
f 4929/5059/4779 4930/5060/4779 4961/5091/4779 4960/5090/4779
f 4930/5060/4780 4931/5061/4780 4962/5092/4780 4961/5091/4780
f 4931/5061/4781 4932/5062/4781 4963/5093/4781 4962/5092/4781
f 4932/5062/4782 4933/5063/4782 4964/5094/4782 4963/5093/4782
f 4933/5063/4783 4934/5064/4783 4965/5095/4783 4964/5094/4783
f 4934/5064/4784 4935/5065/4784 4966/5096/4784 4965/5095/4784
f 4935/5065/4785 4936/5066/4785 4967/5097/4785 4966/5096/4785
f 4936/5066/4786 4937/5067/4786 4968/5098/4786 4967/5097/4786
f 4938/5069/4787 4939/5068/4787 4970/5099/4787 4969/5100/4787
f 4939/5068/4788 4940/5070/4788 4971/5101/4788 4970/5099/4788
f 4940/5070/4789 4941/5071/4789 4972/5102/4789 4971/5101/4789
f 4941/5071/4790 4942/5072/4790 4973/5103/4790 4972/5102/4790
f 4942/5072/4791 4943/5073/4791 4974/5104/4791 4973/5103/4791
f 4943/5073/4792 4944/5074/4792 4975/5105/4792 4974/5104/4792
f 4944/5074/4793 4945/5075/4793 4976/5106/4793 4975/5105/4793
f 4945/5075/4794 4946/5076/4794 4977/5107/4794 4976/5106/4794
f 4946/5076/4795 4947/5077/4795 4978/5108/4795 4977/5107/4795
f 4947/5077/4796 4948/5078/4796 4979/5109/4796 4978/5108/4796
f 4948/5078/4797 4949/5079/4797 4980/5110/4797 4979/5109/4797
f 4949/5079/4798 4950/5080/4798 4981/5111/4798 4980/5110/4798
f 4950/5080/4799 4951/5081/4799 4982/5112/4799 4981/5111/4799
f 4951/5081/4800 4952/5082/4800 4983/5113/4800 4982/5112/4800
f 4952/5082/4801 4953/5083/4801 4984/5114/4801 4983/5113/4801
f 4953/5083/4802 4954/5084/4802 4985/5115/4802 4984/5114/4802
f 4954/5084/4803 4955/5085/4803 4986/5116/4803 4985/5115/4803
f 4955/5085/4804 4956/5086/4804 4987/5117/4804 4986/5116/4804
f 4956/5086/4805 4957/5087/4805 4988/5118/4805 4987/5117/4805
f 4957/5087/4806 4958/5088/4806 4989/5119/4806 4988/5118/4806
f 4958/5088/4807 4959/5089/4807 4990/5120/4807 4989/5119/4807
f 4959/5089/4808 4960/5090/4808 4991/5121/4808 4990/5120/4808
f 4960/5090/4809 4961/5091/4809 4992/5122/4809 4991/5121/4809
f 4961/5091/4810 4962/5092/4810 4993/5123/4810 4992/5122/4810
f 4962/5092/4811 4963/5093/4811 4994/5124/4811 4993/5123/4811
f 4963/5093/4812 4964/5094/4812 4995/5125/4812 4994/5124/4812
f 4964/5094/4813 4965/5095/4813 4996/5126/4813 4995/5125/4813
f 4965/5095/4814 4966/5096/4814 4997/5127/4814 4996/5126/4814
f 4966/5096/4815 4967/5097/4815 4998/5128/4815 4997/5127/4815
f 4967/5097/4816 4968/5098/4816 4999/5129/4816 4998/5128/4816
f 4969/5100/4817 4970/5099/4817 5001/5130/4817 5000/5131/4817
f 4970/5099/4818 4971/5101/4818 5002/5132/4818 5001/5130/4818
f 4971/5101/4819 4972/5102/4819 5003/5133/4819 5002/5132/4819
f 4972/5102/4820 4973/5103/4820 5004/5134/4820 5003/5133/4820
f 4973/5103/4821 4974/5104/4821 5005/5135/4821 5004/5134/4821
f 4974/5104/4822 4975/5105/4822 5006/5136/4822 5005/5135/4822
f 4975/5105/4823 4976/5106/4823 5007/5137/4823 5006/5136/4823
f 4976/5106/4824 4977/5107/4824 5008/5138/4824 5007/5137/4824
f 4977/5107/4825 4978/5108/4825 5009/5139/4825 5008/5138/4825
f 4978/5108/4826 4979/5109/4826 5010/5140/4826 5009/5139/4826
f 4979/5109/4827 4980/5110/4827 5011/5141/4827 5010/5140/4827
f 4980/5110/4828 4981/5111/4828 5012/5142/4828 5011/5141/4828
f 4981/5111/4829 4982/5112/4829 5013/5143/4829 5012/5142/4829
f 4982/5112/4830 4983/5113/4830 5014/5144/4830 5013/5143/4830
f 4983/5113/4831 4984/5114/4831 5015/5145/4831 5014/5144/4831
f 4984/5114/4832 4985/5115/4832 5016/5146/4832 5015/5145/4832
f 4985/5115/4833 4986/5116/4833 5017/5147/4833 5016/5146/4833
f 4986/5116/4834 4987/5117/4834 5018/5148/4834 5017/5147/4834
f 4987/5117/4835 4988/5118/4835 5019/5149/4835 5018/5148/4835
f 4988/5118/4836 4989/5119/4836 5020/5150/4836 5019/5149/4836
f 4989/5119/4837 4990/5120/4837 5021/5151/4837 5020/5150/4837
f 4990/5120/4838 4991/5121/4838 5022/5152/4838 5021/5151/4838
f 4991/5121/4839 4992/5122/4839 5023/5153/4839 5022/5152/4839
f 4992/5122/4840 4993/5123/4840 5024/5154/4840 5023/5153/4840
f 4993/5123/4841 4994/5124/4841 5025/5155/4841 5024/5154/4841
f 4994/5124/4842 4995/5125/4842 5026/5156/4842 5025/5155/4842
f 4995/5125/4843 4996/5126/4843 5027/5157/4843 5026/5156/4843
f 4996/5126/4844 4997/5127/4844 5028/5158/4844 5027/5157/4844
f 4997/5127/4845 4998/5128/4845 5029/5159/4845 5028/5158/4845
f 4998/5128/4846 4999/5129/4846 5030/5160/4846 5029/5159/4846
f 5000/5131/4847 5001/5130/4847 5032/5161/4847 5031/5162/4847
f 5001/5130/4848 5002/5132/4848 5033/5163/4848 5032/5161/4848
f 5002/5132/4849 5003/5133/4849 5034/5164/4849 5033/5163/4849
f 5003/5133/4850 5004/5134/4850 5035/5165/4850 5034/5164/4850
f 5004/5134/4851 5005/5135/4851 5036/5166/4851 5035/5165/4851
f 5005/5135/4852 5006/5136/4852 5037/5167/4852 5036/5166/4852
f 5006/5136/4853 5007/5137/4853 5038/5168/4853 5037/5167/4853
f 5007/5137/4854 5008/5138/4854 5039/5169/4854 5038/5168/4854
f 5008/5138/4855 5009/5139/4855 5040/5170/4855 5039/5169/4855
f 5009/5139/4856 5010/5140/4856 5041/5171/4856 5040/5170/4856
f 5010/5140/4857 5011/5141/4857 5042/5172/4857 5041/5171/4857
f 5011/5141/4858 5012/5142/4858 5043/5173/4858 5042/5172/4858
f 5012/5142/4859 5013/5143/4859 5044/5174/4859 5043/5173/4859
f 5013/5143/4860 5014/5144/4860 5045/5175/4860 5044/5174/4860
f 5014/5144/4861 5015/5145/4861 5046/5176/4861 5045/5175/4861
f 5015/5145/4862 5016/5146/4862 5047/5177/4862 5046/5176/4862
f 5016/5146/4863 5017/5147/4863 5048/5178/4863 5047/5177/4863
f 5017/5147/4864 5018/5148/4864 5049/5179/4864 5048/5178/4864
f 5018/5148/4865 5019/5149/4865 5050/5180/4865 5049/5179/4865
f 5019/5149/4866 5020/5150/4866 5051/5181/4866 5050/5180/4866
f 5020/5150/4867 5021/5151/4867 5052/5182/4867 5051/5181/4867
f 5021/5151/4868 5022/5152/4868 5053/5183/4868 5052/5182/4868
f 5022/5152/4869 5023/5153/4869 5054/5184/4869 5053/5183/4869
f 5023/5153/4870 5024/5154/4870 5055/5185/4870 5054/5184/4870
f 5024/5154/4871 5025/5155/4871 5056/5186/4871 5055/5185/4871
f 5025/5155/4872 5026/5156/4872 5057/5187/4872 5056/5186/4872
f 5026/5156/4873 5027/5157/4873 5058/5188/4873 5057/5187/4873
f 5027/5157/4874 5028/5158/4874 5059/5189/4874 5058/5188/4874
f 5028/5158/4875 5029/5159/4875 5060/5190/4875 5059/5189/4875
f 5029/5159/4876 5030/5160/4876 5061/5191/4876 5060/5190/4876
f 5031/5162/4877 5032/5161/4877 5063/5192/4877 5062/5193/4877
f 5032/5161/4878 5033/5163/4878 5064/5194/4878 5063/5192/4878
f 5033/5163/4879 5034/5164/4879 5065/5195/4879 5064/5194/4879
f 5034/5164/4880 5035/5165/4880 5066/5196/4880 5065/5195/4880
f 5035/5165/4881 5036/5166/4881 5067/5197/4881 5066/5196/4881
f 5036/5166/4882 5037/5167/4882 5068/5198/4882 5067/5197/4882
f 5037/5167/4883 5038/5168/4883 5069/5199/4883 5068/5198/4883
f 5038/5168/4884 5039/5169/4884 5070/5200/4884 5069/5199/4884
f 5039/5169/4885 5040/5170/4885 5071/5201/4885 5070/5200/4885
f 5040/5170/4886 5041/5171/4886 5072/5202/4886 5071/5201/4886
f 5041/5171/4887 5042/5172/4887 5073/5203/4887 5072/5202/4887
f 5042/5172/4888 5043/5173/4888 5074/5204/4888 5073/5203/4888
f 5043/5173/4889 5044/5174/4889 5075/5205/4889 5074/5204/4889
f 5044/5174/4890 5045/5175/4890 5076/5206/4890 5075/5205/4890
f 5045/5175/4891 5046/5176/4891 5077/5207/4891 5076/5206/4891
f 5046/5176/4892 5047/5177/4892 5078/5208/4892 5077/5207/4892
f 5047/5177/4893 5048/5178/4893 5079/5209/4893 5078/5208/4893
f 5048/5178/4894 5049/5179/4894 5080/5210/4894 5079/5209/4894
f 5049/5179/4895 5050/5180/4895 5081/5211/4895 5080/5210/4895
f 5050/5180/4896 5051/5181/4896 5082/5212/4896 5081/5211/4896
f 5051/5181/4897 5052/5182/4897 5083/5213/4897 5082/5212/4897
f 5052/5182/4898 5053/5183/4898 5084/5214/4898 5083/5213/4898
f 5053/5183/4899 5054/5184/4899 5085/5215/4899 5084/5214/4899
f 5054/5184/4900 5055/5185/4900 5086/5216/4900 5085/5215/4900
f 5055/5185/4901 5056/5186/4901 5087/5217/4901 5086/5216/4901
f 5056/5186/4902 5057/5187/4902 5088/5218/4902 5087/5217/4902
f 5057/5187/4903 5058/5188/4903 5089/5219/4903 5088/5218/4903
f 5058/5188/4904 5059/5189/4904 5090/5220/4904 5089/5219/4904
f 5059/5189/4905 5060/5190/4905 5091/5221/4905 5090/5220/4905
f 5060/5190/4906 5061/5191/4906 5092/5222/4906 5091/5221/4906
f 5062/5193/4907 5063/5192/4907 5094/5223/4907 5093/5224/4907
f 5063/5192/4908 5064/5194/4908 5095/5225/4908 5094/5223/4908
f 5064/5194/4909 5065/5195/4909 5096/5226/4909 5095/5225/4909
f 5065/5195/4910 5066/5196/4910 5097/5227/4910 5096/5226/4910
f 5066/5196/4911 5067/5197/4911 5098/5228/4911 5097/5227/4911
f 5067/5197/4912 5068/5198/4912 5099/5229/4912 5098/5228/4912
f 5068/5198/4913 5069/5199/4913 5100/5230/4913 5099/5229/4913
f 5069/5199/4914 5070/5200/4914 5101/5231/4914 5100/5230/4914
f 5070/5200/4915 5071/5201/4915 5102/5232/4915 5101/5231/4915
f 5071/5201/4916 5072/5202/4916 5103/5233/4916 5102/5232/4916
f 5072/5202/4917 5073/5203/4917 5104/5234/4917 5103/5233/4917
f 5073/5203/4918 5074/5204/4918 5105/5235/4918 5104/5234/4918
f 5074/5204/4919 5075/5205/4919 5106/5236/4919 5105/5235/4919
f 5075/5205/4920 5076/5206/4920 5107/5237/4920 5106/5236/4920
f 5076/5206/4921 5077/5207/4921 5108/5238/4921 5107/5237/4921
f 5077/5207/4922 5078/5208/4922 5109/5239/4922 5108/5238/4922
f 5078/5208/4923 5079/5209/4923 5110/5240/4923 5109/5239/4923
f 5079/5209/4924 5080/5210/4924 5111/5241/4924 5110/5240/4924
f 5080/5210/4925 5081/5211/4925 5112/5242/4925 5111/5241/4925
f 5081/5211/4926 5082/5212/4926 5113/5243/4926 5112/5242/4926
f 5082/5212/4927 5083/5213/4927 5114/5244/4927 5113/5243/4927
f 5083/5213/4928 5084/5214/4928 5115/5245/4928 5114/5244/4928
f 5084/5214/4929 5085/5215/4929 5116/5246/4929 5115/5245/4929
f 5085/5215/4930 5086/5216/4930 5117/5247/4930 5116/5246/4930
f 5086/5216/4931 5087/5217/4931 5118/5248/4931 5117/5247/4931
f 5087/5217/4932 5088/5218/4932 5119/5249/4932 5118/5248/4932
f 5088/5218/4933 5089/5219/4933 5120/5250/4933 5119/5249/4933
f 5089/5219/4934 5090/5220/4934 5121/5251/4934 5120/5250/4934
f 5090/5220/4935 5091/5221/4935 5122/5252/4935 5121/5251/4935
f 5091/5221/4936 5092/5222/4936 5123/5253/4936 5122/5252/4936
f 5093/5224/4937 5094/5223/4937 5125/5254/4937 5124/5255/4937
f 5094/5223/4938 5095/5225/4938 5126/5256/4938 5125/5254/4938
f 5095/5225/4939 5096/5226/4939 5127/5257/4939 5126/5256/4939
f 5096/5226/4940 5097/5227/4940 5128/5258/4940 5127/5257/4940
f 5097/5227/4941 5098/5228/4941 5129/5259/4941 5128/5258/4941
f 5098/5228/4942 5099/5229/4942 5130/5260/4942 5129/5259/4942
f 5099/5229/4943 5100/5230/4943 5131/5261/4943 5130/5260/4943
f 5100/5230/4944 5101/5231/4944 5132/5262/4944 5131/5261/4944
f 5101/5231/4945 5102/5232/4945 5133/5263/4945 5132/5262/4945
f 5102/5232/4946 5103/5233/4946 5134/5264/4946 5133/5263/4946
f 5103/5233/4947 5104/5234/4947 5135/5265/4947 5134/5264/4947
f 5104/5234/4948 5105/5235/4948 5136/5266/4948 5135/5265/4948
f 5105/5235/4949 5106/5236/4949 5137/5267/4949 5136/5266/4949
f 5106/5236/4950 5107/5237/4950 5138/5268/4950 5137/5267/4950
f 5107/5237/4951 5108/5238/4951 5139/5269/4951 5138/5268/4951
f 5108/5238/4952 5109/5239/4952 5140/5270/4952 5139/5269/4952
f 5109/5239/4953 5110/5240/4953 5141/5271/4953 5140/5270/4953
f 5110/5240/4954 5111/5241/4954 5142/5272/4954 5141/5271/4954
f 5111/5241/4955 5112/5242/4955 5143/5273/4955 5142/5272/4955
f 5112/5242/4956 5113/5243/4956 5144/5274/4956 5143/5273/4956
f 5113/5243/4957 5114/5244/4957 5145/5275/4957 5144/5274/4957
f 5114/5244/4958 5115/5245/4958 5146/5276/4958 5145/5275/4958
f 5115/5245/4959 5116/5246/4959 5147/5277/4959 5146/5276/4959
f 5116/5246/4960 5117/5247/4960 5148/5278/4960 5147/5277/4960
f 5117/5247/4961 5118/5248/4961 5149/5279/4961 5148/5278/4961
f 5118/5248/4962 5119/5249/4962 5150/5280/4962 5149/5279/4962
f 5119/5249/4963 5120/5250/4963 5151/5281/4963 5150/5280/4963
f 5120/5250/4964 5121/5251/4964 5152/5282/4964 5151/5281/4964
f 5121/5251/4965 5122/5252/4965 5153/5283/4965 5152/5282/4965
f 5122/5252/4966 5123/5253/4966 5154/5284/4966 5153/5283/4966
f 5124/5255/4967 5125/5254/4967 5156/5285/4967 5155/5286/4967
f 5125/5254/4968 5126/5256/4968 5157/5287/4968 5156/5285/4968
f 5126/5256/4969 5127/5257/4969 5158/5288/4969 5157/5287/4969
f 5127/5257/4970 5128/5258/4970 5159/5289/4970 5158/5288/4970
f 5128/5258/4971 5129/5259/4971 5160/5290/4971 5159/5289/4971
f 5129/5259/4972 5130/5260/4972 5161/5291/4972 5160/5290/4972
f 5130/5260/4973 5131/5261/4973 5162/5292/4973 5161/5291/4973
f 5131/5261/4974 5132/5262/4974 5163/5293/4974 5162/5292/4974
f 5132/5262/4975 5133/5263/4975 5164/5294/4975 5163/5293/4975
f 5133/5263/4976 5134/5264/4976 5165/5295/4976 5164/5294/4976
f 5134/5264/4977 5135/5265/4977 5166/5296/4977 5165/5295/4977
f 5135/5265/4978 5136/5266/4978 5167/5297/4978 5166/5296/4978
f 5136/5266/4979 5137/5267/4979 5168/5298/4979 5167/5297/4979
f 5137/5267/4980 5138/5268/4980 5169/5299/4980 5168/5298/4980
f 5138/5268/4981 5139/5269/4981 5170/5300/4981 5169/5299/4981
f 5139/5269/4982 5140/5270/4982 5171/5301/4982 5170/5300/4982
f 5140/5270/4983 5141/5271/4983 5172/5302/4983 5171/5301/4983
f 5141/5271/4984 5142/5272/4984 5173/5303/4984 5172/5302/4984
f 5142/5272/4985 5143/5273/4985 5174/5304/4985 5173/5303/4985
f 5143/5273/4986 5144/5274/4986 5175/5305/4986 5174/5304/4986
f 5144/5274/4987 5145/5275/4987 5176/5306/4987 5175/5305/4987
f 5145/5275/4988 5146/5276/4988 5177/5307/4988 5176/5306/4988
f 5146/5276/4989 5147/5277/4989 5178/5308/4989 5177/5307/4989
f 5147/5277/4990 5148/5278/4990 5179/5309/4990 5178/5308/4990
f 5148/5278/4991 5149/5279/4991 5180/5310/4991 5179/5309/4991
f 5149/5279/4992 5150/5280/4992 5181/5311/4992 5180/5310/4992
f 5150/5280/4993 5151/5281/4993 5182/5312/4993 5181/5311/4993
f 5151/5281/4994 5152/5282/4994 5183/5313/4994 5182/5312/4994
f 5152/5282/4995 5153/5283/4995 5184/5314/4995 5183/5313/4995
f 5153/5283/4996 5154/5284/4996 5185/5315/4996 5184/5314/4996
f 2/4261/4997 101/5316/4997 4225/4355/4997 380/4262/4997
f 101/5316/4998 100/5317/4998 4226/4356/4998 4225/4355/4998
f 100/5317/4999 99/5318/4999 4227/4359/4999 4226/4356/4999
f 99/5318/5000 98/5319/5000 4228/4361/5000 4227/4359/5000
f 98/5319/5001 97/5320/5001 4229/4363/5001 4228/4361/5001
f 97/5320/5002 96/5321/5002 4230/4365/5002 4229/4363/5002
f 96/5321/5003 95/5322/5003 4231/4367/5003 4230/4365/5003
f 95/5322/5004 94/5323/5004 4232/4369/5004 4231/4367/5004
f 94/5323/5005 93/5324/5005 4233/4371/5005 4232/4369/5005
f 93/5324/5006 92/5325/5006 4234/4373/5006 4233/4371/5006
f 92/5325/5007 91/5326/5007 4235/4375/5007 4234/4373/5007
f 91/5326/5008 90/5327/5008 4236/4377/5008 4235/4375/5008
f 90/5327/5009 89/5328/5009 4237/4379/5009 4236/4377/5009
f 89/5328/5010 88/5329/5010 4238/4381/5010 4237/4379/5010
f 88/5329/5011 87/5330/5011 4239/4383/5011 4238/4381/5011
f 87/5330/5012 86/5331/5012 4240/4385/5012 4239/4383/5012
f 86/5331/5013 85/5332/5013 4241/4387/5013 4240/4385/5013
f 85/5332/5014 84/5333/5014 4242/4389/5014 4241/4387/5014
f 84/5333/5015 83/5334/5015 4243/4391/5015 4242/4389/5015
f 83/5334/5016 82/5335/5016 4244/4393/5016 4243/4391/5016
f 82/5335/5017 81/5336/5017 4245/4395/5017 4244/4393/5017
f 81/5336/5018 80/5337/5018 4246/4397/5018 4245/4395/5018
f 80/5337/5019 79/5338/5019 4247/4399/5019 4246/4397/5019
f 79/5338/5020 78/5339/5020 4248/4401/5020 4247/4399/5020
f 78/5339/5021 77/5340/5021 4249/4403/5021 4248/4401/5021
f 77/5340/5022 76/5341/5022 4250/4405/5022 4249/4403/5022
f 76/5341/5023 75/5342/5023 4251/4407/5023 4250/4405/5023
f 75/5342/5024 74/5343/5024 4252/4409/5024 4251/4407/5024
f 74/5343/5025 73/5344/5025 4253/4411/5025 4252/4409/5025
f 73/5344/5026 72/5345/5026 4254/4413/5026 4253/4411/5026
f 72/5345/5027 71/5346/5027 4255/4415/5027 4254/4413/5027
f 71/5346/5028 1/962/5028 226/964/5028 4255/4415/5028
f 4255/4415/5029 226/964/5029 227/1089/5029 4286/4416/5029
f 4286/4416/5030 227/1089/5030 228/1088/5030 4317/4447/5030
f 4317/4447/5031 228/1088/5031 229/1087/5031 4348/4478/5031
f 4348/4478/5032 229/1087/5032 230/1086/5032 4379/4509/5032
f 4379/4509/5033 230/1086/5033 231/1085/5033 4410/4540/5033
f 4410/4540/5034 231/1085/5034 232/1084/5034 4441/4571/5034
f 4441/4571/5035 232/1084/5035 233/1083/5035 4472/4602/5035
f 4472/4602/5036 233/1083/5036 234/1082/5036 4503/4633/5036
f 4503/4633/5037 234/1082/5037 235/1081/5037 4534/4664/5037
f 4534/4664/5038 235/1081/5038 236/1080/5038 4565/4695/5038
f 4565/4695/5039 236/1080/5039 237/1079/5039 4596/4726/5039
f 4596/4726/5040 237/1079/5040 238/1078/5040 4627/4757/5040
f 4627/4757/5041 238/1078/5041 239/1077/5041 4658/4788/5041
f 4658/4788/5042 239/1077/5042 240/1076/5042 4689/4819/5042
f 4689/4819/5043 240/1076/5043 241/1075/5043 4720/4850/5043
f 4720/4850/5044 241/1075/5044 242/1074/5044 4751/4881/5044
f 4751/4881/5045 242/1074/5045 243/1073/5045 4782/4912/5045
f 4782/4912/5046 243/1073/5046 244/1072/5046 4813/4943/5046
f 4813/4943/5047 244/1072/5047 245/1071/5047 4844/4974/5047
f 4844/4974/5048 245/1071/5048 246/1070/5048 4875/5005/5048
f 4875/5005/5049 246/1070/5049 247/1069/5049 4906/5036/5049
f 4906/5036/5050 247/1069/5050 248/1068/5050 4937/5067/5050
f 4937/5067/5051 248/1068/5051 249/1067/5051 4968/5098/5051
f 4968/5098/5052 249/1067/5052 250/1066/5052 4999/5129/5052
f 4999/5129/5053 250/1066/5053 251/1065/5053 5030/5160/5053
f 5030/5160/5054 251/1065/5054 252/1064/5054 5061/5191/5054
f 5061/5191/5055 252/1064/5055 253/1063/5055 5092/5222/5055
f 5092/5222/5056 253/1063/5056 254/1062/5056 5123/5253/5056
f 5123/5253/5057 254/1062/5057 255/1061/5057 5154/5284/5057
f 5154/5284/5058 255/1061/5058 256/1059/5058 5185/5315/5058
f 5185/5315/5059 256/1059/5059 3/1060/5059 133/2083/5059
f 5184/5314/5060 5185/5315/5060 133/2083/5060 134/5347/5060
f 5183/5313/5061 5184/5314/5061 134/5347/5061 135/2081/5061
f 5182/5312/5062 5183/5313/5062 135/2081/5062 136/2080/5062
f 5181/5311/5063 5182/5312/5063 136/2080/5063 137/2079/5063
f 5180/5310/5064 5181/5311/5064 137/2079/5064 138/2078/5064
f 5179/5309/5065 5180/5310/5065 138/2078/5065 139/2077/5065
f 5178/5308/5066 5179/5309/5066 139/2077/5066 140/2076/5066
f 5177/5307/5067 5178/5308/5067 140/2076/5067 141/2075/5067
f 5176/5306/5068 5177/5307/5068 141/2075/5068 142/2074/5068
f 5175/5305/5069 5176/5306/5069 142/2074/5069 143/2073/5069
f 5174/5304/5070 5175/5305/5070 143/2073/5070 144/2072/5070
f 5173/5303/5071 5174/5304/5071 144/2072/5071 145/2071/5071
f 5172/5302/5072 5173/5303/5072 145/2071/5072 146/2070/5072
f 5171/5301/5073 5172/5302/5073 146/2070/5073 147/2069/5073
f 5170/5300/5074 5171/5301/5074 147/2069/5074 148/2068/5074
f 5169/5299/5075 5170/5300/5075 148/2068/5075 149/2067/5075
f 5168/5298/5076 5169/5299/5076 149/2067/5076 150/2066/5076
f 5167/5297/5077 5168/5298/5077 150/2066/5077 151/2065/5077
f 5166/5296/5078 5167/5297/5078 151/2065/5078 152/2064/5078
f 5165/5295/5079 5166/5296/5079 152/2064/5079 153/2063/5079
f 5164/5294/5080 5165/5295/5080 153/2063/5080 154/2062/5080
f 5163/5293/5081 5164/5294/5081 154/2062/5081 155/2061/5081
f 5162/5292/5082 5163/5293/5082 155/2061/5082 156/2060/5082
f 5161/5291/5083 5162/5292/5083 156/2060/5083 157/2059/5083
f 5160/5290/5084 5161/5291/5084 157/2059/5084 158/2058/5084
f 5159/5289/5085 5160/5290/5085 158/2058/5085 159/2057/5085
f 5158/5288/5086 5159/5289/5086 159/2057/5086 160/2056/5086
f 5157/5287/5087 5158/5288/5087 160/2056/5087 161/2055/5087
f 5156/5285/5088 5157/5287/5088 161/2055/5088 162/2054/5088
f 5155/5286/5089 5156/5285/5089 162/2054/5089 163/2052/5089
f 350/4292/5090 5155/5286/5090 163/2052/5090 4/2051/5090
f 351/4291/5091 5124/5255/5091 5155/5286/5091 350/4292/5091
f 352/4290/5092 5093/5224/5092 5124/5255/5092 351/4291/5092
f 353/4289/5093 5062/5193/5093 5093/5224/5093 352/4290/5093
f 354/4288/5094 5031/5162/5094 5062/5193/5094 353/4289/5094
f 355/4287/5095 5000/5131/5095 5031/5162/5095 354/4288/5095
f 356/4286/5096 4969/5100/5096 5000/5131/5096 355/4287/5096
f 357/4285/5097 4938/5069/5097 4969/5100/5097 356/4286/5097
f 358/4284/5098 4907/5038/5098 4938/5069/5098 357/4285/5098
f 359/4283/5099 4876/5007/5099 4907/5038/5099 358/4284/5099
f 360/4282/5100 4845/4976/5100 4876/5007/5100 359/4283/5100
f 361/4281/5101 4814/4945/5101 4845/4976/5101 360/4282/5101
f 362/4280/5102 4783/4914/5102 4814/4945/5102 361/4281/5102
f 363/4279/5103 4752/4883/5103 4783/4914/5103 362/4280/5103
f 364/4278/5104 4721/4852/5104 4752/4883/5104 363/4279/5104
f 365/4277/5105 4690/4821/5105 4721/4852/5105 364/4278/5105
f 366/4276/5106 4659/4790/5106 4690/4821/5106 365/4277/5106
f 367/4275/5107 4628/4759/5107 4659/4790/5107 366/4276/5107
f 368/4274/5108 4597/4728/5108 4628/4759/5108 367/4275/5108
f 369/4273/5109 4566/4697/5109 4597/4728/5109 368/4274/5109
f 370/4272/5110 4535/4666/5110 4566/4697/5110 369/4273/5110
f 371/4271/5111 4504/4635/5111 4535/4666/5111 370/4272/5111
f 372/4270/5112 4473/4604/5112 4504/4635/5112 371/4271/5112
f 373/4269/5113 4442/4573/5113 4473/4604/5113 372/4270/5113
f 374/4268/5114 4411/4542/5114 4442/4573/5114 373/4269/5114
f 375/4267/5115 4380/4511/5115 4411/4542/5115 374/4268/5115
f 376/4266/5116 4349/4480/5116 4380/4511/5116 375/4267/5116
f 377/4265/5117 4318/4449/5117 4349/4480/5117 376/4266/5117
f 378/4264/5118 4287/4418/5118 4318/4449/5118 377/4265/5118
f 379/4263/5119 4256/4358/5119 4287/4418/5119 378/4264/5119
f 380/4262/5120 4225/4355/5120 4256/4358/5120 379/4263/5120
f 5186/5348/5121 5187/5349/5121 5218/5350/5121 5217/5351/5121
f 5187/5349/5122 5188/5352/5122 5219/5353/5122 5218/5350/5122
f 5188/5352/5123 5189/5354/5123 5220/5355/5123 5219/5353/5123
f 5189/5354/5124 5190/5356/5124 5221/5357/5124 5220/5355/5124
f 5190/5356/5125 5191/5358/5125 5222/5359/5125 5221/5357/5125
f 5191/5358/5126 5192/5360/5126 5223/5361/5126 5222/5359/5126
f 5192/5360/5127 5193/5362/5127 5224/5363/5127 5223/5361/5127
f 5193/5362/5128 5194/5364/5128 5225/5365/5128 5224/5363/5128
f 5194/5364/5129 5195/5366/5129 5226/5367/5129 5225/5365/5129
f 5195/5366/5130 5196/5368/5130 5227/5369/5130 5226/5367/5130
f 5196/5368/5131 5197/5370/5131 5228/5371/5131 5227/5369/5131
f 5197/5370/5132 5198/5372/5132 5229/5373/5132 5228/5371/5132
f 5198/5372/5133 5199/5374/5133 5230/5375/5133 5229/5373/5133
f 5199/5374/5134 5200/5376/5134 5231/5377/5134 5230/5375/5134
f 5200/5376/5135 5201/5378/5135 5232/5379/5135 5231/5377/5135
f 5201/5378/5136 5202/5380/5136 5233/5381/5136 5232/5379/5136
f 5202/5380/5137 5203/5382/5137 5234/5383/5137 5233/5381/5137
f 5203/5382/5138 5204/5384/5138 5235/5385/5138 5234/5383/5138
f 5204/5384/5139 5205/5386/5139 5236/5387/5139 5235/5385/5139
f 5205/5386/5140 5206/5388/5140 5237/5389/5140 5236/5387/5140
f 5206/5388/5141 5207/5390/5141 5238/5391/5141 5237/5389/5141
f 5207/5390/5142 5208/5392/5142 5239/5393/5142 5238/5391/5142
f 5208/5392/5143 5209/5394/5143 5240/5395/5143 5239/5393/5143
f 5209/5394/5144 5210/5396/5144 5241/5397/5144 5240/5395/5144
f 5210/5396/5145 5211/5398/5145 5242/5399/5145 5241/5397/5145
f 5211/5398/5146 5212/5400/5146 5243/5401/5146 5242/5399/5146
f 5212/5400/5147 5213/5402/5147 5244/5403/5147 5243/5401/5147
f 5213/5402/5148 5214/5404/5148 5245/5405/5148 5244/5403/5148
f 5214/5404/5149 5215/5406/5149 5246/5407/5149 5245/5405/5149
f 5215/5406/5150 5216/5408/5150 5247/5409/5150 5246/5407/5150
f 5217/5351/5151 5218/5350/5151 5249/5410/5151 5248/5411/5151
f 5218/5350/5152 5219/5353/5152 5250/5412/5152 5249/5410/5152
f 5219/5353/5153 5220/5355/5153 5251/5413/5153 5250/5412/5153
f 5220/5355/5154 5221/5357/5154 5252/5414/5154 5251/5413/5154
f 5221/5357/5155 5222/5359/5155 5253/5415/5155 5252/5414/5155
f 5222/5359/5156 5223/5361/5156 5254/5416/5156 5253/5415/5156
f 5223/5361/5157 5224/5363/5157 5255/5417/5157 5254/5416/5157
f 5224/5363/5158 5225/5365/5158 5256/5418/5158 5255/5417/5158
f 5225/5365/5159 5226/5367/5159 5257/5419/5159 5256/5418/5159
f 5226/5367/5160 5227/5369/5160 5258/5420/5160 5257/5419/5160
f 5227/5369/5161 5228/5371/5161 5259/5421/5161 5258/5420/5161
f 5228/5371/5162 5229/5373/5162 5260/5422/5162 5259/5421/5162
f 5229/5373/5163 5230/5375/5163 5261/5423/5163 5260/5422/5163
f 5230/5375/5164 5231/5377/5164 5262/5424/5164 5261/5423/5164
f 5231/5377/5165 5232/5379/5165 5263/5425/5165 5262/5424/5165
f 5232/5379/5166 5233/5381/5166 5264/5426/5166 5263/5425/5166
f 5233/5381/5167 5234/5383/5167 5265/5427/5167 5264/5426/5167
f 5234/5383/5168 5235/5385/5168 5266/5428/5168 5265/5427/5168
f 5235/5385/5169 5236/5387/5169 5267/5429/5169 5266/5428/5169
f 5236/5387/5170 5237/5389/5170 5268/5430/5170 5267/5429/5170
f 5237/5389/5171 5238/5391/5171 5269/5431/5171 5268/5430/5171
f 5238/5391/5172 5239/5393/5172 5270/5432/5172 5269/5431/5172
f 5239/5393/5173 5240/5395/5173 5271/5433/5173 5270/5432/5173
f 5240/5395/5174 5241/5397/5174 5272/5434/5174 5271/5433/5174
f 5241/5397/5175 5242/5399/5175 5273/5435/5175 5272/5434/5175
f 5242/5399/5176 5243/5401/5176 5274/5436/5176 5273/5435/5176
f 5243/5401/5177 5244/5403/5177 5275/5437/5177 5274/5436/5177
f 5244/5403/5178 5245/5405/5178 5276/5438/5178 5275/5437/5178
f 5245/5405/5179 5246/5407/5179 5277/5439/5179 5276/5438/5179
f 5246/5407/5180 5247/5409/5180 5278/5440/5180 5277/5439/5180
f 5248/5411/5181 5249/5410/5181 5280/5441/5181 5279/5442/5181
f 5249/5410/5182 5250/5412/5182 5281/5443/5182 5280/5441/5182
f 5250/5412/5183 5251/5413/5183 5282/5444/5183 5281/5443/5183
f 5251/5413/5184 5252/5414/5184 5283/5445/5184 5282/5444/5184
f 5252/5414/5185 5253/5415/5185 5284/5446/5185 5283/5445/5185
f 5253/5415/5186 5254/5416/5186 5285/5447/5186 5284/5446/5186
f 5254/5416/5187 5255/5417/5187 5286/5448/5187 5285/5447/5187
f 5255/5417/5188 5256/5418/5188 5287/5449/5188 5286/5448/5188
f 5256/5418/5189 5257/5419/5189 5288/5450/5189 5287/5449/5189
f 5257/5419/5190 5258/5420/5190 5289/5451/5190 5288/5450/5190
f 5258/5420/5191 5259/5421/5191 5290/5452/5191 5289/5451/5191
f 5259/5421/5192 5260/5422/5192 5291/5453/5192 5290/5452/5192
f 5260/5422/5193 5261/5423/5193 5292/5454/5193 5291/5453/5193
f 5261/5423/5194 5262/5424/5194 5293/5455/5194 5292/5454/5194
f 5262/5424/5195 5263/5425/5195 5294/5456/5195 5293/5455/5195
f 5263/5425/5196 5264/5426/5196 5295/5457/5196 5294/5456/5196
f 5264/5426/5197 5265/5427/5197 5296/5458/5197 5295/5457/5197
f 5265/5427/5198 5266/5428/5198 5297/5459/5198 5296/5458/5198
f 5266/5428/5199 5267/5429/5199 5298/5460/5199 5297/5459/5199
f 5267/5429/5200 5268/5430/5200 5299/5461/5200 5298/5460/5200
f 5268/5430/5201 5269/5431/5201 5300/5462/5201 5299/5461/5201
f 5269/5431/5202 5270/5432/5202 5301/5463/5202 5300/5462/5202
f 5270/5432/5203 5271/5433/5203 5302/5464/5203 5301/5463/5203
f 5271/5433/5204 5272/5434/5204 5303/5465/5204 5302/5464/5204
f 5272/5434/5205 5273/5435/5205 5304/5466/5205 5303/5465/5205
f 5273/5435/5206 5274/5436/5206 5305/5467/5206 5304/5466/5206
f 5274/5436/5207 5275/5437/5207 5306/5468/5207 5305/5467/5207
f 5275/5437/5208 5276/5438/5208 5307/5469/5208 5306/5468/5208
f 5276/5438/5209 5277/5439/5209 5308/5470/5209 5307/5469/5209
f 5277/5439/5210 5278/5440/5210 5309/5471/5210 5308/5470/5210
f 5279/5442/5211 5280/5441/5211 5311/5472/5211 5310/5473/5211
f 5280/5441/5212 5281/5443/5212 5312/5474/5212 5311/5472/5212
f 5281/5443/5213 5282/5444/5213 5313/5475/5213 5312/5474/5213
f 5282/5444/5214 5283/5445/5214 5314/5476/5214 5313/5475/5214
f 5283/5445/5215 5284/5446/5215 5315/5477/5215 5314/5476/5215
f 5284/5446/5216 5285/5447/5216 5316/5478/5216 5315/5477/5216
f 5285/5447/5217 5286/5448/5217 5317/5479/5217 5316/5478/5217
f 5286/5448/5218 5287/5449/5218 5318/5480/5218 5317/5479/5218
f 5287/5449/5219 5288/5450/5219 5319/5481/5219 5318/5480/5219
f 5288/5450/5220 5289/5451/5220 5320/5482/5220 5319/5481/5220
f 5289/5451/5221 5290/5452/5221 5321/5483/5221 5320/5482/5221
f 5290/5452/5222 5291/5453/5222 5322/5484/5222 5321/5483/5222
f 5291/5453/5223 5292/5454/5223 5323/5485/5223 5322/5484/5223
f 5292/5454/5224 5293/5455/5224 5324/5486/5224 5323/5485/5224
f 5293/5455/5225 5294/5456/5225 5325/5487/5225 5324/5486/5225
f 5294/5456/5226 5295/5457/5226 5326/5488/5226 5325/5487/5226
f 5295/5457/5227 5296/5458/5227 5327/5489/5227 5326/5488/5227
f 5296/5458/5228 5297/5459/5228 5328/5490/5228 5327/5489/5228
f 5297/5459/5229 5298/5460/5229 5329/5491/5229 5328/5490/5229
f 5298/5460/5230 5299/5461/5230 5330/5492/5230 5329/5491/5230
f 5299/5461/5231 5300/5462/5231 5331/5493/5231 5330/5492/5231
f 5300/5462/5232 5301/5463/5232 5332/5494/5232 5331/5493/5232
f 5301/5463/5233 5302/5464/5233 5333/5495/5233 5332/5494/5233
f 5302/5464/5234 5303/5465/5234 5334/5496/5234 5333/5495/5234
f 5303/5465/5235 5304/5466/5235 5335/5497/5235 5334/5496/5235
f 5304/5466/5236 5305/5467/5236 5336/5498/5236 5335/5497/5236
f 5305/5467/5237 5306/5468/5237 5337/5499/5237 5336/5498/5237
f 5306/5468/5238 5307/5469/5238 5338/5500/5238 5337/5499/5238
f 5307/5469/5239 5308/5470/5239 5339/5501/5239 5338/5500/5239
f 5308/5470/5240 5309/5471/5240 5340/5502/5240 5339/5501/5240
f 5310/5473/5241 5311/5472/5241 5342/5503/5241 5341/5504/5241
f 5311/5472/5242 5312/5474/5242 5343/5505/5242 5342/5503/5242
f 5312/5474/5243 5313/5475/5243 5344/5506/5243 5343/5505/5243
f 5313/5475/5244 5314/5476/5244 5345/5507/5244 5344/5506/5244
f 5314/5476/5245 5315/5477/5245 5346/5508/5245 5345/5507/5245
f 5315/5477/5246 5316/5478/5246 5347/5509/5246 5346/5508/5246
f 5316/5478/5247 5317/5479/5247 5348/5510/5247 5347/5509/5247
f 5317/5479/5248 5318/5480/5248 5349/5511/5248 5348/5510/5248
f 5318/5480/5249 5319/5481/5249 5350/5512/5249 5349/5511/5249
f 5319/5481/5250 5320/5482/5250 5351/5513/5250 5350/5512/5250
f 5320/5482/5251 5321/5483/5251 5352/5514/5251 5351/5513/5251
f 5321/5483/5252 5322/5484/5252 5353/5515/5252 5352/5514/5252
f 5322/5484/5253 5323/5485/5253 5354/5516/5253 5353/5515/5253
f 5323/5485/5254 5324/5486/5254 5355/5517/5254 5354/5516/5254
f 5324/5486/5255 5325/5487/5255 5356/5518/5255 5355/5517/5255
f 5325/5487/5256 5326/5488/5256 5357/5519/5256 5356/5518/5256
f 5326/5488/5257 5327/5489/5257 5358/5520/5257 5357/5519/5257
f 5327/5489/5258 5328/5490/5258 5359/5521/5258 5358/5520/5258
f 5328/5490/5259 5329/5491/5259 5360/5522/5259 5359/5521/5259
f 5329/5491/5260 5330/5492/5260 5361/5523/5260 5360/5522/5260
f 5330/5492/5261 5331/5493/5261 5362/5524/5261 5361/5523/5261
f 5331/5493/5262 5332/5494/5262 5363/5525/5262 5362/5524/5262
f 5332/5494/5263 5333/5495/5263 5364/5526/5263 5363/5525/5263
f 5333/5495/5264 5334/5496/5264 5365/5527/5264 5364/5526/5264
f 5334/5496/5265 5335/5497/5265 5366/5528/5265 5365/5527/5265
f 5335/5497/5266 5336/5498/5266 5367/5529/5266 5366/5528/5266
f 5336/5498/5267 5337/5499/5267 5368/5530/5267 5367/5529/5267
f 5337/5499/5268 5338/5500/5268 5369/5531/5268 5368/5530/5268
f 5338/5500/5269 5339/5501/5269 5370/5532/5269 5369/5531/5269
f 5339/5501/5270 5340/5502/5270 5371/5533/5270 5370/5532/5270
f 5341/5504/5271 5342/5503/5271 5373/5534/5271 5372/5535/5271
f 5342/5503/5272 5343/5505/5272 5374/5536/5272 5373/5534/5272
f 5343/5505/5273 5344/5506/5273 5375/5537/5273 5374/5536/5273
f 5344/5506/5274 5345/5507/5274 5376/5538/5274 5375/5537/5274
f 5345/5507/5275 5346/5508/5275 5377/5539/5275 5376/5538/5275
f 5346/5508/5276 5347/5509/5276 5378/5540/5276 5377/5539/5276
f 5347/5509/5277 5348/5510/5277 5379/5541/5277 5378/5540/5277
f 5348/5510/5278 5349/5511/5278 5380/5542/5278 5379/5541/5278
f 5349/5511/5279 5350/5512/5279 5381/5543/5279 5380/5542/5279
f 5350/5512/5280 5351/5513/5280 5382/5544/5280 5381/5543/5280
f 5351/5513/5281 5352/5514/5281 5383/5545/5281 5382/5544/5281
f 5352/5514/5282 5353/5515/5282 5384/5546/5282 5383/5545/5282
f 5353/5515/5283 5354/5516/5283 5385/5547/5283 5384/5546/5283
f 5354/5516/5284 5355/5517/5284 5386/5548/5284 5385/5547/5284
f 5355/5517/5285 5356/5518/5285 5387/5549/5285 5386/5548/5285
f 5356/5518/5286 5357/5519/5286 5388/5550/5286 5387/5549/5286
f 5357/5519/5287 5358/5520/5287 5389/5551/5287 5388/5550/5287
f 5358/5520/5288 5359/5521/5288 5390/5552/5288 5389/5551/5288
f 5359/5521/5289 5360/5522/5289 5391/5553/5289 5390/5552/5289
f 5360/5522/5290 5361/5523/5290 5392/5554/5290 5391/5553/5290
f 5361/5523/5291 5362/5524/5291 5393/5555/5291 5392/5554/5291
f 5362/5524/5292 5363/5525/5292 5394/5556/5292 5393/5555/5292
f 5363/5525/5293 5364/5526/5293 5395/5557/5293 5394/5556/5293
f 5364/5526/5294 5365/5527/5294 5396/5558/5294 5395/5557/5294
f 5365/5527/5295 5366/5528/5295 5397/5559/5295 5396/5558/5295
f 5366/5528/5296 5367/5529/5296 5398/5560/5296 5397/5559/5296
f 5367/5529/5297 5368/5530/5297 5399/5561/5297 5398/5560/5297
f 5368/5530/5298 5369/5531/5298 5400/5562/5298 5399/5561/5298
f 5369/5531/5299 5370/5532/5299 5401/5563/5299 5400/5562/5299
f 5370/5532/5300 5371/5533/5300 5402/5564/5300 5401/5563/5300
f 5372/5535/5301 5373/5534/5301 5404/5565/5301 5403/5566/5301
f 5373/5534/5302 5374/5536/5302 5405/5567/5302 5404/5565/5302
f 5374/5536/5303 5375/5537/5303 5406/5568/5303 5405/5567/5303
f 5375/5537/5304 5376/5538/5304 5407/5569/5304 5406/5568/5304
f 5376/5538/5305 5377/5539/5305 5408/5570/5305 5407/5569/5305
f 5377/5539/5306 5378/5540/5306 5409/5571/5306 5408/5570/5306
f 5378/5540/5307 5379/5541/5307 5410/5572/5307 5409/5571/5307
f 5379/5541/5308 5380/5542/5308 5411/5573/5308 5410/5572/5308
f 5380/5542/5309 5381/5543/5309 5412/5574/5309 5411/5573/5309
f 5381/5543/5310 5382/5544/5310 5413/5575/5310 5412/5574/5310
f 5382/5544/5311 5383/5545/5311 5414/5576/5311 5413/5575/5311
f 5383/5545/5312 5384/5546/5312 5415/5577/5312 5414/5576/5312
f 5384/5546/5313 5385/5547/5313 5416/5578/5313 5415/5577/5313
f 5385/5547/5314 5386/5548/5314 5417/5579/5314 5416/5578/5314
f 5386/5548/5315 5387/5549/5315 5418/5580/5315 5417/5579/5315
f 5387/5549/5316 5388/5550/5316 5419/5581/5316 5418/5580/5316
f 5388/5550/5317 5389/5551/5317 5420/5582/5317 5419/5581/5317
f 5389/5551/5318 5390/5552/5318 5421/5583/5318 5420/5582/5318
f 5390/5552/5319 5391/5553/5319 5422/5584/5319 5421/5583/5319
f 5391/5553/5320 5392/5554/5320 5423/5585/5320 5422/5584/5320
f 5392/5554/5321 5393/5555/5321 5424/5586/5321 5423/5585/5321
f 5393/5555/5322 5394/5556/5322 5425/5587/5322 5424/5586/5322
f 5394/5556/5323 5395/5557/5323 5426/5588/5323 5425/5587/5323
f 5395/5557/5324 5396/5558/5324 5427/5589/5324 5426/5588/5324
f 5396/5558/5325 5397/5559/5325 5428/5590/5325 5427/5589/5325
f 5397/5559/5326 5398/5560/5326 5429/5591/5326 5428/5590/5326
f 5398/5560/5327 5399/5561/5327 5430/5592/5327 5429/5591/5327
f 5399/5561/5328 5400/5562/5328 5431/5593/5328 5430/5592/5328
f 5400/5562/5329 5401/5563/5329 5432/5594/5329 5431/5593/5329
f 5401/5563/5330 5402/5564/5330 5433/5595/5330 5432/5594/5330
f 5403/5566/5331 5404/5565/5331 5435/5596/5331 5434/5597/5331
f 5404/5565/5332 5405/5567/5332 5436/5598/5332 5435/5596/5332
f 5405/5567/5333 5406/5568/5333 5437/5599/5333 5436/5598/5333
f 5406/5568/5334 5407/5569/5334 5438/5600/5334 5437/5599/5334
f 5407/5569/5335 5408/5570/5335 5439/5601/5335 5438/5600/5335
f 5408/5570/5336 5409/5571/5336 5440/5602/5336 5439/5601/5336
f 5409/5571/5337 5410/5572/5337 5441/5603/5337 5440/5602/5337
f 5410/5572/5338 5411/5573/5338 5442/5604/5338 5441/5603/5338
f 5411/5573/5339 5412/5574/5339 5443/5605/5339 5442/5604/5339
f 5412/5574/5340 5413/5575/5340 5444/5606/5340 5443/5605/5340
f 5413/5575/5341 5414/5576/5341 5445/5607/5341 5444/5606/5341
f 5414/5576/5342 5415/5577/5342 5446/5608/5342 5445/5607/5342
f 5415/5577/5343 5416/5578/5343 5447/5609/5343 5446/5608/5343
f 5416/5578/5344 5417/5579/5344 5448/5610/5344 5447/5609/5344
f 5417/5579/5345 5418/5580/5345 5449/5611/5345 5448/5610/5345
f 5418/5580/5346 5419/5581/5346 5450/5612/5346 5449/5611/5346
f 5419/5581/5347 5420/5582/5347 5451/5613/5347 5450/5612/5347
f 5420/5582/5348 5421/5583/5348 5452/5614/5348 5451/5613/5348
f 5421/5583/5349 5422/5584/5349 5453/5615/5349 5452/5614/5349
f 5422/5584/5350 5423/5585/5350 5454/5616/5350 5453/5615/5350
f 5423/5585/5351 5424/5586/5351 5455/5617/5351 5454/5616/5351
f 5424/5586/5352 5425/5587/5352 5456/5618/5352 5455/5617/5352
f 5425/5587/5353 5426/5588/5353 5457/5619/5353 5456/5618/5353
f 5426/5588/5354 5427/5589/5354 5458/5620/5354 5457/5619/5354
f 5427/5589/5355 5428/5590/5355 5459/5621/5355 5458/5620/5355
f 5428/5590/5356 5429/5591/5356 5460/5622/5356 5459/5621/5356
f 5429/5591/5357 5430/5592/5357 5461/5623/5357 5460/5622/5357
f 5430/5592/5358 5431/5593/5358 5462/5624/5358 5461/5623/5358
f 5431/5593/5359 5432/5594/5359 5463/5625/5359 5462/5624/5359
f 5432/5594/5360 5433/5595/5360 5464/5626/5360 5463/5625/5360
f 5434/5597/5361 5435/5596/5361 5466/5627/5361 5465/5628/5361
f 5435/5596/5362 5436/5598/5362 5467/5629/5362 5466/5627/5362
f 5436/5598/5363 5437/5599/5363 5468/5630/5363 5467/5629/5363
f 5437/5599/5364 5438/5600/5364 5469/5631/5364 5468/5630/5364
f 5438/5600/5365 5439/5601/5365 5470/5632/5365 5469/5631/5365
f 5439/5601/5366 5440/5602/5366 5471/5633/5366 5470/5632/5366
f 5440/5602/5367 5441/5603/5367 5472/5634/5367 5471/5633/5367
f 5441/5603/5368 5442/5604/5368 5473/5635/5368 5472/5634/5368
f 5442/5604/5369 5443/5605/5369 5474/5636/5369 5473/5635/5369
f 5443/5605/5370 5444/5606/5370 5475/5637/5370 5474/5636/5370
f 5444/5606/5371 5445/5607/5371 5476/5638/5371 5475/5637/5371
f 5445/5607/5372 5446/5608/5372 5477/5639/5372 5476/5638/5372
f 5446/5608/5373 5447/5609/5373 5478/5640/5373 5477/5639/5373
f 5447/5609/5374 5448/5610/5374 5479/5641/5374 5478/5640/5374
f 5448/5610/5375 5449/5611/5375 5480/5642/5375 5479/5641/5375
f 5449/5611/5376 5450/5612/5376 5481/5643/5376 5480/5642/5376
f 5450/5612/5377 5451/5613/5377 5482/5644/5377 5481/5643/5377
f 5451/5613/5378 5452/5614/5378 5483/5645/5378 5482/5644/5378
f 5452/5614/5379 5453/5615/5379 5484/5646/5379 5483/5645/5379
f 5453/5615/5380 5454/5616/5380 5485/5647/5380 5484/5646/5380
f 5454/5616/5381 5455/5617/5381 5486/5648/5381 5485/5647/5381
f 5455/5617/5382 5456/5618/5382 5487/5649/5382 5486/5648/5382
f 5456/5618/5383 5457/5619/5383 5488/5650/5383 5487/5649/5383
f 5457/5619/5384 5458/5620/5384 5489/5651/5384 5488/5650/5384
f 5458/5620/5385 5459/5621/5385 5490/5652/5385 5489/5651/5385
f 5459/5621/5386 5460/5622/5386 5491/5653/5386 5490/5652/5386
f 5460/5622/5387 5461/5623/5387 5492/5654/5387 5491/5653/5387
f 5461/5623/5388 5462/5624/5388 5493/5655/5388 5492/5654/5388
f 5462/5624/5389 5463/5625/5389 5494/5656/5389 5493/5655/5389
f 5463/5625/5390 5464/5626/5390 5495/5657/5390 5494/5656/5390
f 5465/5628/5391 5466/5627/5391 5497/5658/5391 5496/5659/5391
f 5466/5627/5392 5467/5629/5392 5498/5660/5392 5497/5658/5392
f 5467/5629/5393 5468/5630/5393 5499/5661/5393 5498/5660/5393
f 5468/5630/5394 5469/5631/5394 5500/5662/5394 5499/5661/5394
f 5469/5631/5395 5470/5632/5395 5501/5663/5395 5500/5662/5395
f 5470/5632/5396 5471/5633/5396 5502/5664/5396 5501/5663/5396
f 5471/5633/5397 5472/5634/5397 5503/5665/5397 5502/5664/5397
f 5472/5634/5398 5473/5635/5398 5504/5666/5398 5503/5665/5398
f 5473/5635/5399 5474/5636/5399 5505/5667/5399 5504/5666/5399
f 5474/5636/5400 5475/5637/5400 5506/5668/5400 5505/5667/5400
f 5475/5637/5401 5476/5638/5401 5507/5669/5401 5506/5668/5401
f 5476/5638/5402 5477/5639/5402 5508/5670/5402 5507/5669/5402
f 5477/5639/5403 5478/5640/5403 5509/5671/5403 5508/5670/5403
f 5478/5640/5404 5479/5641/5404 5510/5672/5404 5509/5671/5404
f 5479/5641/5405 5480/5642/5405 5511/5673/5405 5510/5672/5405
f 5480/5642/5406 5481/5643/5406 5512/5674/5406 5511/5673/5406
f 5481/5643/5407 5482/5644/5407 5513/5675/5407 5512/5674/5407
f 5482/5644/5408 5483/5645/5408 5514/5676/5408 5513/5675/5408
f 5483/5645/5409 5484/5646/5409 5515/5677/5409 5514/5676/5409
f 5484/5646/5410 5485/5647/5410 5516/5678/5410 5515/5677/5410
f 5485/5647/5411 5486/5648/5411 5517/5679/5411 5516/5678/5411
f 5486/5648/5412 5487/5649/5412 5518/5680/5412 5517/5679/5412
f 5487/5649/5413 5488/5650/5413 5519/5681/5413 5518/5680/5413
f 5488/5650/5414 5489/5651/5414 5520/5682/5414 5519/5681/5414
f 5489/5651/5415 5490/5652/5415 5521/5683/5415 5520/5682/5415
f 5490/5652/5416 5491/5653/5416 5522/5684/5416 5521/5683/5416
f 5491/5653/5417 5492/5654/5417 5523/5685/5417 5522/5684/5417
f 5492/5654/5418 5493/5655/5418 5524/5686/5418 5523/5685/5418
f 5493/5655/5419 5494/5656/5419 5525/5687/5419 5524/5686/5419
f 5494/5656/5420 5495/5657/5420 5526/5688/5420 5525/5687/5420
f 5496/5659/5421 5497/5658/5421 5528/5689/5421 5527/5690/5421
f 5497/5658/5422 5498/5660/5422 5529/5691/5422 5528/5689/5422
f 5498/5660/5423 5499/5661/5423 5530/5692/5423 5529/5691/5423
f 5499/5661/5424 5500/5662/5424 5531/5693/5424 5530/5692/5424
f 5500/5662/5425 5501/5663/5425 5532/5694/5425 5531/5693/5425
f 5501/5663/5426 5502/5664/5426 5533/5695/5426 5532/5694/5426
f 5502/5664/5427 5503/5665/5427 5534/5696/5427 5533/5695/5427
f 5503/5665/5428 5504/5666/5428 5535/5697/5428 5534/5696/5428
f 5504/5666/5429 5505/5667/5429 5536/5698/5429 5535/5697/5429
f 5505/5667/5430 5506/5668/5430 5537/5699/5430 5536/5698/5430
f 5506/5668/5431 5507/5669/5431 5538/5700/5431 5537/5699/5431
f 5507/5669/5432 5508/5670/5432 5539/5701/5432 5538/5700/5432
f 5508/5670/5433 5509/5671/5433 5540/5702/5433 5539/5701/5433
f 5509/5671/5434 5510/5672/5434 5541/5703/5434 5540/5702/5434
f 5510/5672/5435 5511/5673/5435 5542/5704/5435 5541/5703/5435
f 5511/5673/5436 5512/5674/5436 5543/5705/5436 5542/5704/5436
f 5512/5674/5437 5513/5675/5437 5544/5706/5437 5543/5705/5437
f 5513/5675/5438 5514/5676/5438 5545/5707/5438 5544/5706/5438
f 5514/5676/5439 5515/5677/5439 5546/5708/5439 5545/5707/5439
f 5515/5677/5440 5516/5678/5440 5547/5709/5440 5546/5708/5440
f 5516/5678/5441 5517/5679/5441 5548/5710/5441 5547/5709/5441
f 5517/5679/5442 5518/5680/5442 5549/5711/5442 5548/5710/5442
f 5518/5680/5443 5519/5681/5443 5550/5712/5443 5549/5711/5443
f 5519/5681/5444 5520/5682/5444 5551/5713/5444 5550/5712/5444
f 5520/5682/5445 5521/5683/5445 5552/5714/5445 5551/5713/5445
f 5521/5683/5446 5522/5684/5446 5553/5715/5446 5552/5714/5446
f 5522/5684/5447 5523/5685/5447 5554/5716/5447 5553/5715/5447
f 5523/5685/5448 5524/5686/5448 5555/5717/5448 5554/5716/5448
f 5524/5686/5449 5525/5687/5449 5556/5718/5449 5555/5717/5449
f 5525/5687/5450 5526/5688/5450 5557/5719/5450 5556/5718/5450
f 5527/5690/5451 5528/5689/5451 5559/5720/5451 5558/5721/5451
f 5528/5689/5452 5529/5691/5452 5560/5722/5452 5559/5720/5452
f 5529/5691/5453 5530/5692/5453 5561/5723/5453 5560/5722/5453
f 5530/5692/5454 5531/5693/5454 5562/5724/5454 5561/5723/5454
f 5531/5693/5455 5532/5694/5455 5563/5725/5455 5562/5724/5455
f 5532/5694/5456 5533/5695/5456 5564/5726/5456 5563/5725/5456
f 5533/5695/5457 5534/5696/5457 5565/5727/5457 5564/5726/5457
f 5534/5696/5458 5535/5697/5458 5566/5728/5458 5565/5727/5458
f 5535/5697/5459 5536/5698/5459 5567/5729/5459 5566/5728/5459
f 5536/5698/5460 5537/5699/5460 5568/5730/5460 5567/5729/5460
f 5537/5699/5461 5538/5700/5461 5569/5731/5461 5568/5730/5461
f 5538/5700/5462 5539/5701/5462 5570/5732/5462 5569/5731/5462
f 5539/5701/5463 5540/5702/5463 5571/5733/5463 5570/5732/5463
f 5540/5702/5464 5541/5703/5464 5572/5734/5464 5571/5733/5464
f 5541/5703/5465 5542/5704/5465 5573/5735/5465 5572/5734/5465
f 5542/5704/5466 5543/5705/5466 5574/5736/5466 5573/5735/5466
f 5543/5705/5467 5544/5706/5467 5575/5737/5467 5574/5736/5467
f 5544/5706/5468 5545/5707/5468 5576/5738/5468 5575/5737/5468
f 5545/5707/5469 5546/5708/5469 5577/5739/5469 5576/5738/5469
f 5546/5708/5470 5547/5709/5470 5578/5740/5470 5577/5739/5470
f 5547/5709/5471 5548/5710/5471 5579/5741/5471 5578/5740/5471
f 5548/5710/5472 5549/5711/5472 5580/5742/5472 5579/5741/5472
f 5549/5711/5473 5550/5712/5473 5581/5743/5473 5580/5742/5473
f 5550/5712/5474 5551/5713/5474 5582/5744/5474 5581/5743/5474
f 5551/5713/5475 5552/5714/5475 5583/5745/5475 5582/5744/5475
f 5552/5714/5476 5553/5715/5476 5584/5746/5476 5583/5745/5476
f 5553/5715/5477 5554/5716/5477 5585/5747/5477 5584/5746/5477
f 5554/5716/5478 5555/5717/5478 5586/5748/5478 5585/5747/5478
f 5555/5717/5479 5556/5718/5479 5587/5749/5479 5586/5748/5479
f 5556/5718/5480 5557/5719/5480 5588/5750/5480 5587/5749/5480
f 5558/5721/5481 5559/5720/5481 5590/5751/5481 5589/5752/5481
f 5559/5720/5482 5560/5722/5482 5591/5753/5482 5590/5751/5482
f 5560/5722/5483 5561/5723/5483 5592/5754/5483 5591/5753/5483
f 5561/5723/5484 5562/5724/5484 5593/5755/5484 5592/5754/5484
f 5562/5724/5485 5563/5725/5485 5594/5756/5485 5593/5755/5485
f 5563/5725/5486 5564/5726/5486 5595/5757/5486 5594/5756/5486
f 5564/5726/5487 5565/5727/5487 5596/5758/5487 5595/5757/5487
f 5565/5727/5488 5566/5728/5488 5597/5759/5488 5596/5758/5488
f 5566/5728/5489 5567/5729/5489 5598/5760/5489 5597/5759/5489
f 5567/5729/5490 5568/5730/5490 5599/5761/5490 5598/5760/5490
f 5568/5730/5491 5569/5731/5491 5600/5762/5491 5599/5761/5491
f 5569/5731/5492 5570/5732/5492 5601/5763/5492 5600/5762/5492
f 5570/5732/5493 5571/5733/5493 5602/5764/5493 5601/5763/5493
f 5571/5733/5494 5572/5734/5494 5603/5765/5494 5602/5764/5494
f 5572/5734/5495 5573/5735/5495 5604/5766/5495 5603/5765/5495
f 5573/5735/5496 5574/5736/5496 5605/5767/5496 5604/5766/5496
f 5574/5736/5497 5575/5737/5497 5606/5768/5497 5605/5767/5497
f 5575/5737/5498 5576/5738/5498 5607/5769/5498 5606/5768/5498
f 5576/5738/5499 5577/5739/5499 5608/5770/5499 5607/5769/5499
f 5577/5739/5500 5578/5740/5500 5609/5771/5500 5608/5770/5500
f 5578/5740/5501 5579/5741/5501 5610/5772/5501 5609/5771/5501
f 5579/5741/5502 5580/5742/5502 5611/5773/5502 5610/5772/5502
f 5580/5742/5503 5581/5743/5503 5612/5774/5503 5611/5773/5503
f 5581/5743/5504 5582/5744/5504 5613/5775/5504 5612/5774/5504
f 5582/5744/5505 5583/5745/5505 5614/5776/5505 5613/5775/5505
f 5583/5745/5506 5584/5746/5506 5615/5777/5506 5614/5776/5506
f 5584/5746/5507 5585/5747/5507 5616/5778/5507 5615/5777/5507
f 5585/5747/5508 5586/5748/5508 5617/5779/5508 5616/5778/5508
f 5586/5748/5509 5587/5749/5509 5618/5780/5509 5617/5779/5509
f 5587/5749/5510 5588/5750/5510 5619/5781/5510 5618/5780/5510
f 5589/5752/5511 5590/5751/5511 5621/5782/5511 5620/5783/5511
f 5590/5751/5512 5591/5753/5512 5622/5784/5512 5621/5782/5512
f 5591/5753/5513 5592/5754/5513 5623/5785/5513 5622/5784/5513
f 5592/5754/5514 5593/5755/5514 5624/5786/5514 5623/5785/5514
f 5593/5755/5515 5594/5756/5515 5625/5787/5515 5624/5786/5515
f 5594/5756/5516 5595/5757/5516 5626/5788/5516 5625/5787/5516
f 5595/5757/5517 5596/5758/5517 5627/5789/5517 5626/5788/5517
f 5596/5758/5518 5597/5759/5518 5628/5790/5518 5627/5789/5518
f 5597/5759/5519 5598/5760/5519 5629/5791/5519 5628/5790/5519
f 5598/5760/5520 5599/5761/5520 5630/5792/5520 5629/5791/5520
f 5599/5761/5521 5600/5762/5521 5631/5793/5521 5630/5792/5521
f 5600/5762/5522 5601/5763/5522 5632/5794/5522 5631/5793/5522
f 5601/5763/5523 5602/5764/5523 5633/5795/5523 5632/5794/5523
f 5602/5764/5524 5603/5765/5524 5634/5796/5524 5633/5795/5524
f 5603/5765/5525 5604/5766/5525 5635/5797/5525 5634/5796/5525
f 5604/5766/5526 5605/5767/5526 5636/5798/5526 5635/5797/5526
f 5605/5767/5527 5606/5768/5527 5637/5799/5527 5636/5798/5527
f 5606/5768/5528 5607/5769/5528 5638/5800/5528 5637/5799/5528
f 5607/5769/5529 5608/5770/5529 5639/5801/5529 5638/5800/5529
f 5608/5770/5530 5609/5771/5530 5640/5802/5530 5639/5801/5530
f 5609/5771/5531 5610/5772/5531 5641/5803/5531 5640/5802/5531
f 5610/5772/5532 5611/5773/5532 5642/5804/5532 5641/5803/5532
f 5611/5773/5533 5612/5774/5533 5643/5805/5533 5642/5804/5533
f 5612/5774/5534 5613/5775/5534 5644/5806/5534 5643/5805/5534
f 5613/5775/5535 5614/5776/5535 5645/5807/5535 5644/5806/5535
f 5614/5776/5536 5615/5777/5536 5646/5808/5536 5645/5807/5536
f 5615/5777/5537 5616/5778/5537 5647/5809/5537 5646/5808/5537
f 5616/5778/5538 5617/5779/5538 5648/5810/5538 5647/5809/5538
f 5617/5779/5539 5618/5780/5539 5649/5811/5539 5648/5810/5539
f 5618/5780/5540 5619/5781/5540 5650/5812/5540 5649/5811/5540
f 5620/5783/5541 5621/5782/5541 5652/5813/5541 5651/5814/5541
f 5621/5782/5542 5622/5784/5542 5653/5815/5542 5652/5813/5542
f 5622/5784/5543 5623/5785/5543 5654/5816/5543 5653/5815/5543
f 5623/5785/5544 5624/5786/5544 5655/5817/5544 5654/5816/5544
f 5624/5786/5545 5625/5787/5545 5656/5818/5545 5655/5817/5545
f 5625/5787/5546 5626/5788/5546 5657/5819/5546 5656/5818/5546
f 5626/5788/5547 5627/5789/5547 5658/5820/5547 5657/5819/5547
f 5627/5789/5548 5628/5790/5548 5659/5821/5548 5658/5820/5548
f 5628/5790/5549 5629/5791/5549 5660/5822/5549 5659/5821/5549
f 5629/5791/5550 5630/5792/5550 5661/5823/5550 5660/5822/5550
f 5630/5792/5551 5631/5793/5551 5662/5824/5551 5661/5823/5551
f 5631/5793/5552 5632/5794/5552 5663/5825/5552 5662/5824/5552
f 5632/5794/5553 5633/5795/5553 5664/5826/5553 5663/5825/5553
f 5633/5795/5554 5634/5796/5554 5665/5827/5554 5664/5826/5554
f 5634/5796/5555 5635/5797/5555 5666/5828/5555 5665/5827/5555
f 5635/5797/5556 5636/5798/5556 5667/5829/5556 5666/5828/5556
f 5636/5798/5557 5637/5799/5557 5668/5830/5557 5667/5829/5557
f 5637/5799/5558 5638/5800/5558 5669/5831/5558 5668/5830/5558
f 5638/5800/5559 5639/5801/5559 5670/5832/5559 5669/5831/5559
f 5639/5801/5560 5640/5802/5560 5671/5833/5560 5670/5832/5560
f 5640/5802/5561 5641/5803/5561 5672/5834/5561 5671/5833/5561
f 5641/5803/5562 5642/5804/5562 5673/5835/5562 5672/5834/5562
f 5642/5804/5563 5643/5805/5563 5674/5836/5563 5673/5835/5563
f 5643/5805/5564 5644/5806/5564 5675/5837/5564 5674/5836/5564
f 5644/5806/5565 5645/5807/5565 5676/5838/5565 5675/5837/5565
f 5645/5807/5566 5646/5808/5566 5677/5839/5566 5676/5838/5566
f 5646/5808/5567 5647/5809/5567 5678/5840/5567 5677/5839/5567
f 5647/5809/5568 5648/5810/5568 5679/5841/5568 5678/5840/5568
f 5648/5810/5569 5649/5811/5569 5680/5842/5569 5679/5841/5569
f 5649/5811/5570 5650/5812/5570 5681/5843/5570 5680/5842/5570
f 5651/5814/5571 5652/5813/5571 5683/5844/5571 5682/5845/5571
f 5652/5813/5572 5653/5815/5572 5684/5846/5572 5683/5844/5572
f 5653/5815/5573 5654/5816/5573 5685/5847/5573 5684/5846/5573
f 5654/5816/5574 5655/5817/5574 5686/5848/5574 5685/5847/5574
f 5655/5817/5575 5656/5818/5575 5687/5849/5575 5686/5848/5575
f 5656/5818/5576 5657/5819/5576 5688/5850/5576 5687/5849/5576
f 5657/5819/5577 5658/5820/5577 5689/5851/5577 5688/5850/5577
f 5658/5820/5578 5659/5821/5578 5690/5852/5578 5689/5851/5578
f 5659/5821/5579 5660/5822/5579 5691/5853/5579 5690/5852/5579
f 5660/5822/5580 5661/5823/5580 5692/5854/5580 5691/5853/5580
f 5661/5823/5581 5662/5824/5581 5693/5855/5581 5692/5854/5581
f 5662/5824/5582 5663/5825/5582 5694/5856/5582 5693/5855/5582
f 5663/5825/5583 5664/5826/5583 5695/5857/5583 5694/5856/5583
f 5664/5826/5584 5665/5827/5584 5696/5858/5584 5695/5857/5584
f 5665/5827/5585 5666/5828/5585 5697/5859/5585 5696/5858/5585
f 5666/5828/5586 5667/5829/5586 5698/5860/5586 5697/5859/5586
f 5667/5829/5587 5668/5830/5587 5699/5861/5587 5698/5860/5587
f 5668/5830/5588 5669/5831/5588 5700/5862/5588 5699/5861/5588
f 5669/5831/5589 5670/5832/5589 5701/5863/5589 5700/5862/5589
f 5670/5832/5590 5671/5833/5590 5702/5864/5590 5701/5863/5590
f 5671/5833/5591 5672/5834/5591 5703/5865/5591 5702/5864/5591
f 5672/5834/5592 5673/5835/5592 5704/5866/5592 5703/5865/5592
f 5673/5835/5593 5674/5836/5593 5705/5867/5593 5704/5866/5593
f 5674/5836/5594 5675/5837/5594 5706/5868/5594 5705/5867/5594
f 5675/5837/5595 5676/5838/5595 5707/5869/5595 5706/5868/5595
f 5676/5838/5596 5677/5839/5596 5708/5870/5596 5707/5869/5596
f 5677/5839/5597 5678/5840/5597 5709/5871/5597 5708/5870/5597
f 5678/5840/5598 5679/5841/5598 5710/5872/5598 5709/5871/5598
f 5679/5841/5599 5680/5842/5599 5711/5873/5599 5710/5872/5599
f 5680/5842/5600 5681/5843/5600 5712/5874/5600 5711/5873/5600
f 5682/5845/5601 5683/5844/5601 5714/5875/5601 5713/5876/5601
f 5683/5844/5602 5684/5846/5602 5715/5877/5602 5714/5875/5602
f 5684/5846/5603 5685/5847/5603 5716/5878/5603 5715/5877/5603
f 5685/5847/5604 5686/5848/5604 5717/5879/5604 5716/5878/5604
f 5686/5848/5605 5687/5849/5605 5718/5880/5605 5717/5879/5605
f 5687/5849/5606 5688/5850/5606 5719/5881/5606 5718/5880/5606
f 5688/5850/5607 5689/5851/5607 5720/5882/5607 5719/5881/5607
f 5689/5851/5608 5690/5852/5608 5721/5883/5608 5720/5882/5608
f 5690/5852/5609 5691/5853/5609 5722/5884/5609 5721/5883/5609
f 5691/5853/5610 5692/5854/5610 5723/5885/5610 5722/5884/5610
f 5692/5854/5611 5693/5855/5611 5724/5886/5611 5723/5885/5611
f 5693/5855/5612 5694/5856/5612 5725/5887/5612 5724/5886/5612
f 5694/5856/5613 5695/5857/5613 5726/5888/5613 5725/5887/5613
f 5695/5857/5614 5696/5858/5614 5727/5889/5614 5726/5888/5614
f 5696/5858/5615 5697/5859/5615 5728/5890/5615 5727/5889/5615
f 5697/5859/5616 5698/5860/5616 5729/5891/5616 5728/5890/5616
f 5698/5860/5617 5699/5861/5617 5730/5892/5617 5729/5891/5617
f 5699/5861/5618 5700/5862/5618 5731/5893/5618 5730/5892/5618
f 5700/5862/5619 5701/5863/5619 5732/5894/5619 5731/5893/5619
f 5701/5863/5620 5702/5864/5620 5733/5895/5620 5732/5894/5620
f 5702/5864/5621 5703/5865/5621 5734/5896/5621 5733/5895/5621
f 5703/5865/5622 5704/5866/5622 5735/5897/5622 5734/5896/5622
f 5704/5866/5623 5705/5867/5623 5736/5898/5623 5735/5897/5623
f 5705/5867/5624 5706/5868/5624 5737/5899/5624 5736/5898/5624
f 5706/5868/5625 5707/5869/5625 5738/5900/5625 5737/5899/5625
f 5707/5869/5626 5708/5870/5626 5739/5901/5626 5738/5900/5626
f 5708/5870/5627 5709/5871/5627 5740/5902/5627 5739/5901/5627
f 5709/5871/5628 5710/5872/5628 5741/5903/5628 5740/5902/5628
f 5710/5872/5629 5711/5873/5629 5742/5904/5629 5741/5903/5629
f 5711/5873/5630 5712/5874/5630 5743/5905/5630 5742/5904/5630
f 5713/5876/5631 5714/5875/5631 5745/5906/5631 5744/5907/5631
f 5714/5875/5632 5715/5877/5632 5746/5908/5632 5745/5906/5632
f 5715/5877/5633 5716/5878/5633 5747/5909/5633 5746/5908/5633
f 5716/5878/5634 5717/5879/5634 5748/5910/5634 5747/5909/5634
f 5717/5879/5635 5718/5880/5635 5749/5911/5635 5748/5910/5635
f 5718/5880/5636 5719/5881/5636 5750/5912/5636 5749/5911/5636
f 5719/5881/5637 5720/5882/5637 5751/5913/5637 5750/5912/5637
f 5720/5882/5638 5721/5883/5638 5752/5914/5638 5751/5913/5638
f 5721/5883/5639 5722/5884/5639 5753/5915/5639 5752/5914/5639
f 5722/5884/5640 5723/5885/5640 5754/5916/5640 5753/5915/5640
f 5723/5885/5641 5724/5886/5641 5755/5917/5641 5754/5916/5641
f 5724/5886/5642 5725/5887/5642 5756/5918/5642 5755/5917/5642
f 5725/5887/5643 5726/5888/5643 5757/5919/5643 5756/5918/5643
f 5726/5888/5644 5727/5889/5644 5758/5920/5644 5757/5919/5644
f 5727/5889/5645 5728/5890/5645 5759/5921/5645 5758/5920/5645
f 5728/5890/5646 5729/5891/5646 5760/5922/5646 5759/5921/5646
f 5729/5891/5647 5730/5892/5647 5761/5923/5647 5760/5922/5647
f 5730/5892/5648 5731/5893/5648 5762/5924/5648 5761/5923/5648
f 5731/5893/5649 5732/5894/5649 5763/5925/5649 5762/5924/5649
f 5732/5894/5650 5733/5895/5650 5764/5926/5650 5763/5925/5650
f 5733/5895/5651 5734/5896/5651 5765/5927/5651 5764/5926/5651
f 5734/5896/5652 5735/5897/5652 5766/5928/5652 5765/5927/5652
f 5735/5897/5653 5736/5898/5653 5767/5929/5653 5766/5928/5653
f 5736/5898/5654 5737/5899/5654 5768/5930/5654 5767/5929/5654
f 5737/5899/5655 5738/5900/5655 5769/5931/5655 5768/5930/5655
f 5738/5900/5656 5739/5901/5656 5770/5932/5656 5769/5931/5656
f 5739/5901/5657 5740/5902/5657 5771/5933/5657 5770/5932/5657
f 5740/5902/5658 5741/5903/5658 5772/5934/5658 5771/5933/5658
f 5741/5903/5659 5742/5904/5659 5773/5935/5659 5772/5934/5659
f 5742/5904/5660 5743/5905/5660 5774/5936/5660 5773/5935/5660
f 5744/5907/5661 5745/5906/5661 5776/5937/5661 5775/5938/5661
f 5745/5906/5662 5746/5908/5662 5777/5939/5662 5776/5937/5662
f 5746/5908/5663 5747/5909/5663 5778/5940/5663 5777/5939/5663
f 5747/5909/5664 5748/5910/5664 5779/5941/5664 5778/5940/5664
f 5748/5910/5665 5749/5911/5665 5780/5942/5665 5779/5941/5665
f 5749/5911/5666 5750/5912/5666 5781/5943/5666 5780/5942/5666
f 5750/5912/5667 5751/5913/5667 5782/5944/5667 5781/5943/5667
f 5751/5913/5668 5752/5914/5668 5783/5945/5668 5782/5944/5668
f 5752/5914/5669 5753/5915/5669 5784/5946/5669 5783/5945/5669
f 5753/5915/5670 5754/5916/5670 5785/5947/5670 5784/5946/5670
f 5754/5916/5671 5755/5917/5671 5786/5948/5671 5785/5947/5671
f 5755/5917/5672 5756/5918/5672 5787/5949/5672 5786/5948/5672
f 5756/5918/5673 5757/5919/5673 5788/5950/5673 5787/5949/5673
f 5757/5919/5674 5758/5920/5674 5789/5951/5674 5788/5950/5674
f 5758/5920/5675 5759/5921/5675 5790/5952/5675 5789/5951/5675
f 5759/5921/5676 5760/5922/5676 5791/5953/5676 5790/5952/5676
f 5760/5922/5677 5761/5923/5677 5792/5954/5677 5791/5953/5677
f 5761/5923/5678 5762/5924/5678 5793/5955/5678 5792/5954/5678
f 5762/5924/5679 5763/5925/5679 5794/5956/5679 5793/5955/5679
f 5763/5925/5680 5764/5926/5680 5795/5957/5680 5794/5956/5680
f 5764/5926/5681 5765/5927/5681 5796/5958/5681 5795/5957/5681
f 5765/5927/5682 5766/5928/5682 5797/5959/5682 5796/5958/5682
f 5766/5928/5683 5767/5929/5683 5798/5960/5683 5797/5959/5683
f 5767/5929/5684 5768/5930/5684 5799/5961/5684 5798/5960/5684
f 5768/5930/5685 5769/5931/5685 5800/5962/5685 5799/5961/5685
f 5769/5931/5686 5770/5932/5686 5801/5963/5686 5800/5962/5686
f 5770/5932/5687 5771/5933/5687 5802/5964/5687 5801/5963/5687
f 5771/5933/5688 5772/5934/5688 5803/5965/5688 5802/5964/5688
f 5772/5934/5689 5773/5935/5689 5804/5966/5689 5803/5965/5689
f 5773/5935/5690 5774/5936/5690 5805/5967/5690 5804/5966/5690
f 5775/5938/5691 5776/5937/5691 5807/5968/5691 5806/5969/5691
f 5776/5937/5692 5777/5939/5692 5808/5970/5692 5807/5968/5692
f 5777/5939/5693 5778/5940/5693 5809/5971/5693 5808/5970/5693
f 5778/5940/5694 5779/5941/5694 5810/5972/5694 5809/5971/5694
f 5779/5941/5695 5780/5942/5695 5811/5973/5695 5810/5972/5695
f 5780/5942/5696 5781/5943/5696 5812/5974/5696 5811/5973/5696
f 5781/5943/5697 5782/5944/5697 5813/5975/5697 5812/5974/5697
f 5782/5944/5698 5783/5945/5698 5814/5976/5698 5813/5975/5698
f 5783/5945/5699 5784/5946/5699 5815/5977/5699 5814/5976/5699
f 5784/5946/5700 5785/5947/5700 5816/5978/5700 5815/5977/5700
f 5785/5947/5701 5786/5948/5701 5817/5979/5701 5816/5978/5701
f 5786/5948/5702 5787/5949/5702 5818/5980/5702 5817/5979/5702
f 5787/5949/5703 5788/5950/5703 5819/5981/5703 5818/5980/5703
f 5788/5950/5704 5789/5951/5704 5820/5982/5704 5819/5981/5704
f 5789/5951/5705 5790/5952/5705 5821/5983/5705 5820/5982/5705
f 5790/5952/5706 5791/5953/5706 5822/5984/5706 5821/5983/5706
f 5791/5953/5707 5792/5954/5707 5823/5985/5707 5822/5984/5707
f 5792/5954/5708 5793/5955/5708 5824/5986/5708 5823/5985/5708
f 5793/5955/5709 5794/5956/5709 5825/5987/5709 5824/5986/5709
f 5794/5956/5710 5795/5957/5710 5826/5988/5710 5825/5987/5710
f 5795/5957/5711 5796/5958/5711 5827/5989/5711 5826/5988/5711
f 5796/5958/5712 5797/5959/5712 5828/5990/5712 5827/5989/5712
f 5797/5959/5713 5798/5960/5713 5829/5991/5713 5828/5990/5713
f 5798/5960/5714 5799/5961/5714 5830/5992/5714 5829/5991/5714
f 5799/5961/5715 5800/5962/5715 5831/5993/5715 5830/5992/5715
f 5800/5962/5716 5801/5963/5716 5832/5994/5716 5831/5993/5716
f 5801/5963/5717 5802/5964/5717 5833/5995/5717 5832/5994/5717
f 5802/5964/5718 5803/5965/5718 5834/5996/5718 5833/5995/5718
f 5803/5965/5719 5804/5966/5719 5835/5997/5719 5834/5996/5719
f 5804/5966/5720 5805/5967/5720 5836/5998/5720 5835/5997/5720
f 5806/5969/5721 5807/5968/5721 5838/5999/5721 5837/6000/5721
f 5807/5968/5722 5808/5970/5722 5839/6001/5722 5838/5999/5722
f 5808/5970/5723 5809/5971/5723 5840/6002/5723 5839/6001/5723
f 5809/5971/5724 5810/5972/5724 5841/6003/5724 5840/6002/5724
f 5810/5972/5725 5811/5973/5725 5842/6004/5725 5841/6003/5725
f 5811/5973/5726 5812/5974/5726 5843/6005/5726 5842/6004/5726
f 5812/5974/5727 5813/5975/5727 5844/6006/5727 5843/6005/5727
f 5813/5975/5728 5814/5976/5728 5845/6007/5728 5844/6006/5728
f 5814/5976/5729 5815/5977/5729 5846/6008/5729 5845/6007/5729
f 5815/5977/5730 5816/5978/5730 5847/6009/5730 5846/6008/5730
f 5816/5978/5731 5817/5979/5731 5848/6010/5731 5847/6009/5731
f 5817/5979/5732 5818/5980/5732 5849/6011/5732 5848/6010/5732
f 5818/5980/5733 5819/5981/5733 5850/6012/5733 5849/6011/5733
f 5819/5981/5734 5820/5982/5734 5851/6013/5734 5850/6012/5734
f 5820/5982/5735 5821/5983/5735 5852/6014/5735 5851/6013/5735
f 5821/5983/5736 5822/5984/5736 5853/6015/5736 5852/6014/5736
f 5822/5984/5737 5823/5985/5737 5854/6016/5737 5853/6015/5737
f 5823/5985/5738 5824/5986/5738 5855/6017/5738 5854/6016/5738
f 5824/5986/5739 5825/5987/5739 5856/6018/5739 5855/6017/5739
f 5825/5987/5740 5826/5988/5740 5857/6019/5740 5856/6018/5740
f 5826/5988/5741 5827/5989/5741 5858/6020/5741 5857/6019/5741
f 5827/5989/5742 5828/5990/5742 5859/6021/5742 5858/6020/5742
f 5828/5990/5743 5829/5991/5743 5860/6022/5743 5859/6021/5743
f 5829/5991/5744 5830/5992/5744 5861/6023/5744 5860/6022/5744
f 5830/5992/5745 5831/5993/5745 5862/6024/5745 5861/6023/5745
f 5831/5993/5746 5832/5994/5746 5863/6025/5746 5862/6024/5746
f 5832/5994/5747 5833/5995/5747 5864/6026/5747 5863/6025/5747
f 5833/5995/5748 5834/5996/5748 5865/6027/5748 5864/6026/5748
f 5834/5996/5749 5835/5997/5749 5866/6028/5749 5865/6027/5749
f 5835/5997/5750 5836/5998/5750 5867/6029/5750 5866/6028/5750
f 5837/6000/5751 5838/5999/5751 5869/6030/5751 5868/6031/5751
f 5838/5999/5752 5839/6001/5752 5870/6032/5752 5869/6030/5752
f 5839/6001/5753 5840/6002/5753 5871/6033/5753 5870/6032/5753
f 5840/6002/5754 5841/6003/5754 5872/6034/5754 5871/6033/5754
f 5841/6003/5755 5842/6004/5755 5873/6035/5755 5872/6034/5755
f 5842/6004/5756 5843/6005/5756 5874/6036/5756 5873/6035/5756
f 5843/6005/5757 5844/6006/5757 5875/6037/5757 5874/6036/5757
f 5844/6006/5758 5845/6007/5758 5876/6038/5758 5875/6037/5758
f 5845/6007/5759 5846/6008/5759 5877/6039/5759 5876/6038/5759
f 5846/6008/5760 5847/6009/5760 5878/6040/5760 5877/6039/5760
f 5847/6009/5761 5848/6010/5761 5879/6041/5761 5878/6040/5761
f 5848/6010/5762 5849/6011/5762 5880/6042/5762 5879/6041/5762
f 5849/6011/5763 5850/6012/5763 5881/6043/5763 5880/6042/5763
f 5850/6012/5764 5851/6013/5764 5882/6044/5764 5881/6043/5764
f 5851/6013/5765 5852/6014/5765 5883/6045/5765 5882/6044/5765
f 5852/6014/5766 5853/6015/5766 5884/6046/5766 5883/6045/5766
f 5853/6015/5767 5854/6016/5767 5885/6047/5767 5884/6046/5767
f 5854/6016/5768 5855/6017/5768 5886/6048/5768 5885/6047/5768
f 5855/6017/5769 5856/6018/5769 5887/6049/5769 5886/6048/5769
f 5856/6018/5770 5857/6019/5770 5888/6050/5770 5887/6049/5770
f 5857/6019/5771 5858/6020/5771 5889/6051/5771 5888/6050/5771
f 5858/6020/5772 5859/6021/5772 5890/6052/5772 5889/6051/5772
f 5859/6021/5773 5860/6022/5773 5891/6053/5773 5890/6052/5773
f 5860/6022/5774 5861/6023/5774 5892/6054/5774 5891/6053/5774
f 5861/6023/5775 5862/6024/5775 5893/6055/5775 5892/6054/5775
f 5862/6024/5776 5863/6025/5776 5894/6056/5776 5893/6055/5776
f 5863/6025/5777 5864/6026/5777 5895/6057/5777 5894/6056/5777
f 5864/6026/5778 5865/6027/5778 5896/6058/5778 5895/6057/5778
f 5865/6027/5779 5866/6028/5779 5897/6059/5779 5896/6058/5779
f 5866/6028/5780 5867/6029/5780 5898/6060/5780 5897/6059/5780
f 5868/6031/5781 5869/6030/5781 5900/6061/5781 5899/6062/5781
f 5869/6030/5782 5870/6032/5782 5901/6063/5782 5900/6061/5782
f 5870/6032/5783 5871/6033/5783 5902/6064/5783 5901/6063/5783
f 5871/6033/5784 5872/6034/5784 5903/6065/5784 5902/6064/5784
f 5872/6034/5785 5873/6035/5785 5904/6066/5785 5903/6065/5785
f 5873/6035/5786 5874/6036/5786 5905/6067/5786 5904/6066/5786
f 5874/6036/5787 5875/6037/5787 5906/6068/5787 5905/6067/5787
f 5875/6037/5788 5876/6038/5788 5907/6069/5788 5906/6068/5788
f 5876/6038/5789 5877/6039/5789 5908/6070/5789 5907/6069/5789
f 5877/6039/5790 5878/6040/5790 5909/6071/5790 5908/6070/5790
f 5878/6040/5791 5879/6041/5791 5910/6072/5791 5909/6071/5791
f 5879/6041/5792 5880/6042/5792 5911/6073/5792 5910/6072/5792
f 5880/6042/5793 5881/6043/5793 5912/6074/5793 5911/6073/5793
f 5881/6043/5794 5882/6044/5794 5913/6075/5794 5912/6074/5794
f 5882/6044/5795 5883/6045/5795 5914/6076/5795 5913/6075/5795
f 5883/6045/5796 5884/6046/5796 5915/6077/5796 5914/6076/5796
f 5884/6046/5797 5885/6047/5797 5916/6078/5797 5915/6077/5797
f 5885/6047/5798 5886/6048/5798 5917/6079/5798 5916/6078/5798
f 5886/6048/5799 5887/6049/5799 5918/6080/5799 5917/6079/5799
f 5887/6049/5800 5888/6050/5800 5919/6081/5800 5918/6080/5800
f 5888/6050/5801 5889/6051/5801 5920/6082/5801 5919/6081/5801
f 5889/6051/5802 5890/6052/5802 5921/6083/5802 5920/6082/5802
f 5890/6052/5803 5891/6053/5803 5922/6084/5803 5921/6083/5803
f 5891/6053/5804 5892/6054/5804 5923/6085/5804 5922/6084/5804
f 5892/6054/5805 5893/6055/5805 5924/6086/5805 5923/6085/5805
f 5893/6055/5806 5894/6056/5806 5925/6087/5806 5924/6086/5806
f 5894/6056/5807 5895/6057/5807 5926/6088/5807 5925/6087/5807
f 5895/6057/5808 5896/6058/5808 5927/6089/5808 5926/6088/5808
f 5896/6058/5809 5897/6059/5809 5928/6090/5809 5927/6089/5809
f 5897/6059/5810 5898/6060/5810 5929/6091/5810 5928/6090/5810
f 5899/6062/5811 5900/6061/5811 5931/6092/5811 5930/6093/5811
f 5900/6061/5812 5901/6063/5812 5932/6094/5812 5931/6092/5812
f 5901/6063/5813 5902/6064/5813 5933/6095/5813 5932/6094/5813
f 5902/6064/5814 5903/6065/5814 5934/6096/5814 5933/6095/5814
f 5903/6065/5815 5904/6066/5815 5935/6097/5815 5934/6096/5815
f 5904/6066/5816 5905/6067/5816 5936/6098/5816 5935/6097/5816
f 5905/6067/5817 5906/6068/5817 5937/6099/5817 5936/6098/5817
f 5906/6068/5818 5907/6069/5818 5938/6100/5818 5937/6099/5818
f 5907/6069/5819 5908/6070/5819 5939/6101/5819 5938/6100/5819
f 5908/6070/5820 5909/6071/5820 5940/6102/5820 5939/6101/5820
f 5909/6071/5821 5910/6072/5821 5941/6103/5821 5940/6102/5821
f 5910/6072/5822 5911/6073/5822 5942/6104/5822 5941/6103/5822
f 5911/6073/5823 5912/6074/5823 5943/6105/5823 5942/6104/5823
f 5912/6074/5824 5913/6075/5824 5944/6106/5824 5943/6105/5824
f 5913/6075/5825 5914/6076/5825 5945/6107/5825 5944/6106/5825
f 5914/6076/5826 5915/6077/5826 5946/6108/5826 5945/6107/5826
f 5915/6077/5827 5916/6078/5827 5947/6109/5827 5946/6108/5827
f 5916/6078/5828 5917/6079/5828 5948/6110/5828 5947/6109/5828
f 5917/6079/5829 5918/6080/5829 5949/6111/5829 5948/6110/5829
f 5918/6080/5830 5919/6081/5830 5950/6112/5830 5949/6111/5830
f 5919/6081/5831 5920/6082/5831 5951/6113/5831 5950/6112/5831
f 5920/6082/5832 5921/6083/5832 5952/6114/5832 5951/6113/5832
f 5921/6083/5833 5922/6084/5833 5953/6115/5833 5952/6114/5833
f 5922/6084/5834 5923/6085/5834 5954/6116/5834 5953/6115/5834
f 5923/6085/5835 5924/6086/5835 5955/6117/5835 5954/6116/5835
f 5924/6086/5836 5925/6087/5836 5956/6118/5836 5955/6117/5836
f 5925/6087/5837 5926/6088/5837 5957/6119/5837 5956/6118/5837
f 5926/6088/5838 5927/6089/5838 5958/6120/5838 5957/6119/5838
f 5927/6089/5839 5928/6090/5839 5959/6121/5839 5958/6120/5839
f 5928/6090/5840 5929/6091/5840 5960/6122/5840 5959/6121/5840
f 5930/6093/5841 5931/6092/5841 5962/6123/5841 5961/6124/5841
f 5931/6092/5842 5932/6094/5842 5963/6125/5842 5962/6123/5842
f 5932/6094/5843 5933/6095/5843 5964/6126/5843 5963/6125/5843
f 5933/6095/5844 5934/6096/5844 5965/6127/5844 5964/6126/5844
f 5934/6096/5845 5935/6097/5845 5966/6128/5845 5965/6127/5845
f 5935/6097/5846 5936/6098/5846 5967/6129/5846 5966/6128/5846
f 5936/6098/5847 5937/6099/5847 5968/6130/5847 5967/6129/5847
f 5937/6099/5848 5938/6100/5848 5969/6131/5848 5968/6130/5848
f 5938/6100/5849 5939/6101/5849 5970/6132/5849 5969/6131/5849
f 5939/6101/5850 5940/6102/5850 5971/6133/5850 5970/6132/5850
f 5940/6102/5851 5941/6103/5851 5972/6134/5851 5971/6133/5851
f 5941/6103/5852 5942/6104/5852 5973/6135/5852 5972/6134/5852
f 5942/6104/5853 5943/6105/5853 5974/6136/5853 5973/6135/5853
f 5943/6105/5854 5944/6106/5854 5975/6137/5854 5974/6136/5854
f 5944/6106/5855 5945/6107/5855 5976/6138/5855 5975/6137/5855
f 5945/6107/5856 5946/6108/5856 5977/6139/5856 5976/6138/5856
f 5946/6108/5857 5947/6109/5857 5978/6140/5857 5977/6139/5857
f 5947/6109/5858 5948/6110/5858 5979/6141/5858 5978/6140/5858
f 5948/6110/5859 5949/6111/5859 5980/6142/5859 5979/6141/5859
f 5949/6111/5860 5950/6112/5860 5981/6143/5860 5980/6142/5860
f 5950/6112/5861 5951/6113/5861 5982/6144/5861 5981/6143/5861
f 5951/6113/5862 5952/6114/5862 5983/6145/5862 5982/6144/5862
f 5952/6114/5863 5953/6115/5863 5984/6146/5863 5983/6145/5863
f 5953/6115/5864 5954/6116/5864 5985/6147/5864 5984/6146/5864
f 5954/6116/5865 5955/6117/5865 5986/6148/5865 5985/6147/5865
f 5955/6117/5866 5956/6118/5866 5987/6149/5866 5986/6148/5866
f 5956/6118/5867 5957/6119/5867 5988/6150/5867 5987/6149/5867
f 5957/6119/5868 5958/6120/5868 5989/6151/5868 5988/6150/5868
f 5958/6120/5869 5959/6121/5869 5990/6152/5869 5989/6151/5869
f 5959/6121/5870 5960/6122/5870 5991/6153/5870 5990/6152/5870
f 5961/6124/5871 5962/6123/5871 5993/6154/5871 5992/6155/5871
f 5962/6123/5872 5963/6125/5872 5994/6156/5872 5993/6154/5872
f 5963/6125/5873 5964/6126/5873 5995/6157/5873 5994/6156/5873
f 5964/6126/5874 5965/6127/5874 5996/6158/5874 5995/6157/5874
f 5965/6127/5875 5966/6128/5875 5997/6159/5875 5996/6158/5875
f 5966/6128/5876 5967/6129/5876 5998/6160/5876 5997/6159/5876
f 5967/6129/5877 5968/6130/5877 5999/6161/5877 5998/6160/5877
f 5968/6130/5878 5969/6131/5878 6000/6162/5878 5999/6161/5878
f 5969/6131/5879 5970/6132/5879 6001/6163/5879 6000/6162/5879
f 5970/6132/5880 5971/6133/5880 6002/6164/5880 6001/6163/5880
f 5971/6133/5881 5972/6134/5881 6003/6165/5881 6002/6164/5881
f 5972/6134/5882 5973/6135/5882 6004/6166/5882 6003/6165/5882
f 5973/6135/5883 5974/6136/5883 6005/6167/5883 6004/6166/5883
f 5974/6136/5884 5975/6137/5884 6006/6168/5884 6005/6167/5884
f 5975/6137/5885 5976/6138/5885 6007/6169/5885 6006/6168/5885
f 5976/6138/5886 5977/6139/5886 6008/6170/5886 6007/6169/5886
f 5977/6139/5887 5978/6140/5887 6009/6171/5887 6008/6170/5887
f 5978/6140/5888 5979/6141/5888 6010/6172/5888 6009/6171/5888
f 5979/6141/5889 5980/6142/5889 6011/6173/5889 6010/6172/5889
f 5980/6142/5890 5981/6143/5890 6012/6174/5890 6011/6173/5890
f 5981/6143/5891 5982/6144/5891 6013/6175/5891 6012/6174/5891
f 5982/6144/5892 5983/6145/5892 6014/6176/5892 6013/6175/5892
f 5983/6145/5893 5984/6146/5893 6015/6177/5893 6014/6176/5893
f 5984/6146/5894 5985/6147/5894 6016/6178/5894 6015/6177/5894
f 5985/6147/5895 5986/6148/5895 6017/6179/5895 6016/6178/5895
f 5986/6148/5896 5987/6149/5896 6018/6180/5896 6017/6179/5896
f 5987/6149/5897 5988/6150/5897 6019/6181/5897 6018/6180/5897
f 5988/6150/5898 5989/6151/5898 6020/6182/5898 6019/6181/5898
f 5989/6151/5899 5990/6152/5899 6021/6183/5899 6020/6182/5899
f 5990/6152/5900 5991/6153/5900 6022/6184/5900 6021/6183/5900
f 5992/6155/5901 5993/6154/5901 6024/6185/5901 6023/6186/5901
f 5993/6154/5902 5994/6156/5902 6025/6187/5902 6024/6185/5902
f 5994/6156/5903 5995/6157/5903 6026/6188/5903 6025/6187/5903
f 5995/6157/5904 5996/6158/5904 6027/6189/5904 6026/6188/5904
f 5996/6158/5905 5997/6159/5905 6028/6190/5905 6027/6189/5905
f 5997/6159/5906 5998/6160/5906 6029/6191/5906 6028/6190/5906
f 5998/6160/5907 5999/6161/5907 6030/6192/5907 6029/6191/5907
f 5999/6161/5908 6000/6162/5908 6031/6193/5908 6030/6192/5908
f 6000/6162/5909 6001/6163/5909 6032/6194/5909 6031/6193/5909
f 6001/6163/5910 6002/6164/5910 6033/6195/5910 6032/6194/5910
f 6002/6164/5911 6003/6165/5911 6034/6196/5911 6033/6195/5911
f 6003/6165/5912 6004/6166/5912 6035/6197/5912 6034/6196/5912
f 6004/6166/5913 6005/6167/5913 6036/6198/5913 6035/6197/5913
f 6005/6167/5914 6006/6168/5914 6037/6199/5914 6036/6198/5914
f 6006/6168/5915 6007/6169/5915 6038/6200/5915 6037/6199/5915
f 6007/6169/5916 6008/6170/5916 6039/6201/5916 6038/6200/5916
f 6008/6170/5917 6009/6171/5917 6040/6202/5917 6039/6201/5917
f 6009/6171/5918 6010/6172/5918 6041/6203/5918 6040/6202/5918
f 6010/6172/5919 6011/6173/5919 6042/6204/5919 6041/6203/5919
f 6011/6173/5920 6012/6174/5920 6043/6205/5920 6042/6204/5920
f 6012/6174/5921 6013/6175/5921 6044/6206/5921 6043/6205/5921
f 6013/6175/5922 6014/6176/5922 6045/6207/5922 6044/6206/5922
f 6014/6176/5923 6015/6177/5923 6046/6208/5923 6045/6207/5923
f 6015/6177/5924 6016/6178/5924 6047/6209/5924 6046/6208/5924
f 6016/6178/5925 6017/6179/5925 6048/6210/5925 6047/6209/5925
f 6017/6179/5926 6018/6180/5926 6049/6211/5926 6048/6210/5926
f 6018/6180/5927 6019/6181/5927 6050/6212/5927 6049/6211/5927
f 6019/6181/5928 6020/6182/5928 6051/6213/5928 6050/6212/5928
f 6020/6182/5929 6021/6183/5929 6052/6214/5929 6051/6213/5929
f 6021/6183/5930 6022/6184/5930 6053/6215/5930 6052/6214/5930
f 6023/6186/5931 6024/6185/5931 6055/6216/5931 6054/6217/5931
f 6024/6185/5932 6025/6187/5932 6056/6218/5932 6055/6216/5932
f 6025/6187/5933 6026/6188/5933 6057/6219/5933 6056/6218/5933
f 6026/6188/5934 6027/6189/5934 6058/6220/5934 6057/6219/5934
f 6027/6189/5935 6028/6190/5935 6059/6221/5935 6058/6220/5935
f 6028/6190/5936 6029/6191/5936 6060/6222/5936 6059/6221/5936
f 6029/6191/5937 6030/6192/5937 6061/6223/5937 6060/6222/5937
f 6030/6192/5938 6031/6193/5938 6062/6224/5938 6061/6223/5938
f 6031/6193/5939 6032/6194/5939 6063/6225/5939 6062/6224/5939
f 6032/6194/5940 6033/6195/5940 6064/6226/5940 6063/6225/5940
f 6033/6195/5941 6034/6196/5941 6065/6227/5941 6064/6226/5941
f 6034/6196/5942 6035/6197/5942 6066/6228/5942 6065/6227/5942
f 6035/6197/5943 6036/6198/5943 6067/6229/5943 6066/6228/5943
f 6036/6198/5944 6037/6199/5944 6068/6230/5944 6067/6229/5944
f 6037/6199/5945 6038/6200/5945 6069/6231/5945 6068/6230/5945
f 6038/6200/5946 6039/6201/5946 6070/6232/5946 6069/6231/5946
f 6039/6201/5947 6040/6202/5947 6071/6233/5947 6070/6232/5947
f 6040/6202/5948 6041/6203/5948 6072/6234/5948 6071/6233/5948
f 6041/6203/5949 6042/6204/5949 6073/6235/5949 6072/6234/5949
f 6042/6204/5950 6043/6205/5950 6074/6236/5950 6073/6235/5950
f 6043/6205/5951 6044/6206/5951 6075/6237/5951 6074/6236/5951
f 6044/6206/5952 6045/6207/5952 6076/6238/5952 6075/6237/5952
f 6045/6207/5953 6046/6208/5953 6077/6239/5953 6076/6238/5953
f 6046/6208/5954 6047/6209/5954 6078/6240/5954 6077/6239/5954
f 6047/6209/5955 6048/6210/5955 6079/6241/5955 6078/6240/5955
f 6048/6210/5956 6049/6211/5956 6080/6242/5956 6079/6241/5956
f 6049/6211/5957 6050/6212/5957 6081/6243/5957 6080/6242/5957
f 6050/6212/5958 6051/6213/5958 6082/6244/5958 6081/6243/5958
f 6051/6213/5959 6052/6214/5959 6083/6245/5959 6082/6244/5959
f 6052/6214/5960 6053/6215/5960 6084/6246/5960 6083/6245/5960
f 6054/6217/5961 6055/6216/5961 6086/6247/5961 6085/6248/5961
f 6055/6216/5962 6056/6218/5962 6087/6249/5962 6086/6247/5962
f 6056/6218/5963 6057/6219/5963 6088/6250/5963 6087/6249/5963
f 6057/6219/5964 6058/6220/5964 6089/6251/5964 6088/6250/5964
f 6058/6220/5965 6059/6221/5965 6090/6252/5965 6089/6251/5965
f 6059/6221/5966 6060/6222/5966 6091/6253/5966 6090/6252/5966
f 6060/6222/5967 6061/6223/5967 6092/6254/5967 6091/6253/5967
f 6061/6223/5968 6062/6224/5968 6093/6255/5968 6092/6254/5968
f 6062/6224/5969 6063/6225/5969 6094/6256/5969 6093/6255/5969
f 6063/6225/5970 6064/6226/5970 6095/6257/5970 6094/6256/5970
f 6064/6226/5971 6065/6227/5971 6096/6258/5971 6095/6257/5971
f 6065/6227/5972 6066/6228/5972 6097/6259/5972 6096/6258/5972
f 6066/6228/5973 6067/6229/5973 6098/6260/5973 6097/6259/5973
f 6067/6229/5974 6068/6230/5974 6099/6261/5974 6098/6260/5974
f 6068/6230/5975 6069/6231/5975 6100/6262/5975 6099/6261/5975
f 6069/6231/5976 6070/6232/5976 6101/6263/5976 6100/6262/5976
f 6070/6232/5977 6071/6233/5977 6102/6264/5977 6101/6263/5977
f 6071/6233/5978 6072/6234/5978 6103/6265/5978 6102/6264/5978
f 6072/6234/5979 6073/6235/5979 6104/6266/5979 6103/6265/5979
f 6073/6235/5980 6074/6236/5980 6105/6267/5980 6104/6266/5980
f 6074/6236/5981 6075/6237/5981 6106/6268/5981 6105/6267/5981
f 6075/6237/5982 6076/6238/5982 6107/6269/5982 6106/6268/5982
f 6076/6238/5983 6077/6239/5983 6108/6270/5983 6107/6269/5983
f 6077/6239/5984 6078/6240/5984 6109/6271/5984 6108/6270/5984
f 6078/6240/5985 6079/6241/5985 6110/6272/5985 6109/6271/5985
f 6079/6241/5986 6080/6242/5986 6111/6273/5986 6110/6272/5986
f 6080/6242/5987 6081/6243/5987 6112/6274/5987 6111/6273/5987
f 6081/6243/5988 6082/6244/5988 6113/6275/5988 6112/6274/5988
f 6082/6244/5989 6083/6245/5989 6114/6276/5989 6113/6275/5989
f 6083/6245/5990 6084/6246/5990 6115/6277/5990 6114/6276/5990
f 6085/6248/5991 6086/6247/5991 6117/6278/5991 6116/6279/5991
f 6086/6247/5992 6087/6249/5992 6118/6280/5992 6117/6278/5992
f 6087/6249/5993 6088/6250/5993 6119/6281/5993 6118/6280/5993
f 6088/6250/5994 6089/6251/5994 6120/6282/5994 6119/6281/5994
f 6089/6251/5995 6090/6252/5995 6121/6283/5995 6120/6282/5995
f 6090/6252/5996 6091/6253/5996 6122/6284/5996 6121/6283/5996
f 6091/6253/5997 6092/6254/5997 6123/6285/5997 6122/6284/5997
f 6092/6254/5998 6093/6255/5998 6124/6286/5998 6123/6285/5998
f 6093/6255/5999 6094/6256/5999 6125/6287/5999 6124/6286/5999
f 6094/6256/6000 6095/6257/6000 6126/6288/6000 6125/6287/6000
f 6095/6257/6001 6096/6258/6001 6127/6289/6001 6126/6288/6001
f 6096/6258/6002 6097/6259/6002 6128/6290/6002 6127/6289/6002
f 6097/6259/6003 6098/6260/6003 6129/6291/6003 6128/6290/6003
f 6098/6260/6004 6099/6261/6004 6130/6292/6004 6129/6291/6004
f 6099/6261/6005 6100/6262/6005 6131/6293/6005 6130/6292/6005
f 6100/6262/6006 6101/6263/6006 6132/6294/6006 6131/6293/6006
f 6101/6263/6007 6102/6264/6007 6133/6295/6007 6132/6294/6007
f 6102/6264/6008 6103/6265/6008 6134/6296/6008 6133/6295/6008
f 6103/6265/6009 6104/6266/6009 6135/6297/6009 6134/6296/6009
f 6104/6266/6010 6105/6267/6010 6136/6298/6010 6135/6297/6010
f 6105/6267/6011 6106/6268/6011 6137/6299/6011 6136/6298/6011
f 6106/6268/6012 6107/6269/6012 6138/6300/6012 6137/6299/6012
f 6107/6269/6013 6108/6270/6013 6139/6301/6013 6138/6300/6013
f 6108/6270/6014 6109/6271/6014 6140/6302/6014 6139/6301/6014
f 6109/6271/6015 6110/6272/6015 6141/6303/6015 6140/6302/6015
f 6110/6272/6016 6111/6273/6016 6142/6304/6016 6141/6303/6016
f 6111/6273/6017 6112/6274/6017 6143/6305/6017 6142/6304/6017
f 6112/6274/6018 6113/6275/6018 6144/6306/6018 6143/6305/6018
f 6113/6275/6019 6114/6276/6019 6145/6307/6019 6144/6306/6019
f 6114/6276/6020 6115/6277/6020 6146/6308/6020 6145/6307/6020
f 6/3237/6021 194/3235/6021 5186/5348/6021 70/6309/6021
f 194/3235/6022 193/3234/6022 5187/5349/6022 5186/5348/6022
f 193/3234/6023 192/3233/6023 5188/5352/6023 5187/5349/6023
f 192/3233/6024 191/3232/6024 5189/5354/6024 5188/5352/6024
f 191/3232/6025 190/3231/6025 5190/5356/6025 5189/5354/6025
f 190/3231/6026 189/3230/6026 5191/5358/6026 5190/5356/6026
f 189/3230/6027 188/3229/6027 5192/5360/6027 5191/5358/6027
f 188/3229/6028 187/3228/6028 5193/5362/6028 5192/5360/6028
f 187/3228/6029 186/3227/6029 5194/5364/6029 5193/5362/6029
f 186/3227/6030 185/3226/6030 5195/5366/6030 5194/5364/6030
f 185/3226/6031 184/3225/6031 5196/5368/6031 5195/5366/6031
f 184/3225/6032 183/3224/6032 5197/5370/6032 5196/5368/6032
f 183/3224/6033 182/3223/6033 5198/5372/6033 5197/5370/6033
f 182/3223/6034 181/3222/6034 5199/5374/6034 5198/5372/6034
f 181/3222/6035 180/3221/6035 5200/5376/6035 5199/5374/6035
f 180/3221/6036 179/3220/6036 5201/5378/6036 5200/5376/6036
f 179/3220/6037 178/3219/6037 5202/5380/6037 5201/5378/6037
f 178/3219/6038 177/3218/6038 5203/5382/6038 5202/5380/6038
f 177/3218/6039 176/3217/6039 5204/5384/6039 5203/5382/6039
f 176/3217/6040 175/3216/6040 5205/5386/6040 5204/5384/6040
f 175/3216/6041 174/3215/6041 5206/5388/6041 5205/5386/6041
f 174/3215/6042 173/3214/6042 5207/5390/6042 5206/5388/6042
f 173/3214/6043 172/3213/6043 5208/5392/6043 5207/5390/6043
f 172/3213/6044 171/3212/6044 5209/5394/6044 5208/5392/6044
f 171/3212/6045 170/3211/6045 5210/5396/6045 5209/5394/6045
f 170/3211/6046 169/3210/6046 5211/5398/6046 5210/5396/6046
f 169/3210/6047 168/3209/6047 5212/5400/6047 5211/5398/6047
f 168/3209/6048 167/3208/6048 5213/5402/6048 5212/5400/6048
f 167/3208/6049 166/3207/6049 5214/5404/6049 5213/5402/6049
f 166/3207/6050 165/3206/6050 5215/5406/6050 5214/5404/6050
f 165/3206/6051 164/3205/6051 5216/5408/6051 5215/5406/6051
f 164/3205/6052 5/3204/6052 319/6310/6052 5216/5408/6052
f 5216/5408/6053 319/6310/6053 320/6311/6053 5247/5409/6053
f 5247/5409/6054 320/6311/6054 321/6312/6054 5278/5440/6054
f 5278/5440/6055 321/6312/6055 322/6313/6055 5309/5471/6055
f 5309/5471/6056 322/6313/6056 323/6314/6056 5340/5502/6056
f 5340/5502/6057 323/6314/6057 324/6315/6057 5371/5533/6057
f 5371/5533/6058 324/6315/6058 325/6316/6058 5402/5564/6058
f 5402/5564/6059 325/6316/6059 326/6317/6059 5433/5595/6059
f 5433/5595/6060 326/6317/6060 327/6318/6060 5464/5626/6060
f 5464/5626/6061 327/6318/6061 328/6319/6061 5495/5657/6061
f 5495/5657/6062 328/6319/6062 329/6320/6062 5526/5688/6062
f 5526/5688/6063 329/6320/6063 330/6321/6063 5557/5719/6063
f 5557/5719/6064 330/6321/6064 331/6322/6064 5588/5750/6064
f 5588/5750/6065 331/6322/6065 332/6323/6065 5619/5781/6065
f 5619/5781/6066 332/6323/6066 333/6324/6066 5650/5812/6066
f 5650/5812/6067 333/6324/6067 334/6325/6067 5681/5843/6067
f 5681/5843/6068 334/6325/6068 335/6326/6068 5712/5874/6068
f 5712/5874/6069 335/6326/6069 336/6327/6069 5743/5905/6069
f 5743/5905/6070 336/6327/6070 337/6328/6070 5774/5936/6070
f 5774/5936/6071 337/6328/6071 338/6329/6071 5805/5967/6071
f 5805/5967/6072 338/6329/6072 339/6330/6072 5836/5998/6072
f 5836/5998/6073 339/6330/6073 340/6331/6073 5867/6029/6073
f 5867/6029/6074 340/6331/6074 341/6332/6074 5898/6060/6074
f 5898/6060/6075 341/6332/6075 342/6333/6075 5929/6091/6075
f 5929/6091/6076 342/6333/6076 343/6334/6076 5960/6122/6076
f 5960/6122/6077 343/6334/6077 344/6335/6077 5991/6153/6077
f 5991/6153/6078 344/6335/6078 345/6336/6078 6022/6184/6078
f 6022/6184/6079 345/6336/6079 346/6337/6079 6053/6215/6079
f 6053/6215/6080 346/6337/6080 347/6338/6080 6084/6246/6080
f 6084/6246/6081 347/6338/6081 348/6339/6081 6115/6277/6081
f 6115/6277/6082 348/6339/6082 349/6340/6082 6146/6308/6082
f 6146/6308/6083 349/6340/6083 1/962/6083 71/5346/6083
f 6145/6307/6084 6146/6308/6084 71/5346/6084 72/5345/6084
f 6144/6306/6085 6145/6307/6085 72/5345/6085 73/5344/6085
f 6143/6305/6086 6144/6306/6086 73/5344/6086 74/5343/6086
f 6142/6304/6087 6143/6305/6087 74/5343/6087 75/5342/6087
f 6141/6303/6088 6142/6304/6088 75/5342/6088 76/5341/6088
f 6140/6302/6089 6141/6303/6089 76/5341/6089 77/5340/6089
f 6139/6301/6090 6140/6302/6090 77/5340/6090 78/5339/6090
f 6138/6300/6091 6139/6301/6091 78/5339/6091 79/5338/6091
f 6137/6299/6092 6138/6300/6092 79/5338/6092 80/5337/6092
f 6136/6298/6093 6137/6299/6093 80/5337/6093 81/5336/6093
f 6135/6297/6094 6136/6298/6094 81/5336/6094 82/5335/6094
f 6134/6296/6095 6135/6297/6095 82/5335/6095 83/5334/6095
f 6133/6295/6096 6134/6296/6096 83/5334/6096 84/5333/6096
f 6132/6294/6097 6133/6295/6097 84/5333/6097 85/5332/6097
f 6131/6293/6098 6132/6294/6098 85/5332/6098 86/5331/6098
f 6130/6292/6099 6131/6293/6099 86/5331/6099 87/5330/6099
f 6129/6291/6100 6130/6292/6100 87/5330/6100 88/5329/6100
f 6128/6290/6101 6129/6291/6101 88/5329/6101 89/5328/6101
f 6127/6289/6102 6128/6290/6102 89/5328/6102 90/5327/6102
f 6126/6288/6103 6127/6289/6103 90/5327/6103 91/5326/6103
f 6125/6287/6104 6126/6288/6104 91/5326/6104 92/5325/6104
f 6124/6286/6105 6125/6287/6105 92/5325/6105 93/5324/6105
f 6123/6285/6106 6124/6286/6106 93/5324/6106 94/5323/6106
f 6122/6284/6107 6123/6285/6107 94/5323/6107 95/5322/6107
f 6121/6283/6108 6122/6284/6108 95/5322/6108 96/5321/6108
f 6120/6282/6109 6121/6283/6109 96/5321/6109 97/5320/6109
f 6119/6281/6110 6120/6282/6110 97/5320/6110 98/5319/6110
f 6118/6280/6111 6119/6281/6111 98/5319/6111 99/5318/6111
f 6117/6278/6112 6118/6280/6112 99/5318/6112 100/5317/6112
f 6116/6279/6113 6117/6278/6113 100/5317/6113 101/5316/6113
f 40/6341/6114 6116/6279/6114 101/5316/6114 2/4261/6114
f 41/6342/6115 6085/6248/6115 6116/6279/6115 40/6341/6115
f 42/6343/6116 6054/6217/6116 6085/6248/6116 41/6342/6116
f 43/6344/6117 6023/6186/6117 6054/6217/6117 42/6343/6117
f 44/6345/6118 5992/6155/6118 6023/6186/6118 43/6344/6118
f 45/6346/6119 5961/6124/6119 5992/6155/6119 44/6345/6119
f 46/6347/6120 5930/6093/6120 5961/6124/6120 45/6346/6120
f 47/6348/6121 5899/6062/6121 5930/6093/6121 46/6347/6121
f 48/6349/6122 5868/6031/6122 5899/6062/6122 47/6348/6122
f 49/6350/6123 5837/6000/6123 5868/6031/6123 48/6349/6123
f 50/6351/6124 5806/5969/6124 5837/6000/6124 49/6350/6124
f 51/6352/6125 5775/5938/6125 5806/5969/6125 50/6351/6125
f 52/6353/6126 5744/5907/6126 5775/5938/6126 51/6352/6126
f 53/6354/6127 5713/5876/6127 5744/5907/6127 52/6353/6127
f 54/6355/6128 5682/5845/6128 5713/5876/6128 53/6354/6128
f 55/6356/6129 5651/5814/6129 5682/5845/6129 54/6355/6129
f 56/6357/6130 5620/5783/6130 5651/5814/6130 55/6356/6130
f 57/6358/6131 5589/5752/6131 5620/5783/6131 56/6357/6131
f 58/6359/6132 5558/5721/6132 5589/5752/6132 57/6358/6132
f 59/6360/6133 5527/5690/6133 5558/5721/6133 58/6359/6133
f 60/6361/6134 5496/5659/6134 5527/5690/6134 59/6360/6134
f 61/6362/6135 5465/5628/6135 5496/5659/6135 60/6361/6135
f 62/6363/6136 5434/5597/6136 5465/5628/6136 61/6362/6136
f 63/6364/6137 5403/5566/6137 5434/5597/6137 62/6363/6137
f 64/6365/6138 5372/5535/6138 5403/5566/6138 63/6364/6138
f 65/6366/6139 5341/5504/6139 5372/5535/6139 64/6365/6139
f 66/6367/6140 5310/5473/6140 5341/5504/6140 65/6366/6140
f 67/6368/6141 5279/5442/6141 5310/5473/6141 66/6367/6141
f 68/6369/6142 5248/5411/6142 5279/5442/6142 67/6368/6142
f 69/6370/6143 5217/5351/6143 5248/5411/6143 68/6369/6143
f 70/6309/6144 5186/5348/6144 5217/5351/6144 69/6370/6144
o Cono
v 0.174095 -0.165068 -0.622849
v 0.369831 -0.165068 -0.607549
v 0.558045 -0.165068 -0.562238
v 0.731504 -0.165068 -0.488656
v 0.883542 -0.165068 -0.389631
v 1.008317 -0.165068 -0.268970
v 1.101032 -0.165068 -0.131308
v 1.158126 -0.165068 0.018064
v 1.177405 -0.165068 0.173405
v 1.158126 -0.165068 0.328747
v 1.101032 -0.165068 0.478118
v 1.008317 -0.165068 0.615780
v 0.883542 -0.165068 0.736442
v 0.731504 -0.165068 0.835466
v 0.558045 -0.165068 0.909048
v 0.369831 -0.165068 0.954359
v 0.174095 -0.165068 0.969659
v -0.021641 -0.165068 0.954359
v -0.209855 -0.165068 0.909048
v -0.383314 -0.165068 0.835466
v -0.535352 -0.165068 0.736442
v -0.660126 -0.165068 0.615780
v -0.752842 -0.165068 0.478118
v -0.809936 -0.165068 0.328747
v -0.829214 -0.165068 0.173405
v -0.809936 -0.165068 0.018064
v -0.752842 -0.165068 -0.131308
v -0.660126 -0.165068 -0.268970
v -0.535352 -0.165068 -0.389631
v -0.383314 -0.165068 -0.488656
v -0.209855 -0.165068 -0.562238
v -0.021641 -0.165068 -0.607549
v 0.174095 2.447224 0.173405
vn -0.0000 0.2916 -0.9566
vn -0.0000 1.0000 -0.0000
vn 0.1491 0.2935 -0.9443
vn 0.2980 0.2991 -0.9065
vn 0.4457 0.3081 -0.8405
vn 0.5890 0.3199 -0.7421
vn 0.7213 0.3332 -0.6073
vn 0.8318 0.3458 -0.4341
vn 0.9068 0.3551 -0.2273
vn 0.9335 0.3585 -0.0000
vn 0.9068 0.3551 0.2273
vn 0.8318 0.3458 0.4341
vn 0.7213 0.3332 0.6073
vn 0.5890 0.3199 0.7421
vn 0.4457 0.3081 0.8405
vn 0.2980 0.2991 0.9065
vn 0.1491 0.2935 0.9443
vn -0.0000 0.2916 0.9566
vn -0.1491 0.2935 0.9443
vn -0.2980 0.2991 0.9065
vn -0.4457 0.3081 0.8405
vn -0.5890 0.3199 0.7421
vn -0.7213 0.3332 0.6073
vn -0.8318 0.3458 0.4341
vn -0.9068 0.3551 0.2273
vn -0.9335 0.3585 -0.0000
vn -0.9068 0.3551 -0.2273
vn -0.8318 0.3458 -0.4341
vn -0.7213 0.3332 -0.6073
vn -0.5890 0.3199 -0.7421
vn -0.4457 0.3081 -0.8405
vn -0.2980 0.2991 -0.9065
vn -0.0000 -1.0000 -0.0000
vn -0.1491 0.2935 -0.9443
vt 0.250000 0.490000
vt 0.250000 0.250000
vt 0.296822 0.485388
vt 0.341844 0.471731
vt 0.383337 0.449553
vt 0.419706 0.419706
vt 0.449553 0.383337
vt 0.471731 0.341844
vt 0.485388 0.296822
vt 0.490000 0.250000
vt 0.485388 0.203178
vt 0.471731 0.158156
vt 0.449553 0.116663
vt 0.419706 0.080294
vt 0.383337 0.050447
vt 0.341844 0.028269
vt 0.296822 0.014612
vt 0.250000 0.010000
vt 0.203178 0.014612
vt 0.158156 0.028269
vt 0.116663 0.050447
vt 0.080294 0.080294
vt 0.050447 0.116663
vt 0.028269 0.158156
vt 0.014612 0.203178
vt 0.010000 0.250000
vt 0.014612 0.296822
vt 0.028269 0.341844
vt 0.050447 0.383337
vt 0.080294 0.419706
vt 0.116663 0.449553
vt 0.158156 0.471731
vt 0.750000 0.490000
vt 0.796822 0.485388
vt 0.841844 0.471731
vt 0.883337 0.449553
vt 0.919706 0.419706
vt 0.949553 0.383337
vt 0.971731 0.341844
vt 0.985388 0.296822
vt 0.990000 0.250000
vt 0.985388 0.203178
vt 0.971731 0.158156
vt 0.949553 0.116663
vt 0.919706 0.080294
vt 0.883337 0.050447
vt 0.841844 0.028269
vt 0.796822 0.014612
vt 0.750000 0.010000
vt 0.703178 0.014612
vt 0.658156 0.028269
vt 0.616663 0.050447
vt 0.580294 0.080294
vt 0.550447 0.116663
vt 0.528269 0.158156
vt 0.514612 0.203178
vt 0.510000 0.250000
vt 0.514612 0.296822
vt 0.528269 0.341844
vt 0.550447 0.383337
vt 0.580294 0.419706
vt 0.616663 0.449553
vt 0.658156 0.471731
vt 0.703178 0.485388
vt 0.203178 0.485388
s 1
usemtl Material.001
f 6147/6371/6145 6179/6372/6146 6148/6373/6147
f 6148/6373/6147 6179/6372/6146 6149/6374/6148
f 6149/6374/6148 6179/6372/6146 6150/6375/6149
f 6150/6375/6149 6179/6372/6146 6151/6376/6150
f 6151/6376/6150 6179/6372/6146 6152/6377/6151
f 6152/6377/6151 6179/6372/6146 6153/6378/6152
f 6153/6378/6152 6179/6372/6146 6154/6379/6153
f 6154/6379/6153 6179/6372/6146 6155/6380/6154
f 6155/6380/6154 6179/6372/6146 6156/6381/6155
f 6156/6381/6155 6179/6372/6146 6157/6382/6156
f 6157/6382/6156 6179/6372/6146 6158/6383/6157
f 6158/6383/6157 6179/6372/6146 6159/6384/6158
f 6159/6384/6158 6179/6372/6146 6160/6385/6159
f 6160/6385/6159 6179/6372/6146 6161/6386/6160
f 6161/6386/6160 6179/6372/6146 6162/6387/6161
f 6162/6387/6161 6179/6372/6146 6163/6388/6162
f 6163/6388/6162 6179/6372/6146 6164/6389/6163
f 6164/6389/6163 6179/6372/6146 6165/6390/6164
f 6165/6390/6164 6179/6372/6146 6166/6391/6165
f 6166/6391/6165 6179/6372/6146 6167/6392/6166
f 6167/6392/6166 6179/6372/6146 6168/6393/6167
f 6168/6393/6167 6179/6372/6146 6169/6394/6168
f 6169/6394/6168 6179/6372/6146 6170/6395/6169
f 6170/6395/6169 6179/6372/6146 6171/6396/6170
f 6171/6396/6170 6179/6372/6146 6172/6397/6171
f 6172/6397/6171 6179/6372/6146 6173/6398/6172
f 6173/6398/6172 6179/6372/6146 6174/6399/6173
f 6174/6399/6173 6179/6372/6146 6175/6400/6174
f 6175/6400/6174 6179/6372/6146 6176/6401/6175
f 6176/6401/6175 6179/6372/6146 6177/6402/6176
f 6147/6403/6177 6148/6404/6177 6149/6405/6177 6150/6406/6177 6151/6407/6177 6152/6408/6177 6153/6409/6177 6154/6410/6177 6155/6411/6177 6156/6412/6177 6157/6413/6177 6158/6414/6177 6159/6415/6177 6160/6416/6177 6161/6417/6177 6162/6418/6177 6163/6419/6177 6164/6420/6177 6165/6421/6177 6166/6422/6177 6167/6423/6177 6168/6424/6177 6169/6425/6177 6170/6426/6177 6171/6427/6177 6172/6428/6177 6173/6429/6177 6174/6430/6177 6175/6431/6177 6176/6432/6177 6177/6433/6177 6178/6434/6177
f 6177/6402/6176 6179/6372/6146 6178/6435/6178
f 6178/6435/6178 6179/6372/6146 6147/6371/6145
